referencia,pc1,pc2,lat,lon,area_m2,municipio,uso,tipo_via,nombre_via,numero,direccion,es_residencial,es_asr,error_dnprc
0103402VL0100S,0103402,VL0100S,40.768679,-4.25268,292.0,EL ESPINAR,Agrario,,,,DS DISEMINADO-EL ESPINAR 89 Polígono 1 MATAMAJAL. 40400 EL ESPINAR (SEGOVIA),False,False,
0103403VL0100S,0103403,VL0100S,40.768645,-4.252433,83.0,EL ESPINAR,Agrario,,,,DS DISEMINADO-EL ESPINAR 89(B) 40400 EL ESPINAR (SEGOVIA),False,False,
40087A00100001,40087A0,0100001,40.785871,-4.219512,38123.0,EL ESPINAR,Agrario,,,,Polígono 1 Parcela 1 VENTA DEL HAMBRE. EL ESPINAR (SEGOVIA),False,False,
40087A00100002,40087A0,0100002,40.785091,-4.216966,58543.0,EL ESPINAR,Agrario,,,,Polígono 1 Parcela 2 VENTA DEL HAMBRE. EL ESPINAR (SEGOVIA),False,False,
40087A00100003,40087A0,0100003,40.784279,-4.214229,27828.0,EL ESPINAR,Agrario,,,,Polígono 1 Parcela 3 VENTA DEL HAMBRE. EL ESPINAR (SEGOVIA),False,False,
40087A00100005,40087A0,0100005,40.783017,-4.213094,8839.0,EL ESPINAR,Agrario,,,,Polígono 1 Parcela 5 VENTA DEL HAMBRE. EL ESPINAR (SEGOVIA),False,False,
40087A00100006,40087A0,0100006,40.782608,-4.211957,8984.0,EL ESPINAR,Agrario,,,,Polígono 1 Parcela 6 VENTA DEL HAMBRE. EL ESPINAR (SEGOVIA),False,False,
40087A00100009,40087A0,0100009,40.766644,-4.205501,81584.0,EL ESPINAR,Agrario,,,,Polígono 1 Parcela 9 ARROYO. EL ESPINAR (SEGOVIA),False,False,
40087A00100011,40087A0,0100011,40.770922,-4.20824,97301.0,EL ESPINAR,Agrario,,,,Polígono 1 Parcela 11 ARROYO. EL ESPINAR (SEGOVIA),False,False,
40087A00100012,40087A0,0100012,40.766023,-4.208554,85693.0,EL ESPINAR,Agrario,,,,Polígono 1 Parcela 12 ARROYO. EL ESPINAR (SEGOVIA),False,False,
40087A00100013,40087A0,0100013,40.771016,-4.211106,69463.0,EL ESPINAR,Agrario,,,,Polígono 1 Parcela 13 ARROYO. EL ESPINAR (SEGOVIA),False,False,
40087A00100014,40087A0,0100014,40.765527,-4.215562,684293.0,EL ESPINAR,Agrario,,,,Polígono 1 Parcela 14 ARROYO. EL ESPINAR (SEGOVIA),False,False,
40087A00100015,40087A0,0100015,40.763274,-4.223178,370880.0,EL ESPINAR,Agrario,,,,Polígono 1 Parcela 15 RINCONADA. EL ESPINAR (SEGOVIA),False,False,
40087A00100016,40087A0,0100016,40.764856,-4.228276,305541.0,EL ESPINAR,Agrario,,,,LG MUNICIPIO  Polígono 1 Parcela 16 RINCONADA. 40400 EL ESPINAR (SEGOVIA),False,False,
40087A00100017,40087A0,0100017,40.76271,-4.231796,104072.0,EL ESPINAR,Agrario,,,,LG MUNICIPIO  Polígono 1 Parcela 17 RINCONADA. 40400 EL ESPINAR (SEGOVIA),False,False,
40087A00100018,40087A0,0100018,40.760275,-4.233142,114985.0,EL ESPINAR,Agrario,,,,Polígono 1 Parcela 18 RINCONADA. EL ESPINAR (SEGOVIA),False,False,
40087A00100020,40087A0,0100020,40.767258,-4.239631,149874.0,EL ESPINAR,Agrario,,,,Polígono 1 Parcela 20 RINCONADA. EL ESPINAR (SEGOVIA),False,False,
40087A00100021,40087A0,0100021,40.76393,-4.244083,62567.0,EL ESPINAR,Agrario,,,,Polígono 1 Parcela 21 MOLINO DEL BOSQUE. EL ESPINAR (SEGOVIA),False,False,
40087A00100022,40087A0,0100022,40.76753,-4.244257,109349.0,EL ESPINAR,Agrario,,,,Polígono 1 Parcela 22 EL SAHUQUILLO. EL ESPINAR (SEGOVIA),False,False,
40087A00100023,40087A0,0100023,40.770973,-4.241918,140767.0,EL ESPINAR,Agrario,,,,Polígono 1 Parcela 23 EL SAHUQUILLO. EL ESPINAR (SEGOVIA),False,False,
40087A00100024,40087A0,0100024,40.771013,-4.245124,109589.0,EL ESPINAR,Agrario,,,,Polígono 1 Parcela 24 SAN MIGUEL. EL ESPINAR (SEGOVIA),False,False,
40087A00100025,40087A0,0100025,40.768123,-4.247872,37104.0,EL ESPINAR,Agrario,,,,Polígono 1 Parcela 25 EL CEBADERO. EL ESPINAR (SEGOVIA),False,False,
40087A00100026,40087A0,0100026,40.766983,-4.250102,25120.0,EL ESPINAR,Agrario,,,,Polígono 1 Parcela 26 EL CEBADERO. EL ESPINAR (SEGOVIA),False,False,
40087A00100027,40087A0,0100027,40.768634,-4.249682,33929.0,EL ESPINAR,Agrario,,,,Polígono 1 Parcela 27 EL CEBADERO. EL ESPINAR (SEGOVIA),False,False,
40087A00100028,40087A0,0100028,40.768389,-4.248889,25189.0,EL ESPINAR,Agrario,,,,Polígono 1 Parcela 28 EL CEBADERO. EL ESPINAR (SEGOVIA),False,False,
40087A00100029,40087A0,0100029,40.7703,-4.24802,10816.0,EL ESPINAR,Agrario,,,,Polígono 1 Parcela 29 EL CEBADERO. EL ESPINAR (SEGOVIA),False,False,
40087A00100030,40087A0,0100030,40.77172,-4.249325,13691.0,EL ESPINAR,Agrario,,,,Polígono 1 Parcela 30 LA LOSA. EL ESPINAR (SEGOVIA),False,False,
40087A00100031,40087A0,0100031,40.775053,-4.250339,371287.0,EL ESPINAR,Agrario,,,,Polígono 1 Parcela 31 LA LOSA. EL ESPINAR (SEGOVIA),False,False,
40087A00100032,40087A0,0100032,40.773196,-4.255574,413266.0,EL ESPINAR,Agrario,,,,Suelo Polígono 1 Parcela 32 LA LOSA. EL ESPINAR (SEGOVIA),False,False,
40087A00100033,40087A0,0100033,40.770055,-4.261173,586422.0,EL ESPINAR,Agrario,,,,Polígono 1 Parcela 33 EL CALOQUILLO. EL ESPINAR (SEGOVIA),False,False,
40087A00100035,40087A0,0100035,40.763598,-4.255065,159025.0,EL ESPINAR,Agrario,,,,Polígono 1 Parcela 35 MATAMAJAL. EL ESPINAR (SEGOVIA),False,False,
40087A00100036,40087A0,0100036,40.762207,-4.25367,49594.0,EL ESPINAR,Agrario,,,,Polígono 1 Parcela 36 MATAMAJAL. EL ESPINAR (SEGOVIA),False,False,
40087A00100037,40087A0,0100037,40.76626,-4.252829,14559.0,EL ESPINAR,Agrario,,,,Polígono 1 Parcela 37 MATAMAJAL. EL ESPINAR (SEGOVIA),False,False,
40087A00100038,40087A0,0100038,40.765736,-4.25009,51409.0,EL ESPINAR,Agrario,,,,Polígono 1 Parcela 38 MATAMAJAL. EL ESPINAR (SEGOVIA),False,False,
40087A00100039,40087A0,0100039,40.764692,-4.246731,42884.0,EL ESPINAR,Agrario,,,,Polígono 1 Parcela 39 MOLINO NUEVO. EL ESPINAR (SEGOVIA),False,False,
40087A00100040,40087A0,0100040,40.762324,-4.248059,174637.0,EL ESPINAR,Agrario,,,,Polígono 1 Parcela 40 MOLINO DEL BOSQUE. EL ESPINAR (SEGOVIA),False,False,
40087A00100041,40087A0,0100041,40.764239,-4.250959,45552.0,EL ESPINAR,Agrario,,,,Polígono 1 Parcela 41 MATAMAJAL. EL ESPINAR (SEGOVIA),False,False,
40087A00100042,40087A0,0100042,40.762051,-4.251558,22690.0,EL ESPINAR,Agrario,,,,Polígono 1 Parcela 42 MATAMAJAL. EL ESPINAR (SEGOVIA),False,False,
40087A00100043,40087A0,0100043,40.760206,-4.248914,43002.0,EL ESPINAR,Agrario,,,,Polígono 1 Parcela 43 CERCA. EL ESPINAR (SEGOVIA),False,False,
40087A00100044,40087A0,0100044,40.759572,-4.250882,20232.0,EL ESPINAR,Agrario,,,,Polígono 1 Parcela 44 CERCA. EL ESPINAR (SEGOVIA),False,False,
40087A00100045,40087A0,0100045,40.759285,-4.247835,27577.0,EL ESPINAR,Agrario,,,,Polígono 1 Parcela 45 CERCA. EL ESPINAR (SEGOVIA),False,False,
40087A00100046,40087A0,0100046,40.762341,-4.244829,519079.0,EL ESPINAR,Agrario,,,,LG MUNICIPIO  Polígono 1 Parcela 46 LA RINCONADA. 40400 EL ESPINAR (SEGOVIA),False,False,
40087A00100052,40087A0,0100052,40.757906,-4.224985,640539.0,EL ESPINAR,Agrario,,,,LG MUNICIPIO  Polígono 1 Parcela 52 RINCONADA. 40400 EL ESPINAR (SEGOVIA),False,False,
40087A00100053,40087A0,0100053,40.756234,-4.2182,455564.0,EL ESPINAR,Agrario,,,,Polígono 1 Parcela 53 LA RINCONADA. EL ESPINAR (SEGOVIA),False,False,
40087A00100054,40087A0,0100054,40.754076,-4.214651,179600.0,EL ESPINAR,Agrario,,,,Polígono 1 Parcela 54 CASERIO. EL ESPINAR (SEGOVIA),False,False,
40087A00100146,40087A0,0100146,40.756428,-4.256158,523086.0,EL ESPINAR,Agrario,,,,LG MUNICIPIO  Polígono 1 Parcela 146 CERCA DEL ROMO. 40400 EL ESPINAR (SEGOVIA),False,False,
40087A00100147,40087A0,0100147,40.75611,-4.254703,41011.0,EL ESPINAR,Agrario,,,,LG MUNICIPIO  Polígono 1 Parcela 147 0114701VL0101S CERCA DEL ROMO. 40400 EL ESPINAR (SEGOVIA),False,False,
40087A00100148,40087A0,0100148,40.758045,-4.253636,24188.0,EL ESPINAR,Agrario,,,,Polígono 1 Parcela 148 CERCA DEL ROMO. EL ESPINAR (SEGOVIA),False,False,
40087A00100149,40087A0,0100149,40.757188,-4.251281,142112.0,EL ESPINAR,Agrario,,,,LG MUNICIPIO  Polígono 1 Parcela 149 PRADO PASADERAS. 40400 EL ESPINAR (SEGOVIA),False,False,
40087A00100154,40087A0,0100154,40.757365,-4.247041,87289.0,EL ESPINAR,Agrario,,,,Polígono 1 Parcela 154 CEPO NEGRILLO. EL ESPINAR (SEGOVIA),False,False,
40087A00100155,40087A0,0100155,40.755922,-4.243077,456737.0,EL ESPINAR,Agrario,,,,LG MUNICIPIO  Polígono 1 Parcela 155 CEPO NEGRILLO. 40400 EL ESPINAR (SEGOVIA),False,False,
40087A00100162,40087A0,0100162,40.754769,-4.237077,355652.0,EL ESPINAR,Agrario,,,,Polígono 1 Parcela 162 PEÑA EL SOMBRERO. EL ESPINAR (SEGOVIA),False,False,
40087A00100242,40087A0,0100242,40.756252,-4.248765,14279.0,EL ESPINAR,Agrario,,,,Polígono 1 Parcela 242 PRADO PASADERAS. EL ESPINAR (SEGOVIA),False,False,
40087A00100258,40087A0,0100258,40.767529,-4.246657,106.0,EL ESPINAR,Industrial agrario,,,,Polígono 1 Parcela 258 MOLINO DEL SAHUQUILLO. EL ESPINAR (SEGOVIA),False,False,
40087A00100260,40087A0,0100260,40.767891,-4.254654,117252.0,EL ESPINAR,Agrario,,,,LG MUNICIPIO  Polígono 1 Parcela 260 MATAMAJAL. 40400 EL ESPINAR (SEGOVIA),False,False,
40087A00100288,40087A0,0100288,40.768848,-4.252451,90.0,EL ESPINAR,Agrario,,,,LG MUNICIPIO  Polígono 1 Parcela 288 MATAMAJAL. EL ESPINAR (SEGOVIA),False,False,
40087A00100289,40087A0,0100289,40.76886,-4.252351,63.0,EL ESPINAR,Agrario,,,,Polígono 1 Parcela 289 MATAMAJAL. EL ESPINAR (SEGOVIA),False,False,
40087A00100290,40087A0,0100290,40.768886,-4.252127,282.0,EL ESPINAR,Agrario,,,,Polígono 1 Parcela 290 MATAMAJAL. EL ESPINAR (SEGOVIA),False,False,
40087A00100291,40087A0,0100291,40.768924,-4.251803,216.0,EL ESPINAR,Agrario,,,,Polígono 1 Parcela 291 MATAMAJAL. EL ESPINAR (SEGOVIA),False,False,
40087A00100292,40087A0,0100292,40.768957,-4.251522,216.0,EL ESPINAR,Agrario,,,,Polígono 1 Parcela 292 MATAMAJAL. EL ESPINAR (SEGOVIA),False,False,
40087A00109010,40087A0,0109010,40.758827,-4.211278,9323.0,EL ESPINAR,Agrario,,,,Polígono 1 Parcela 9010 DESCUENTOS. EL ESPINAR (SEGOVIA),False,False,
40087A00109013,40087A0,0109013,40.78488,-4.213436,83373.0,EL ESPINAR,Agrario,,,,Polígono 1 Parcela 9013 AUTOPISTA AP-61. EL ESPINAR (SEGOVIA),False,False,
40087A00109029,40087A0,0109029,40.777891,-4.249392,46330.0,EL ESPINAR,Agrario,,,,Polígono 1 Parcela 9029 RIO MOROS. EL ESPINAR (SEGOVIA),False,False,
40087A00109030,40087A0,0109030,40.757672,-4.212264,88025.0,EL ESPINAR,Agrario,,,,Polígono 1 Parcela 9030 AUTOPISTA AP-61. EL ESPINAR (SEGOVIA),False,False,
40087A00109044,40087A0,0109044,40.739644,-4.231501,65406.0,EL ESPINAR,Agrario,,,,Polígono 1 Parcela 9044 CARRETERA SG-P-7225. EL ESPINAR (SEGOVIA),False,False,
40087A00109049,40087A0,0109049,40.757384,-4.212291,51741.0,EL ESPINAR,Agrario,,,,Polígono 1 Parcela 9049 AUTOPISTA AP-61. EL ESPINAR (SEGOVIA),False,False,
40087A00109051,40087A0,0109051,40.78546,-4.212221,43130.0,EL ESPINAR,Agrario,,,,Polígono 1 Parcela 9051 CARRETERA N-603. EL ESPINAR (SEGOVIA),False,False,
40087A00109052,40087A0,0109052,40.759607,-4.211272,3954.0,EL ESPINAR,Agrario,,,,Polígono 1 Parcela 9052 DESCUENTOS. EL ESPINAR (SEGOVIA),False,False,
40087A00109053,40087A0,0109053,40.760135,-4.211226,1648.0,EL ESPINAR,Agrario,,,,Polígono 1 Parcela 9053 DESCUENTOS. EL ESPINAR (SEGOVIA),False,False,
40087A00109056,40087A0,0109056,40.784957,-4.211987,13753.0,EL ESPINAR,Agrario,,,,Polígono 1 Parcela 9056 CARRETERA N-603. EL ESPINAR (SEGOVIA),False,False,
40087A00109057,40087A0,0109057,40.777412,-4.256781,769.0,EL ESPINAR,Agrario,,,,Polígono 1 Parcela 9057 DESCUENTOS. EL ESPINAR (SEGOVIA),False,False,
40087A00109058,40087A0,0109058,40.777436,-4.251171,124.0,EL ESPINAR,Agrario,,,,Polígono 1 Parcela 9058 DESCUENTOS. EL ESPINAR (SEGOVIA),False,False,
40087A00109062,40087A0,0109062,40.77384,-4.253337,26620.0,EL ESPINAR,Agrario,,,,Polígono 1 Parcela 9062 VEREDA DE VEGAS DE MATUTE. EL ESPINAR (SEGOVIA),False,False,
40087A00109063,40087A0,0109063,40.749987,-4.287084,371617.0,EL ESPINAR,Agrario,,,,Polígono 1 Parcela 9063 CAÑADA REAL SORIANA OCCIDENTAL. EL ESPINAR (SEGOVIA),False,False,
40087A00109065,40087A0,0109065,40.785918,-4.221599,12653.0,EL ESPINAR,Agrario,,,,Polígono 1 Parcela 9065 DESCUENTOS. EL ESPINAR (SEGOVIA),False,False,
40087A00109069,40087A0,0109069,40.767558,-4.205443,5794.0,EL ESPINAR,Agrario,,,,Polígono 1 Parcela 9069 ARROYO DE LA CABRA. EL ESPINAR (SEGOVIA),False,False,
40087A00109071,40087A0,0109071,40.758616,-4.211188,18311.0,EL ESPINAR,Agrario,,,,Polígono 1 Parcela 9071 CARRETERA N-603. EL ESPINAR (SEGOVIA),False,False,
40087A00109072,40087A0,0109072,40.761982,-4.210791,7462.0,EL ESPINAR,Agrario,,,,Polígono 1 Parcela 9072 DESCUENTOS. EL ESPINAR (SEGOVIA),False,False,
40087A00109093,40087A0,0109093,40.7539,-4.252457,67268.0,EL ESPINAR,Agrario,,,,Polígono 1 Parcela 9093 CAÑADA REAL SORIANA OCCIDENTAL. EL ESPINAR (SEGOVIA),False,False,
40087A00109094,40087A0,0109094,40.764565,-4.248746,24165.0,EL ESPINAR,Agrario,,,,Polígono 1 Parcela 9094 VEREDA DE LA RINCONADA. EL ESPINAR (SEGOVIA),False,False,
40087A00109095,40087A0,0109095,40.766098,-4.247629,103491.0,EL ESPINAR,Agrario,,,,Polígono 1 Parcela 9095 VEREDA DE LA RINCONADA. EL ESPINAR (SEGOVIA),False,False,
40087A00109097,40087A0,0109097,40.759962,-4.210995,68272.0,EL ESPINAR,Agrario,,,,Polígono 1 Parcela 9097 AUTOPISTA AP-61. EL ESPINAR (SEGOVIA),False,False,
40087A00109100,40087A0,0109100,40.741309,-4.252279,19623.0,EL ESPINAR,Agrario,,,,Polígono 1 Parcela 9100 ARROYO ARENALES. EL ESPINAR (SEGOVIA),False,False,
40087A00109523,40087A0,0109523,40.7818,-4.209893,37047.0,EL ESPINAR,Agrario,,,,Polígono 1 Parcela 9523 AUTOPISTA AP-61. EL ESPINAR (SEGOVIA),False,False,
40087A00109524,40087A0,0109524,40.7846,-4.211055,12312.0,EL ESPINAR,Agrario,,,,Polígono 1 Parcela 9524 FERROCARRIL VILLALBA-SEGOVIA. EL ESPINAR (SEGOVIA),False,False,
40087A00115012,40087A0,0115012,40.768348,-4.209906,5386.0,EL ESPINAR,Agrario,,,,Polígono 1 Parcela 15012 ARROYO. EL ESPINAR (SEGOVIA),False,False,
40087A00115014,40087A0,0115014,40.762296,-4.211715,90558.0,EL ESPINAR,Agrario,,,,Polígono 1 Parcela 15014 ARROYO. EL ESPINAR (SEGOVIA),False,False,
40087A00200009,40087A0,0200009,40.78494,-4.209534,90960.0,EL ESPINAR,Agrario,,,,Polígono 2 Parcela 9 VENTA DEL HAMBRE. EL ESPINAR (SEGOVIA),False,False,
40087A00209016,40087A0,0209016,40.781545,-4.209244,104741.0,EL ESPINAR,Agrario,,,,Polígono 2 Parcela 9016 FERROCARRIL VILLALBA-SEGOVIA. EL ESPINAR (SEGOVIA),False,False,
40087A00209505,40087A0,0209505,40.7801,-4.207889,40329.0,EL ESPINAR,Agrario,,,,Polígono 2 Parcela 9505 CORDEL DE GANADOS. EL ESPINAR (SEGOVIA),False,False,
40087A01300002,40087A0,1300002,40.764249,-4.203121,631695.0,EL ESPINAR,Agrario,,,,Polígono 13 Parcela 2 CABRA. EL ESPINAR (SEGOVIA),False,False,
40087A01309016,40087A0,1309016,40.758804,-4.211098,20400.0,EL ESPINAR,Agrario,,,,Polígono 13 Parcela 9016 CARRETERA N-603. EL ESPINAR (SEGOVIA),False,False,
40087A01309019,40087A0,1309019,40.758024,-4.210929,59605.0,EL ESPINAR,Agrario,,,,Polígono 13 Parcela 9019 CARRETERA N-603. EL ESPINAR (SEGOVIA),False,False,
40087A01310002,40087A0,1310002,40.759834,-4.205246,142694.0,EL ESPINAR,Agrario,,,,Polígono 13 Parcela 10002 CABRA. EL ESPINAR (SEGOVIA),False,False,
40087A01320002,40087A0,1320002,40.756791,-4.20614,315368.0,EL ESPINAR,Agrario,,,,Polígono 13 Parcela 20002 CABRA. EL ESPINAR (SEGOVIA),False,False,
40178A01005065,40178A0,1005065,40.804285,-4.212742,79639.0,OTERO DE HERREROS,Agrario,,,,Polígono 10 Parcela 5065 NAVA. OTERO DE HERREROS (SEGOVIA),False,False,
40178A01005066,40178A0,1005066,40.804595,-4.211125,77370.0,OTERO DE HERREROS,Agrario,,,,Polígono 10 Parcela 5066 NAVA. OTERO DE HERREROS (SEGOVIA),False,False,
40178A01009014,40178A0,1009014,40.804977,-4.223694,4437.0,OTERO DE HERREROS,Agrario,,,,Polígono 10 Parcela 9014 VARIOS. OTERO DE HERREROS (SEGOVIA),False,False,
40178A01009015,40178A0,1009015,40.800933,-4.210371,22017.0,OTERO DE HERREROS,Agrario,,,,Polígono 10 Parcela 9015 VARIOS. OTERO DE HERREROS (SEGOVIA),False,False,
40178A01009100,40178A0,1009100,40.802891,-4.210611,38714.0,OTERO DE HERREROS,Agrario,,,,Polígono 10 Parcela 9100 NAVA. OTERO DE HERREROS (SEGOVIA),False,False,
40178A01015067,40178A0,1015067,40.801488,-4.211067,8114.0,OTERO DE HERREROS,Agrario,,,,Polígono 10 Parcela 15067 NAVA. OTERO DE HERREROS (SEGOVIA),False,False,
40178A01305001,40178A0,1305001,40.803312,-4.243812,243593.0,OTERO DE HERREROS,Agrario,,,,Polígono 13 Parcela 5001 MONTE. OTERO DE HERREROS (SEGOVIA),False,False,
40178A01305002,40178A0,1305002,40.800961,-4.241278,48119.0,OTERO DE HERREROS,Agrario,,,,Polígono 13 Parcela 5002 MONTE. OTERO DE HERREROS (SEGOVIA),False,False,
40178A01305003,40178A0,1305003,40.800646,-4.238901,36615.0,OTERO DE HERREROS,Agrario,,,,Polígono 13 Parcela 5003 CABRERIZAS. OTERO DE HERREROS (SEGOVIA),False,False,
40178A01305004,40178A0,1305004,40.801048,-4.237722,4560.0,OTERO DE HERREROS,Agrario,,,,Polígono 13 Parcela 5004 ORGANO. OTERO DE HERREROS (SEGOVIA),False,False,
40178A01305005,40178A0,1305005,40.801215,-4.237581,5623.0,OTERO DE HERREROS,Agrario,,,,Polígono 13 Parcela 5005 ORGANO. OTERO DE HERREROS (SEGOVIA),False,False,
40178A01305006,40178A0,1305006,40.801358,-4.237335,5850.0,OTERO DE HERREROS,Agrario,,,,Polígono 13 Parcela 5006 ORGANO. OTERO DE HERREROS (SEGOVIA),False,False,
40178A01305007,40178A0,1305007,40.801421,-4.236881,5807.0,OTERO DE HERREROS,Agrario,,,,Polígono 13 Parcela 5007 ORGANO. OTERO DE HERREROS (SEGOVIA),False,False,
40178A01305011,40178A0,1305011,40.801623,-4.235442,6235.0,OTERO DE HERREROS,Agrario,,,,Polígono 13 Parcela 5011 ORGANO. OTERO DE HERREROS (SEGOVIA),False,False,
40178A01305036,40178A0,1305036,40.799535,-4.240395,38515.0,OTERO DE HERREROS,Agrario,,,,Polígono 13 Parcela 5036 CABRERIZAS. OTERO DE HERREROS (SEGOVIA),False,False,
40178A01309008,40178A0,1309008,40.799747,-4.242764,5121.0,OTERO DE HERREROS,Agrario,,,,Polígono 13 Parcela 9008 VARIOS. OTERO DE HERREROS (SEGOVIA),False,False,
40178A01309009,40178A0,1309009,40.801115,-4.246429,13065.0,OTERO DE HERREROS,Agrario,,,,Polígono 13 Parcela 9009 VARIOS. OTERO DE HERREROS (SEGOVIA),False,False,
40178A01309011,40178A0,1309011,40.802327,-4.238777,4640.0,OTERO DE HERREROS,Agrario,,,,Polígono 13 Parcela 9011 VARIOS. OTERO DE HERREROS (SEGOVIA),False,False,
40178A01405008,40178A0,1405008,40.791391,-4.238128,32568.0,OTERO DE HERREROS,,,,,,False,False,
40178A01405017,40178A0,1405017,40.792344,-4.242036,12198.0,OTERO DE HERREROS,Agrario,,,,Polígono 14 Parcela 5017 CABRERIZA Y VEGA. OTERO DE HERREROS (SEGOVIA),False,False,
40178A01405019,40178A0,1405019,40.791466,-4.246445,11747.0,OTERO DE HERREROS,Agrario,,,,Polígono 14 Parcela 5019 QUEMADO. OTERO DE HERREROS (SEGOVIA),False,False,
40178A01405021,40178A0,1405021,40.789609,-4.246975,6320.0,OTERO DE HERREROS,Agrario,,,,Polígono 14 Parcela 5021 QUEMADO. OTERO DE HERREROS (SEGOVIA),False,False,
40178A01405022,40178A0,1405022,40.789781,-4.242635,6883.0,OTERO DE HERREROS,Agrario,,,,Polígono 14 Parcela 5022 QUEMADO. OTERO DE HERREROS (SEGOVIA),False,False,
40178A01405023,40178A0,1405023,40.789533,-4.246556,6775.0,OTERO DE HERREROS,Agrario,,,,Polígono 14 Parcela 5023 QUEMADO. OTERO DE HERREROS (SEGOVIA),False,False,
40178A01405024,40178A0,1405024,40.789382,-4.246065,7055.0,OTERO DE HERREROS,Agrario,,,,Polígono 14 Parcela 5024 QUEMADO. OTERO DE HERREROS (SEGOVIA),False,False,
40178A01405025,40178A0,1405025,40.789407,-4.245626,4577.0,OTERO DE HERREROS,Agrario,,,,Polígono 14 Parcela 5025 QUEMADO. OTERO DE HERREROS (SEGOVIA),False,False,
40178A01405026,40178A0,1405026,40.789405,-4.245261,4473.0,OTERO DE HERREROS,Agrario,,,,Polígono 14 Parcela 5026 QUEMADO. OTERO DE HERREROS (SEGOVIA),False,False,
40178A01405027,40178A0,1405027,40.789448,-4.244847,4968.0,OTERO DE HERREROS,Agrario,,,,Polígono 14 Parcela 5027 QUEMADO. OTERO DE HERREROS (SEGOVIA),False,False,
40178A01405028,40178A0,1405028,40.789415,-4.24439,4482.0,OTERO DE HERREROS,Agrario,,,,Polígono 14 Parcela 5028 QUEMADO. OTERO DE HERREROS (SEGOVIA),False,False,
40178A01405029,40178A0,1405029,40.789452,-4.243886,4783.0,OTERO DE HERREROS,Agrario,,,,Polígono 14 Parcela 5029 QUEMADO. OTERO DE HERREROS (SEGOVIA),False,False,
40178A01405030,40178A0,1405030,40.789449,-4.243318,5018.0,OTERO DE HERREROS,Agrario,,,,Polígono 14 Parcela 5030 QUEMADO. OTERO DE HERREROS (SEGOVIA),False,False,
40178A01405031,40178A0,1405031,40.78998,-4.241764,6197.0,OTERO DE HERREROS,Agrario,,,,Polígono 14 Parcela 5031 QUEMADO. OTERO DE HERREROS (SEGOVIA),False,False,
40178A01405032,40178A0,1405032,40.790063,-4.240901,8067.0,OTERO DE HERREROS,Agrario,,,,Polígono 14 Parcela 5032 QUEMADO. OTERO DE HERREROS (SEGOVIA),False,False,
40178A01405033,40178A0,1405033,40.790233,-4.240248,3721.0,OTERO DE HERREROS,Agrario,,,,Polígono 14 Parcela 5033 CEMELLON. OTERO DE HERREROS (SEGOVIA),False,False,
40178A01405034,40178A0,1405034,40.791135,-4.247344,5850.0,OTERO DE HERREROS,Agrario,,,,Polígono 14 Parcela 5034 QUEMADO. OTERO DE HERREROS (SEGOVIA),False,False,
40178A01405035,40178A0,1405035,40.790651,-4.246562,3677.0,OTERO DE HERREROS,Agrario,,,,Polígono 14 Parcela 5035 QUEMADO. OTERO DE HERREROS (SEGOVIA),False,False,
40178A01405036,40178A0,1405036,40.792021,-4.246606,14946.0,OTERO DE HERREROS,Agrario,,,,Polígono 14 Parcela 5036 QUEMADO. OTERO DE HERREROS (SEGOVIA),False,False,
40178A01405037,40178A0,1405037,40.792408,-4.244268,26349.0,OTERO DE HERREROS,Agrario,,,,Polígono 14 Parcela 5037 QUEMADO. OTERO DE HERREROS (SEGOVIA),False,False,
40178A01405038,40178A0,1405038,40.79214,-4.242728,6887.0,OTERO DE HERREROS,Agrario,,,,Polígono 14 Parcela 5038 QUEMADO. OTERO DE HERREROS (SEGOVIA),False,False,
40178A01405039,40178A0,1405039,40.793225,-4.244344,1690.0,OTERO DE HERREROS,Agrario,,,,Polígono 14 Parcela 5039 QUEMADO. OTERO DE HERREROS (SEGOVIA),False,False,
40178A01405040,40178A0,1405040,40.792707,-4.245225,2047.0,OTERO DE HERREROS,Agrario,,,,Polígono 14 Parcela 5040 QUEMADO. OTERO DE HERREROS (SEGOVIA),False,False,
40178A01405041,40178A0,1405041,40.791211,-4.242788,2279.0,OTERO DE HERREROS,Agrario,,,,Polígono 14 Parcela 5041 CABRERIZA Y VEGA. OTERO DE HERREROS (SEGOVIA),False,False,
40178A01405042,40178A0,1405042,40.790917,-4.242778,2560.0,OTERO DE HERREROS,Agrario,,,,Polígono 14 Parcela 5042 QUEMADO. OTERO DE HERREROS (SEGOVIA),False,False,
40178A01405043,40178A0,1405043,40.790369,-4.243313,12542.0,OTERO DE HERREROS,Agrario,,,,Polígono 14 Parcela 5043 QUEMADO. OTERO DE HERREROS (SEGOVIA),False,False,
40178A01405044,40178A0,1405044,40.791399,-4.245074,7247.0,OTERO DE HERREROS,Agrario,,,,Polígono 14 Parcela 5044 QUEMADO. OTERO DE HERREROS (SEGOVIA),False,False,
40178A01405045,40178A0,1405045,40.79061,-4.245748,10678.0,OTERO DE HERREROS,Agrario,,,,Polígono 14 Parcela 5045 QUEMADO. OTERO DE HERREROS (SEGOVIA),False,False,
40178A01405046,40178A0,1405046,40.79055,-4.244727,10467.0,OTERO DE HERREROS,Agrario,,,,Polígono 14 Parcela 5046 QUEMADO. OTERO DE HERREROS (SEGOVIA),False,False,
40178A01405047,40178A0,1405047,40.790905,-4.243761,4327.0,OTERO DE HERREROS,Agrario,,,,Polígono 14 Parcela 5047 QUEMADO. OTERO DE HERREROS (SEGOVIA),False,False,
40178A01405048,40178A0,1405048,40.791265,-4.243783,2985.0,OTERO DE HERREROS,Agrario,,,,Polígono 14 Parcela 5048 QUEMADO. OTERO DE HERREROS (SEGOVIA),False,False,
40178A01405049,40178A0,1405049,40.790964,-4.240987,7884.0,OTERO DE HERREROS,Agrario,,,,Polígono 14 Parcela 5049 QUEMADO. OTERO DE HERREROS (SEGOVIA),False,False,
40178A01405050,40178A0,1405050,40.791547,-4.243801,2714.0,OTERO DE HERREROS,Agrario,,,,Polígono 14 Parcela 5050 QUEMADO. OTERO DE HERREROS (SEGOVIA),False,False,
40178A01405051,40178A0,1405051,40.791614,-4.242403,7572.0,OTERO DE HERREROS,Agrario,,,,Polígono 14 Parcela 5051 QUEMADO. OTERO DE HERREROS (SEGOVIA),False,False,
40178A01405052,40178A0,1405052,40.791134,-4.241894,5075.0,OTERO DE HERREROS,Agrario,,,,Polígono 14 Parcela 5052 QUEMADO. OTERO DE HERREROS (SEGOVIA),False,False,
40178A01405053,40178A0,1405053,40.790632,-4.241649,1976.0,OTERO DE HERREROS,Agrario,,,,Polígono 14 Parcela 5053 QUEMADO. OTERO DE HERREROS (SEGOVIA),False,False,
40178A01405054,40178A0,1405054,40.790573,-4.24208,1799.0,OTERO DE HERREROS,Agrario,,,,Polígono 14 Parcela 5054 QUEMADO. OTERO DE HERREROS (SEGOVIA),False,False,
40178A01405057,40178A0,1405057,40.790513,-4.2393,12018.0,OTERO DE HERREROS,Deportivo,,,,Polígono 14 Parcela 5057 QUEMADO. OTERO DE HERREROS (SEGOVIA),False,False,
40178A01405059,40178A0,1405059,40.791612,-4.240545,5555.0,OTERO DE HERREROS,Agrario,,,,Polígono 14 Parcela 5059 QUEMADO. OTERO DE HERREROS (SEGOVIA),False,False,
40178A01405072,40178A0,1405072,40.791512,-4.238757,5890.0,OTERO DE HERREROS,Agrario,,,,Polígono 14 Parcela 5072 QUEMADO. OTERO DE HERREROS (SEGOVIA),False,False,
40178A01405076,40178A0,1405076,40.789443,-4.241925,2989.0,OTERO DE HERREROS,Agrario,,,,Polígono 14 Parcela 5076 QUEMADO. OTERO DE HERREROS (SEGOVIA),False,False,
40178A01505001,40178A0,1505001,40.794871,-4.229308,4173.0,OTERO DE HERREROS,Agrario,,,,Polígono 15 Parcela 5001 NAVANDRINAL. OTERO DE HERREROS (SEGOVIA),False,False,
40178A01505002,40178A0,1505002,40.794127,-4.228176,2441.0,OTERO DE HERREROS,Agrario,,,,Polígono 15 Parcela 5002 EL GUIJO. OTERO DE HERREROS (SEGOVIA),False,False,
40178A01505003,40178A0,1505003,40.792789,-4.22713,3381.0,OTERO DE HERREROS,Agrario,,,,Polígono 15 Parcela 5003 NAVANDRINAL. OTERO DE HERREROS (SEGOVIA),False,False,
40178A01505004,40178A0,1505004,40.794395,-4.227598,41207.0,OTERO DE HERREROS,Agrario,,,,Polígono 15 Parcela 5004 NAVANDRINAL. OTERO DE HERREROS (SEGOVIA),False,False,
40178A01505005,40178A0,1505005,40.795656,-4.226692,31180.0,OTERO DE HERREROS,Agrario,,,,Polígono 15 Parcela 5005 EL REGUERO. OTERO DE HERREROS (SEGOVIA),False,False,
40178A01505006,40178A0,1505006,40.796854,-4.22705,13640.0,OTERO DE HERREROS,Agrario,,,,Polígono 15 Parcela 5006 HONTANARES. OTERO DE HERREROS (SEGOVIA),False,False,
40178A01505007,40178A0,1505007,40.796502,-4.225603,10886.0,OTERO DE HERREROS,Agrario,,,,Polígono 15 Parcela 5007 HONTANARES. OTERO DE HERREROS (SEGOVIA),False,False,
40178A01505008,40178A0,1505008,40.797012,-4.224878,7508.0,OTERO DE HERREROS,Agrario,,,,Polígono 15 Parcela 5008 HONTANARES. OTERO DE HERREROS (SEGOVIA),False,False,
40178A01505009,40178A0,1505009,40.797441,-4.22133,11313.0,OTERO DE HERREROS,Agrario,,,,Polígono 15 Parcela 5009 EL GUIJAR. OTERO DE HERREROS (SEGOVIA),False,False,
40178A01505010,40178A0,1505010,40.796734,-4.220642,11312.0,OTERO DE HERREROS,Agrario,,,,Polígono 15 Parcela 5010 EL GUIJAR. OTERO DE HERREROS (SEGOVIA),False,False,
40178A01505012,40178A0,1505012,40.795223,-4.222768,108195.0,OTERO DE HERREROS,Agrario,,,,Polígono 15 Parcela 5012 EL GUIJAR. OTERO DE HERREROS (SEGOVIA),False,False,
40178A01505013,40178A0,1505013,40.794035,-4.225052,39979.0,OTERO DE HERREROS,Agrario,,,,Polígono 15 Parcela 5013 EL GUIJAR. OTERO DE HERREROS (SEGOVIA),False,False,
40178A01505014,40178A0,1505014,40.793051,-4.225463,2884.0,OTERO DE HERREROS,Agrario,,,,Polígono 15 Parcela 5014 EL GUIJAR. OTERO DE HERREROS (SEGOVIA),False,False,
40178A01505015,40178A0,1505015,40.792372,-4.224861,20855.0,OTERO DE HERREROS,Agrario,,,,Polígono 15 Parcela 5015 EL GUIJAR. OTERO DE HERREROS (SEGOVIA),False,False,
40178A01505016,40178A0,1505016,40.793352,-4.223053,16353.0,OTERO DE HERREROS,Agrario,,,,Polígono 15 Parcela 5016 QUEMADO. OTERO DE HERREROS (SEGOVIA),False,False,
40178A01505017,40178A0,1505017,40.794778,-4.218973,8295.0,OTERO DE HERREROS,Agrario,,,,Polígono 15 Parcela 5017 MEADERO DE LOS MACHOS. OTERO DE HERREROS (SEGOVIA),False,False,
40178A01505018,40178A0,1505018,40.794178,-4.219205,4247.0,OTERO DE HERREROS,Agrario,,,,Polígono 15 Parcela 5018 MEADERO DE LOS MACHOS. OTERO DE HERREROS (SEGOVIA),False,False,
40178A01505019,40178A0,1505019,40.793793,-4.219286,2212.0,OTERO DE HERREROS,Agrario,,,,Polígono 15 Parcela 5019 MEADERO DE LOS MACHOS. OTERO DE HERREROS (SEGOVIA),False,False,
40178A01505020,40178A0,1505020,40.793537,-4.219381,1442.0,OTERO DE HERREROS,Agrario,,,,Polígono 15 Parcela 5020 MEADERO DE LOS MACHOS. OTERO DE HERREROS (SEGOVIA),False,False,
40178A01505021,40178A0,1505021,40.793046,-4.221133,20180.0,OTERO DE HERREROS,Agrario,,,,Polígono 15 Parcela 5021 MEADERO DE LOS MACHOS. OTERO DE HERREROS (SEGOVIA),False,False,
40178A01505024,40178A0,1505024,40.792481,-4.218506,7313.0,OTERO DE HERREROS,Agrario,,,,Polígono 15 Parcela 5024 MEADERO DE LOS MACHOS. OTERO DE HERREROS (SEGOVIA),False,False,
40178A01505025,40178A0,1505025,40.79304,-4.218517,6905.0,OTERO DE HERREROS,Agrario,,,,Polígono 15 Parcela 5025 MEADERO DE LOS MACHOS. OTERO DE HERREROS (SEGOVIA),False,False,
40178A01505026,40178A0,1505026,40.793892,-4.218336,9156.0,OTERO DE HERREROS,Agrario,,,,Polígono 15 Parcela 5026 MEADERO DE LOS MACHOS. OTERO DE HERREROS (SEGOVIA),False,False,
40178A01505027,40178A0,1505027,40.793472,-4.217826,3371.0,OTERO DE HERREROS,Agrario,,,,Polígono 15 Parcela 5027 MEADERO DE LOS MACHOS. OTERO DE HERREROS (SEGOVIA),False,False,
40178A01505028,40178A0,1505028,40.793089,-4.217335,4553.0,OTERO DE HERREROS,Agrario,,,,Polígono 15 Parcela 5028 MEADERO DE LOS MACHOS. OTERO DE HERREROS (SEGOVIA),False,False,
40178A01505029,40178A0,1505029,40.792604,-4.217607,3793.0,OTERO DE HERREROS,Agrario,,,,Polígono 15 Parcela 5029 MEADERO DE LOS MACHOS. OTERO DE HERREROS (SEGOVIA),False,False,
40178A01505030,40178A0,1505030,40.792045,-4.21764,643.0,OTERO DE HERREROS,Agrario,,,,Polígono 15 Parcela 5030 MEADERO DE LOS MACHOS. OTERO DE HERREROS (SEGOVIA),False,False,
40178A01505031,40178A0,1505031,40.791427,-4.218178,3132.0,OTERO DE HERREROS,Agrario,,,,Polígono 15 Parcela 5031 MEADERO DE LOS MACHOS. OTERO DE HERREROS (SEGOVIA),False,False,
40178A01505032,40178A0,1505032,40.791587,-4.21908,4605.0,OTERO DE HERREROS,Agrario,,,,Polígono 15 Parcela 5032 MEADERO DE LOS MACHOS. OTERO DE HERREROS (SEGOVIA),False,False,
40178A01505033,40178A0,1505033,40.791392,-4.216242,10089.0,OTERO DE HERREROS,Agrario,,,,Polígono 15 Parcela 5033 PEJA. OTERO DE HERREROS (SEGOVIA),False,False,
40178A01505034,40178A0,1505034,40.7906,-4.216405,7662.0,OTERO DE HERREROS,Agrario,,,,Polígono 15 Parcela 5034 PEDAZO. OTERO DE HERREROS (SEGOVIA),False,False,
40178A01505035,40178A0,1505035,40.790122,-4.216787,5835.0,OTERO DE HERREROS,Agrario,,,,Polígono 15 Parcela 5035 PEDAZO. OTERO DE HERREROS (SEGOVIA),False,False,
40178A01505036,40178A0,1505036,40.789761,-4.215094,3363.0,OTERO DE HERREROS,Agrario,,,,Polígono 15 Parcela 5036 PEDAZO. OTERO DE HERREROS (SEGOVIA),False,False,
40178A01505037,40178A0,1505037,40.789658,-4.216865,6610.0,OTERO DE HERREROS,Agrario,,,,Polígono 15 Parcela 5037 PEDAZO. OTERO DE HERREROS (SEGOVIA),False,False,
40178A01505038,40178A0,1505038,40.789205,-4.214745,4658.0,OTERO DE HERREROS,Agrario,,,,Polígono 15 Parcela 5038 PEDAZO. OTERO DE HERREROS (SEGOVIA),False,False,
40178A01505039,40178A0,1505039,40.789161,-4.216751,5441.0,OTERO DE HERREROS,Agrario,,,,Polígono 15 Parcela 5039 PEDAZO. OTERO DE HERREROS (SEGOVIA),False,False,
40178A01505040,40178A0,1505040,40.788661,-4.214426,6101.0,OTERO DE HERREROS,Agrario,,,,Polígono 15 Parcela 5040 PEDAZO. OTERO DE HERREROS (SEGOVIA),False,False,
40178A01505041,40178A0,1505041,40.787983,-4.214089,9963.0,OTERO DE HERREROS,Agrario,,,,Polígono 15 Parcela 5041 PEDAZO. OTERO DE HERREROS (SEGOVIA),False,False,
40178A01505042,40178A0,1505042,40.787018,-4.213597,12427.0,OTERO DE HERREROS,Agrario,,,,Polígono 15 Parcela 5042 PEDAZO. OTERO DE HERREROS (SEGOVIA),False,False,
40178A01505053,40178A0,1505053,40.78724,-4.218701,31411.0,OTERO DE HERREROS,Agrario,,,,Polígono 15 Parcela 5053 PEDAZO. OTERO DE HERREROS (SEGOVIA),False,False,
40178A01505054,40178A0,1505054,40.78816,-4.218486,5595.0,OTERO DE HERREROS,Agrario,,,,Polígono 15 Parcela 5054 PEDAZO. OTERO DE HERREROS (SEGOVIA),False,False,
40178A01505056,40178A0,1505056,40.790229,-4.219888,10052.0,OTERO DE HERREROS,Agrario,,,,Polígono 15 Parcela 5056 LA FUENTE. OTERO DE HERREROS (SEGOVIA),False,False,
40178A01505057,40178A0,1505057,40.790656,-4.221258,27684.0,OTERO DE HERREROS,Agrario,,,,Polígono 15 Parcela 5057 LA FUENTE. OTERO DE HERREROS (SEGOVIA),False,False,
40178A01505058,40178A0,1505058,40.791523,-4.220792,5026.0,OTERO DE HERREROS,Agrario,,,,Polígono 15 Parcela 5058 LA FUENTE. OTERO DE HERREROS (SEGOVIA),False,False,
40178A01505059,40178A0,1505059,40.788662,-4.219869,4583.0,OTERO DE HERREROS,Agrario,,,,Polígono 15 Parcela 5059 LA FUENTE. OTERO DE HERREROS (SEGOVIA),False,False,
40178A01505060,40178A0,1505060,40.789369,-4.219497,9547.0,OTERO DE HERREROS,Agrario,,,,Polígono 15 Parcela 5060 LA FUENTE. OTERO DE HERREROS (SEGOVIA),False,False,
40178A01505061,40178A0,1505061,40.78918,-4.220267,3417.0,OTERO DE HERREROS,Agrario,,,,Polígono 15 Parcela 5061 LA FUENTE. OTERO DE HERREROS (SEGOVIA),False,False,
40178A01505062,40178A0,1505062,40.789194,-4.220563,4212.0,OTERO DE HERREROS,Agrario,,,,Polígono 15 Parcela 5062 LA FUENTE. OTERO DE HERREROS (SEGOVIA),False,False,
40178A01505063,40178A0,1505063,40.788807,-4.221299,6862.0,OTERO DE HERREROS,Agrario,,,,Polígono 15 Parcela 5063 LA FUENTE. OTERO DE HERREROS (SEGOVIA),False,False,
40178A01505064,40178A0,1505064,40.788261,-4.220717,6196.0,OTERO DE HERREROS,Agrario,,,,Polígono 15 Parcela 5064 LA FUENTE. OTERO DE HERREROS (SEGOVIA),False,False,
40178A01505065,40178A0,1505065,40.789175,-4.221712,8251.0,OTERO DE HERREROS,Agrario,,,,Polígono 15 Parcela 5065 LA FUENTE. OTERO DE HERREROS (SEGOVIA),False,False,
40178A01505066,40178A0,1505066,40.789309,-4.222229,5896.0,OTERO DE HERREROS,Agrario,,,,Polígono 15 Parcela 5066 LA FUENTE. OTERO DE HERREROS (SEGOVIA),False,False,
40178A01505067,40178A0,1505067,40.789814,-4.222797,7306.0,OTERO DE HERREROS,Agrario,,,,Polígono 15 Parcela 5067 LOMO. OTERO DE HERREROS (SEGOVIA),False,False,
40178A01505068,40178A0,1505068,40.789158,-4.223222,7447.0,OTERO DE HERREROS,Agrario,,,,Polígono 15 Parcela 5068 LOMO. OTERO DE HERREROS (SEGOVIA),False,False,
40178A01505069,40178A0,1505069,40.787879,-4.221111,4809.0,OTERO DE HERREROS,Agrario,,,,Polígono 15 Parcela 5069 LOMO. OTERO DE HERREROS (SEGOVIA),False,False,
40178A01505070,40178A0,1505070,40.787655,-4.221895,8029.0,OTERO DE HERREROS,Agrario,,,,Polígono 15 Parcela 5070 LOMO. OTERO DE HERREROS (SEGOVIA),False,False,
40178A01505071,40178A0,1505071,40.78706,-4.222084,8964.0,OTERO DE HERREROS,Agrario,,,,Polígono 15 Parcela 5071 LOMO. OTERO DE HERREROS (SEGOVIA),False,False,
40178A01505072,40178A0,1505072,40.786792,-4.222908,11724.0,OTERO DE HERREROS,Agrario,,,,Polígono 15 Parcela 5072 LOMO. OTERO DE HERREROS (SEGOVIA),False,False,
40178A01505073,40178A0,1505073,40.788183,-4.222692,8271.0,OTERO DE HERREROS,Agrario,,,,Polígono 15 Parcela 5073 LOMO. OTERO DE HERREROS (SEGOVIA),False,False,
40178A01505074,40178A0,1505074,40.788181,-4.223317,5350.0,OTERO DE HERREROS,Agrario,,,,Polígono 15 Parcela 5074 LOMO. OTERO DE HERREROS (SEGOVIA),False,False,
40178A01505075,40178A0,1505075,40.788118,-4.223781,5571.0,OTERO DE HERREROS,Agrario,,,,Polígono 15 Parcela 5075 LOMO. OTERO DE HERREROS (SEGOVIA),False,False,
40178A01505076,40178A0,1505076,40.788118,-4.224161,4178.0,OTERO DE HERREROS,Agrario,,,,Polígono 15 Parcela 5076 LOMO. OTERO DE HERREROS (SEGOVIA),False,False,
40178A01505077,40178A0,1505077,40.786849,-4.223654,6419.0,OTERO DE HERREROS,Agrario,,,,Polígono 15 Parcela 5077 CARRASCAL. OTERO DE HERREROS (SEGOVIA),False,False,
40178A01505078,40178A0,1505078,40.786678,-4.224242,6475.0,OTERO DE HERREROS,Agrario,,,,Polígono 15 Parcela 5078 CARRASCAL. OTERO DE HERREROS (SEGOVIA),False,False,
40178A01505079,40178A0,1505079,40.786805,-4.22462,4854.0,OTERO DE HERREROS,Agrario,,,,Polígono 15 Parcela 5079 CARRASCAL. OTERO DE HERREROS (SEGOVIA),False,False,
40178A01505080,40178A0,1505080,40.786681,-4.225049,4546.0,OTERO DE HERREROS,Agrario,,,,Polígono 15 Parcela 5080 CARRASCAL. OTERO DE HERREROS (SEGOVIA),False,False,
40178A01505081,40178A0,1505081,40.786606,-4.225495,4240.0,OTERO DE HERREROS,Agrario,,,,Polígono 15 Parcela 5081 CARRASCAL. OTERO DE HERREROS (SEGOVIA),False,False,
40178A01505082,40178A0,1505082,40.786729,-4.226389,7245.0,OTERO DE HERREROS,Agrario,,,,Polígono 15 Parcela 5082 CARRASCAL. OTERO DE HERREROS (SEGOVIA),False,False,
40178A01505083,40178A0,1505083,40.789552,-4.2238,7048.0,OTERO DE HERREROS,Agrario,,,,Polígono 15 Parcela 5083 LOMO. OTERO DE HERREROS (SEGOVIA),False,False,
40178A01505084,40178A0,1505084,40.787973,-4.224669,8297.0,OTERO DE HERREROS,Agrario,,,,Polígono 15 Parcela 5084 LOMO. OTERO DE HERREROS (SEGOVIA),False,False,
40178A01505085,40178A0,1505085,40.787919,-4.225192,7632.0,OTERO DE HERREROS,Agrario,,,,Polígono 15 Parcela 5085 LOMO. OTERO DE HERREROS (SEGOVIA),False,False,
40178A01505086,40178A0,1505086,40.789556,-4.224287,6594.0,OTERO DE HERREROS,Agrario,,,,Polígono 15 Parcela 5086 LOMO. OTERO DE HERREROS (SEGOVIA),False,False,
40178A01505087,40178A0,1505087,40.787886,-4.225646,7156.0,OTERO DE HERREROS,Agrario,,,,Polígono 15 Parcela 5087 LOMO. OTERO DE HERREROS (SEGOVIA),False,False,
40178A01505088,40178A0,1505088,40.789591,-4.224751,6956.0,OTERO DE HERREROS,Agrario,,,,Polígono 15 Parcela 5088 LOMO. OTERO DE HERREROS (SEGOVIA),False,False,
40178A01505089,40178A0,1505089,40.78798,-4.226012,7932.0,OTERO DE HERREROS,Agrario,,,,Polígono 15 Parcela 5089 LOMO. OTERO DE HERREROS (SEGOVIA),False,False,
40178A01505090,40178A0,1505090,40.789669,-4.225198,6401.0,OTERO DE HERREROS,Agrario,,,,Polígono 15 Parcela 5090 LOMO. OTERO DE HERREROS (SEGOVIA),False,False,
40178A01505091,40178A0,1505091,40.788006,-4.226435,7865.0,OTERO DE HERREROS,Agrario,,,,Polígono 15 Parcela 5091 LOMO. OTERO DE HERREROS (SEGOVIA),False,False,
40178A01505092,40178A0,1505092,40.789768,-4.225603,5772.0,OTERO DE HERREROS,Agrario,,,,Polígono 15 Parcela 5092 LOMO. OTERO DE HERREROS (SEGOVIA),False,False,
40178A01505093,40178A0,1505093,40.788165,-4.226953,4800.0,OTERO DE HERREROS,Agrario,,,,Polígono 15 Parcela 5093 LOMO. OTERO DE HERREROS (SEGOVIA),False,False,
40178A01505094,40178A0,1505094,40.788286,-4.227228,7477.0,OTERO DE HERREROS,Agrario,,,,Polígono 15 Parcela 5094 LOMO. OTERO DE HERREROS (SEGOVIA),False,False,
40178A01505095,40178A0,1505095,40.789808,-4.225981,4204.0,OTERO DE HERREROS,Agrario,,,,Polígono 15 Parcela 5095 LOMO. OTERO DE HERREROS (SEGOVIA),False,False,
40178A01505096,40178A0,1505096,40.788511,-4.227496,6623.0,OTERO DE HERREROS,Agrario,,,,Polígono 15 Parcela 5096 LOMO. OTERO DE HERREROS (SEGOVIA),False,False,
40178A01505097,40178A0,1505097,40.788662,-4.227817,5959.0,OTERO DE HERREROS,Agrario,,,,Polígono 15 Parcela 5097 LOMO. OTERO DE HERREROS (SEGOVIA),False,False,
40178A01505098,40178A0,1505098,40.789877,-4.226639,5891.0,OTERO DE HERREROS,Agrario,,,,Polígono 15 Parcela 5098 LOMO. OTERO DE HERREROS (SEGOVIA),False,False,
40178A01505099,40178A0,1505099,40.791337,-4.228119,35692.0,OTERO DE HERREROS,Agrario,,,,Polígono 15 Parcela 5099 LOMO. OTERO DE HERREROS (SEGOVIA),False,False,
40178A01505100,40178A0,1505100,40.791686,-4.226622,20398.0,OTERO DE HERREROS,Agrario,,,,Polígono 15 Parcela 5100 LOMO. OTERO DE HERREROS (SEGOVIA),False,False,
40178A01505101,40178A0,1505101,40.791342,-4.225987,5345.0,OTERO DE HERREROS,Agrario,,,,Polígono 15 Parcela 5101 LOMO. OTERO DE HERREROS (SEGOVIA),False,False,
40178A01505102,40178A0,1505102,40.791251,-4.225646,5733.0,OTERO DE HERREROS,Agrario,,,,Polígono 15 Parcela 5102 CAÑADA. OTERO DE HERREROS (SEGOVIA),False,False,
40178A01505103,40178A0,1505103,40.791153,-4.225278,5504.0,OTERO DE HERREROS,Agrario,,,,Polígono 15 Parcela 5103 CAÑADA. OTERO DE HERREROS (SEGOVIA),False,False,
40178A01505104,40178A0,1505104,40.791082,-4.224867,5516.0,OTERO DE HERREROS,Agrario,,,,Polígono 15 Parcela 5104 FUENTE. OTERO DE HERREROS (SEGOVIA),False,False,
40178A01505105,40178A0,1505105,40.791033,-4.223762,22462.0,OTERO DE HERREROS,Agrario,,,,Polígono 15 Parcela 5105 FUENTE. OTERO DE HERREROS (SEGOVIA),False,False,
40178A01505106,40178A0,1505106,40.791095,-4.222535,10670.0,OTERO DE HERREROS,Agrario,,,,Polígono 15 Parcela 5106 FUENTE. OTERO DE HERREROS (SEGOVIA),False,False,
40178A01505107,40178A0,1505107,40.789336,-4.221164,3766.0,OTERO DE HERREROS,Agrario,,,,Polígono 15 Parcela 5107 LA FUENTE. OTERO DE HERREROS (SEGOVIA),False,False,
40178A01505108,40178A0,1505108,40.796281,-4.217362,72293.0,OTERO DE HERREROS,Agrario,,,,Polígono 15 Parcela 5108 COTEZUELO. OTERO DE HERREROS (SEGOVIA),False,False,
40178A01505112,40178A0,1505112,40.797484,-4.219551,3096.0,OTERO DE HERREROS,Agrario,,,,Polígono 15 Parcela 5112 COTEZUELO. OTERO DE HERREROS (SEGOVIA),False,False,
40178A01505123,40178A0,1505123,40.798417,-4.219345,18030.0,OTERO DE HERREROS,Agrario,,,,Polígono 15 Parcela 5123 COTEZUELO. OTERO DE HERREROS (SEGOVIA),False,False,
40178A01505124,40178A0,1505124,40.800147,-4.217884,43180.0,OTERO DE HERREROS,Agrario,,,,Polígono 15 Parcela 5124 COTEZUELO. OTERO DE HERREROS (SEGOVIA),False,False,
40178A01505125,40178A0,1505125,40.801297,-4.216443,23983.0,OTERO DE HERREROS,Agrario,,,,Polígono 15 Parcela 5125 COTEZUELO. OTERO DE HERREROS (SEGOVIA),False,False,
40178A01505126,40178A0,1505126,40.799833,-4.220944,5098.0,OTERO DE HERREROS,Agrario,,,,Polígono 15 Parcela 5126 COTEZUELO. OTERO DE HERREROS (SEGOVIA),False,False,
40178A01505127,40178A0,1505127,40.800216,-4.22089,2737.0,OTERO DE HERREROS,Agrario,,,,Polígono 15 Parcela 5127 COTEZUELO. OTERO DE HERREROS (SEGOVIA),False,False,
40178A01505128,40178A0,1505128,40.801244,-4.219645,27663.0,OTERO DE HERREROS,Agrario,,,,Polígono 15 Parcela 5128 COTEZUELO. OTERO DE HERREROS (SEGOVIA),False,False,
40178A01505129,40178A0,1505129,40.801384,-4.2204,5868.0,OTERO DE HERREROS,Agrario,,,,Polígono 15 Parcela 5129 COTEZUELO. OTERO DE HERREROS (SEGOVIA),False,False,
40178A01505130,40178A0,1505130,40.801516,-4.220584,6499.0,OTERO DE HERREROS,Agrario,,,,Polígono 15 Parcela 5130 COTEZUELO. OTERO DE HERREROS (SEGOVIA),False,False,
40178A01505131,40178A0,1505131,40.801678,-4.220768,7091.0,OTERO DE HERREROS,Agrario,,,,Polígono 15 Parcela 5131 COTEZUELO. OTERO DE HERREROS (SEGOVIA),False,False,
40178A01505132,40178A0,1505132,40.802008,-4.220877,9248.0,OTERO DE HERREROS,Agrario,,,,Polígono 15 Parcela 5132 COTEZUELO. OTERO DE HERREROS (SEGOVIA),False,False,
40178A01505138,40178A0,1505138,40.793258,-4.227784,2526.0,OTERO DE HERREROS,Agrario,,,,Polígono 15 Parcela 5138 EL GUIJO. OTERO DE HERREROS (SEGOVIA),False,False,
40178A01505139,40178A0,1505139,40.79269,-4.223679,15087.0,OTERO DE HERREROS,Agrario,,,,Polígono 15 Parcela 5139 EL GUIJAR. OTERO DE HERREROS (SEGOVIA),False,False,
40178A01505140,40178A0,1505140,40.791758,-4.217962,2983.0,OTERO DE HERREROS,Agrario,,,,Polígono 15 Parcela 5140 MEADERO DE LOS MACHOS. OTERO DE HERREROS (SEGOVIA),False,False,
40178A01505141,40178A0,1505141,40.788051,-4.226764,4792.0,OTERO DE HERREROS,Agrario,,,,Polígono 15 Parcela 5141 LOMO. OTERO DE HERREROS (SEGOVIA),False,False,
40178A01505142,40178A0,1505142,40.789877,-4.226236,3166.0,OTERO DE HERREROS,Agrario,,,,Polígono 15 Parcela 5142 LOMO. OTERO DE HERREROS (SEGOVIA),False,False,
40178A01505143,40178A0,1505143,40.789508,-4.227552,13269.0,OTERO DE HERREROS,Agrario,,,,Polígono 15 Parcela 5143 LOMO. OTERO DE HERREROS (SEGOVIA),False,False,
40178A01505144,40178A0,1505144,40.78979,-4.228561,23600.0,OTERO DE HERREROS,Agrario,,,,Polígono 15 Parcela 5144 LOMO. OTERO DE HERREROS (SEGOVIA),False,False,
40178A01505145,40178A0,1505145,40.800035,-4.21231,32718.0,OTERO DE HERREROS,Agrario,,,,Polígono 15 Parcela 5145 COTEZUELO. OTERO DE HERREROS (SEGOVIA),False,False,
40178A01505146,40178A0,1505146,40.801391,-4.218036,5884.0,OTERO DE HERREROS,Agrario,,,,Polígono 15 Parcela 5146 COTEZUELO. OTERO DE HERREROS (SEGOVIA),False,False,
40178A01505147,40178A0,1505147,40.795094,-4.216948,23597.0,OTERO DE HERREROS,Agrario,,,,Polígono 15 Parcela 5147 COTEZUELO. OTERO DE HERREROS (SEGOVIA),False,False,
40178A01505148,40178A0,1505148,40.791626,-4.221441,7480.0,OTERO DE HERREROS,Agrario,,,,Polígono 15 Parcela 5148 LA FUENTE. OTERO DE HERREROS (SEGOVIA),False,False,
40178A01509001,40178A0,1509001,40.804946,-4.22366,4435.0,OTERO DE HERREROS,Agrario,,,,Polígono 15 Parcela 9001 VARIOS. OTERO DE HERREROS (SEGOVIA),False,False,
40178A01509002,40178A0,1509002,40.794346,-4.216612,48042.0,OTERO DE HERREROS,Agrario,,,,Polígono 15 Parcela 9002 CAÑADA REAL SORIANA OCCIDENTAL. OTERO DE HERREROS (SEGOVIA),False,False,
40178A01509005,40178A0,1509005,40.787817,-4.228308,2037.0,OTERO DE HERREROS,Agrario,,,,Polígono 15 Parcela 9005 VARIOS. OTERO DE HERREROS (SEGOVIA),False,False,
40178A01509006,40178A0,1509006,40.795043,-4.22993,24136.0,OTERO DE HERREROS,Agrario,,,,Polígono 15 Parcela 9006 VARIOS. OTERO DE HERREROS (SEGOVIA),False,False,
40178A01509007,40178A0,1509007,40.801157,-4.221927,24123.0,OTERO DE HERREROS,Agrario,,,,Polígono 15 Parcela 9007 VARIOS. OTERO DE HERREROS (SEGOVIA),False,False,
40178A01509018,40178A0,1509018,40.795324,-4.218567,23958.0,OTERO DE HERREROS,Agrario,,,,Polígono 15 Parcela 9018 CAÑADA REAL SORIANA OCCIDENTAL. OTERO DE HERREROS (SEGOVIA),False,False,
40178A01509019,40178A0,1509019,40.785575,-4.223327,84347.0,OTERO DE HERREROS,Agrario,,,,Polígono 15 Parcela 9019 CAÑADA REAL SORIANA OCCIDENTAL. OTERO DE HERREROS (SEGOVIA),False,False,
40178A01509101,40178A0,1509101,40.788027,-4.216095,84944.0,OTERO DE HERREROS,Agrario,,,,Polígono 15 Parcela 9101 COTEZUELO. OTERO DE HERREROS (SEGOVIA),False,False,
40178A01509102,40178A0,1509102,40.790799,-4.219229,18146.0,OTERO DE HERREROS,Agrario,,,,Polígono 15 Parcela 9102 COTEZUELO. OTERO DE HERREROS (SEGOVIA),False,False,
40178A01509103,40178A0,1509103,40.793739,-4.21983,47391.0,OTERO DE HERREROS,Agrario,,,,Polígono 15 Parcela 9103 COTEZUELO. OTERO DE HERREROS (SEGOVIA),False,False,
40178A01509104,40178A0,1509104,40.799199,-4.216593,62634.0,OTERO DE HERREROS,Agrario,,,,Polígono 15 Parcela 9104 COTEZUELO. OTERO DE HERREROS (SEGOVIA),False,False,
40178A01515056,40178A0,1515056,40.790817,-4.21853,3498.0,OTERO DE HERREROS,Agrario,,,,Polígono 15 Parcela 15056 LA FUENTE. OTERO DE HERREROS (SEGOVIA),False,False,
40178A01515111,40178A0,1515111,40.797086,-4.219714,1002.0,OTERO DE HERREROS,Agrario,,,,Polígono 15 Parcela 15111 COTEZUELO. OTERO DE HERREROS (SEGOVIA),False,False,
40178A01515124,40178A0,1515124,40.799158,-4.214932,63510.0,OTERO DE HERREROS,Agrario,,,,Polígono 15 Parcela 15124 COTEZUELO. OTERO DE HERREROS (SEGOVIA),False,False,
40178A01605001,40178A0,1605001,40.790771,-4.214207,25565.0,OTERO DE HERREROS,Agrario,,,,Polígono 16 Parcela 5001 LADERA DE LA GUIJA. OTERO DE HERREROS (SEGOVIA),False,False,
40178A01605003,40178A0,1605003,40.798126,-4.209493,105586.0,OTERO DE HERREROS,,AV,ESTACION,14,,False,False,
40178A01605004,40178A0,1605004,40.794168,-4.216237,2781.0,OTERO DE HERREROS,Agrario,,,,Polígono 16 Parcela 5004 LADERA DE LA GUIJA. OTERO DE HERREROS (SEGOVIA),False,False,
40178A01605006,40178A0,1605006,40.800155,-4.210031,23859.0,OTERO DE HERREROS,Agrario,,,,CR SAN RAFAEL  Suelo Polígono 16 Parcela 5006 LADERA DE LA GUIJA. 40422 OTERO DE HERREROS (SEGOVIA),False,False,
40178A01605013,40178A0,1605013,40.801432,-4.209754,1319.0,OTERO DE HERREROS,"Obras de urbanización y jardineria, suelos sin edificar",CR,SAN RAFAEL,,CR SAN RAFAEL  Suelo Polígono 16 Parcela 5013 LADERA DE LA GUIJA. 40422 OTERO DE HERREROS (SEGOVIA),False,False,
40178A01605032,40178A0,1605032,40.793994,-4.214864,20803.0,OTERO DE HERREROS,Agrario,,,,Polígono 16 Parcela 5032 CAÑADA. OTERO DE HERREROS (SEGOVIA),False,False,
40178A01605037,40178A0,1605037,40.793194,-4.208606,352626.0,OTERO DE HERREROS,Agrario,,,,Polígono 16 Parcela 5037 CAÑADA. OTERO DE HERREROS (SEGOVIA),False,False,
40178A01605042,40178A0,1605042,40.792269,-4.214766,22678.0,OTERO DE HERREROS,Agrario,,,,Polígono 16 Parcela 5042 LADERA DE LA GUIJA. OTERO DE HERREROS (SEGOVIA),False,False,
40178A01605043,40178A0,1605043,40.788937,-4.213261,19960.0,OTERO DE HERREROS,Agrario,,,,Polígono 16 Parcela 5043 CAÑADA. OTERO DE HERREROS (SEGOVIA),False,False,
40178A01605044,40178A0,1605044,40.79223,-4.2116,80612.0,OTERO DE HERREROS,Agrario,,,,Polígono 16 Parcela 5044 CAÑADA. OTERO DE HERREROS (SEGOVIA),False,False,
40178A01605045,40178A0,1605045,40.790325,-4.209603,90167.0,OTERO DE HERREROS,Agrario,,,,Polígono 16 Parcela 5045 CAÑADA. OTERO DE HERREROS (SEGOVIA),False,False,
40178A01605046,40178A0,1605046,40.78895,-4.208229,94566.0,OTERO DE HERREROS,Agrario,,,,Polígono 16 Parcela 5046 CAÑADA. OTERO DE HERREROS (SEGOVIA),False,False,
40178A01605047,40178A0,1605047,40.787762,-4.207072,105028.0,OTERO DE HERREROS,Agrario,,,,Polígono 16 Parcela 5047 CAÑADA. OTERO DE HERREROS (SEGOVIA),False,False,
40178A01609004,40178A0,1609004,40.801664,-4.209856,29085.0,OTERO DE HERREROS,Agrario,,,,Polígono 16 Parcela 9004 VARIOS. OTERO DE HERREROS (SEGOVIA),False,False,
40178A01609007,40178A0,1609007,40.797939,-4.206341,58369.0,OTERO DE HERREROS,Agrario,,,,Polígono 16 Parcela 9007 VARIOS. OTERO DE HERREROS (SEGOVIA),False,False,
40178A01609008,40178A0,1609008,40.791403,-4.213379,22785.0,OTERO DE HERREROS,Agrario,,,,Polígono 16 Parcela 9008 VARIOS. OTERO DE HERREROS (SEGOVIA),False,False,
40178A01609010,40178A0,1609010,40.795246,-4.215208,399246.0,OTERO DE HERREROS,Agrario,,,,Polígono 16 Parcela 9010 CAÑADA REAL SORIANA OCCIDENTAL. OTERO DE HERREROS (SEGOVIA),False,False,
40178A01609107,40178A0,1609107,40.79144,-4.21316,20674.0,OTERO DE HERREROS,Agrario,,,,Polígono 16 Parcela 9107 CAÑADA. OTERO DE HERREROS (SEGOVIA),False,False,
40178B01300001,40178B0,1300001,40.799305,-4.24606,20217.0,OTERO DE HERREROS,Agrario,,,,Polígono 13 Parcela 1 EL MANANTIAL. OTERO DE HERREROS (SEGOVIA),False,False,
40178B01300002,40178B0,1300002,40.799259,-4.245508,6766.0,OTERO DE HERREROS,Agrario,,,,Polígono 13 Parcela 2 EL MANANTIAL. OTERO DE HERREROS (SEGOVIA),False,False,
40178B01300003,40178B0,1300003,40.799322,-4.245225,7386.0,OTERO DE HERREROS,Agrario,,,,Polígono 13 Parcela 3 EL MANANTIAL. OTERO DE HERREROS (SEGOVIA),False,False,
40178B01300004,40178B0,1300004,40.799443,-4.244715,16624.0,OTERO DE HERREROS,Agrario,,,,Polígono 13 Parcela 4 EL MANANTIAL. OTERO DE HERREROS (SEGOVIA),False,False,
40178B01300005,40178B0,1300005,40.799418,-4.244107,7680.0,OTERO DE HERREROS,Agrario,,,,Polígono 13 Parcela 5 EL MANANTIAL. OTERO DE HERREROS (SEGOVIA),False,False,
40178B01300006,40178B0,1300006,40.799232,-4.243375,14542.0,OTERO DE HERREROS,Agrario,,,,Polígono 13 Parcela 6 EL MANANTIAL. OTERO DE HERREROS (SEGOVIA),False,False,
40178B01300007,40178B0,1300007,40.798252,-4.240767,25393.0,OTERO DE HERREROS,Agrario,,,,Polígono 13 Parcela 7 ALMAGRADERO. OTERO DE HERREROS (SEGOVIA),False,False,
40178B01300008,40178B0,1300008,40.797454,-4.238606,77324.0,OTERO DE HERREROS,Agrario,,,,Polígono 13 Parcela 8 ALMAGRADERO. OTERO DE HERREROS (SEGOVIA),False,False,
40178B01300009,40178B0,1300009,40.795502,-4.237607,1823.0,OTERO DE HERREROS,Agrario,,,,Polígono 13 Parcela 9 ALMAGRADERO. OTERO DE HERREROS (SEGOVIA),False,False,
40178B01300010,40178B0,1300010,40.795925,-4.235365,28372.0,OTERO DE HERREROS,Agrario,,,,Polígono 13 Parcela 10 ALMAGRADERO. OTERO DE HERREROS (SEGOVIA),False,False,
40178B01300011,40178B0,1300011,40.795626,-4.234168,6876.0,OTERO DE HERREROS,Agrario,,,,Polígono 13 Parcela 11 ALMAGRADERO. OTERO DE HERREROS (SEGOVIA),False,False,
40178B01300012,40178B0,1300012,40.79541,-4.233698,9104.0,OTERO DE HERREROS,Agrario,,,,Polígono 13 Parcela 12 ALMAGRADERO. OTERO DE HERREROS (SEGOVIA),False,False,
40178B01300013,40178B0,1300013,40.796418,-4.233425,4313.0,OTERO DE HERREROS,Agrario,,,,Polígono 13 Parcela 13 ALMAGRADERO. OTERO DE HERREROS (SEGOVIA),False,False,
40178B01300014,40178B0,1300014,40.797476,-4.233848,51957.0,OTERO DE HERREROS,Agrario,,,,Polígono 13 Parcela 14 ALMAGRADERO. OTERO DE HERREROS (SEGOVIA),False,False,
40178B01300015,40178B0,1300015,40.798581,-4.234791,41463.0,OTERO DE HERREROS,Agrario,,,,Polígono 13 Parcela 15 ALMAGRADERO. OTERO DE HERREROS (SEGOVIA),False,False,
40178B01300016,40178B0,1300016,40.798571,-4.236888,24592.0,OTERO DE HERREROS,Agrario,,,,Polígono 13 Parcela 16 ALMAGRADERO. OTERO DE HERREROS (SEGOVIA),False,False,
40178B01300017,40178B0,1300017,40.799587,-4.235599,3645.0,OTERO DE HERREROS,Agrario,,,,Polígono 13 Parcela 17 ALMAGRADERO. OTERO DE HERREROS (SEGOVIA),False,False,
40178B01300018,40178B0,1300018,40.800104,-4.235003,8939.0,OTERO DE HERREROS,Agrario,,,,Polígono 13 Parcela 18 ALMAGRADERO. OTERO DE HERREROS (SEGOVIA),False,False,
40178B01300019,40178B0,1300019,40.799594,-4.237234,9688.0,OTERO DE HERREROS,Agrario,,,,Polígono 13 Parcela 19 ALMAGRADERO. OTERO DE HERREROS (SEGOVIA),False,False,
40178B01300020,40178B0,1300020,40.800874,-4.235466,10197.0,OTERO DE HERREROS,Agrario,,,,Polígono 13 Parcela 20 ALMAGRADERO. OTERO DE HERREROS (SEGOVIA),False,False,
40178B01300021,40178B0,1300021,40.799918,-4.23375,17865.0,OTERO DE HERREROS,Agrario,,,,Polígono 13 Parcela 21 ALMAGRADERO. OTERO DE HERREROS (SEGOVIA),False,False,
40178B01300022,40178B0,1300022,40.798274,-4.23223,8606.0,OTERO DE HERREROS,Agrario,,,,Polígono 13 Parcela 22 ALMAGRADERO. OTERO DE HERREROS (SEGOVIA),False,False,
40178B01300023,40178B0,1300023,40.799022,-4.231928,8175.0,OTERO DE HERREROS,Agrario,,,,Polígono 13 Parcela 23 ALMAGRADERO. OTERO DE HERREROS (SEGOVIA),False,False,
40178B01300024,40178B0,1300024,40.800546,-4.233078,33030.0,OTERO DE HERREROS,Agrario,,,,Polígono 13 Parcela 24 ALMAGRADERO. OTERO DE HERREROS (SEGOVIA),False,False,
40178B01300025,40178B0,1300025,40.801103,-4.232451,14100.0,OTERO DE HERREROS,Agrario,,,,Polígono 13 Parcela 25 ALMAGRADERO. OTERO DE HERREROS (SEGOVIA),False,False,
40178B01300026,40178B0,1300026,40.801803,-4.23233,8546.0,OTERO DE HERREROS,Agrario,,,,Polígono 13 Parcela 26 ALMAGRADERO. OTERO DE HERREROS (SEGOVIA),False,False,
40178B01300027,40178B0,1300027,40.800952,-4.231528,5287.0,OTERO DE HERREROS,Agrario,,,,Polígono 13 Parcela 27 ALMAGRADERO. OTERO DE HERREROS (SEGOVIA),False,False,
40178B01300028,40178B0,1300028,40.802154,-4.231267,20099.0,OTERO DE HERREROS,Agrario,,,,Polígono 13 Parcela 28 ALMAGRADERO. OTERO DE HERREROS (SEGOVIA),False,False,
40178B01300034,40178B0,1300034,40.801612,-4.226334,31921.0,OTERO DE HERREROS,Agrario,,,,Polígono 13 Parcela 34 CERRO ARCHILES. OTERO DE HERREROS (SEGOVIA),False,False,
40178B01300035,40178B0,1300035,40.800783,-4.226187,5666.0,OTERO DE HERREROS,Agrario,,,,Polígono 13 Parcela 35 CERRO ARCHILES. OTERO DE HERREROS (SEGOVIA),False,False,
40178B01300036,40178B0,1300036,40.800098,-4.227199,47850.0,OTERO DE HERREROS,Agrario,,,,Polígono 13 Parcela 36 CERRO ARCHILES. OTERO DE HERREROS (SEGOVIA),False,False,
40178B01300037,40178B0,1300037,40.80014,-4.229216,17877.0,OTERO DE HERREROS,Agrario,,,,Polígono 13 Parcela 37 CERRO DE LOS AGUILUCHOS. OTERO DE HERREROS (SEGOVIA),False,False,
40178B01300038,40178B0,1300038,40.800372,-4.230156,8063.0,OTERO DE HERREROS,Agrario,,,,Polígono 13 Parcela 38 CERRO ARCHILES. OTERO DE HERREROS (SEGOVIA),False,False,
40178B01300039,40178B0,1300039,40.800664,-4.23074,11745.0,OTERO DE HERREROS,Agrario,,,,Polígono 13 Parcela 39 CERRO ARCHILES. OTERO DE HERREROS (SEGOVIA),False,False,
40178B01300040,40178B0,1300040,40.798853,-4.231033,17638.0,OTERO DE HERREROS,Agrario,,,,Polígono 13 Parcela 40 OTERO HERREROS. OTERO DE HERREROS (SEGOVIA),False,False,
40178B01300041,40178B0,1300041,40.798408,-4.229563,37607.0,OTERO DE HERREROS,Agrario,,,,Polígono 13 Parcela 41 OTERO HERREROS. OTERO DE HERREROS (SEGOVIA),False,False,
40178B01300042,40178B0,1300042,40.79769,-4.23148,29497.0,OTERO DE HERREROS,Agrario,,,,Polígono 13 Parcela 42 OTERO HERREROS. OTERO DE HERREROS (SEGOVIA),False,False,
40178B01300043,40178B0,1300043,40.796183,-4.229094,20794.0,OTERO DE HERREROS,Agrario,,,,Polígono 13 Parcela 43 OTERO HERREROS. OTERO DE HERREROS (SEGOVIA),False,False,
40178B01300044,40178B0,1300044,40.797893,-4.227715,24346.0,OTERO DE HERREROS,Agrario,,,,Polígono 13 Parcela 44 OTERO HERREROS. OTERO DE HERREROS (SEGOVIA),False,False,
40178B01300045,40178B0,1300045,40.797921,-4.225856,26493.0,OTERO DE HERREROS,Agrario,,,,Polígono 13 Parcela 45 OTERO HERREROS. OTERO DE HERREROS (SEGOVIA),False,False,
40178B01300046,40178B0,1300046,40.799297,-4.226225,12679.0,OTERO DE HERREROS,Agrario,,,,Polígono 13 Parcela 46 CERRO ARCHILES. OTERO DE HERREROS (SEGOVIA),False,False,
40178B01305027,40178B0,1305027,40.802693,-4.22763,111953.0,OTERO DE HERREROS,Agrario,,,,Polígono 13 Parcela 5027 ARDILLA. OTERO DE HERREROS (SEGOVIA),False,False,
40178B01305031,40178B0,1305031,40.800107,-4.236416,4568.0,OTERO DE HERREROS,Agrario,,,,Polígono 13 Parcela 5031 AMAGRADERO. OTERO DE HERREROS (SEGOVIA),False,False,
40178B01305032,40178B0,1305032,40.797393,-4.231449,2192.0,OTERO DE HERREROS,Agrario,,,,Polígono 13 Parcela 5032 NAVANDRINAL. OTERO DE HERREROS (SEGOVIA),False,False,
40178B01305033,40178B0,1305033,40.796796,-4.231026,3579.0,OTERO DE HERREROS,Agrario,,,,Polígono 13 Parcela 5033 NAVANDRINAL. OTERO DE HERREROS (SEGOVIA),False,False,
40178B01305034,40178B0,1305034,40.79578,-4.230291,6207.0,OTERO DE HERREROS,Agrario,,,,Polígono 13 Parcela 5034 EL GUIJO. OTERO DE HERREROS (SEGOVIA),False,False,
40178B01305039,40178B0,1305039,40.798684,-4.247211,10840.0,OTERO DE HERREROS,Agrario,,,,Polígono 13 Parcela 5039 EL MANANTIAL. OTERO DE HERREROS (SEGOVIA),False,False,
40178B01305040,40178B0,1305040,40.798987,-4.246963,8275.0,OTERO DE HERREROS,Agrario,,,,Polígono 13 Parcela 5040 EL MANANTIAL. OTERO DE HERREROS (SEGOVIA),False,False,
40178B01305041,40178B0,1305041,40.799239,-4.246656,11149.0,OTERO DE HERREROS,Agrario,,,,Polígono 13 Parcela 5041 EL MANANTIAL. OTERO DE HERREROS (SEGOVIA),False,False,
40178B01309002,40178B0,1309002,40.799795,-4.231092,7325.0,OTERO DE HERREROS,Agrario,,,,Polígono 13 Parcela 9002 VARIOS. OTERO DE HERREROS (SEGOVIA),False,False,
40178B01309003,40178B0,1309003,40.796196,-4.230885,912.0,OTERO DE HERREROS,Agrario,,,,Polígono 13 Parcela 9003 VARIOS. OTERO DE HERREROS (SEGOVIA),False,False,
40178B01309004,40178B0,1309004,40.796516,-4.2342,6207.0,OTERO DE HERREROS,Agrario,,,,Polígono 13 Parcela 9004 VARIOS. OTERO DE HERREROS (SEGOVIA),False,False,
40178B01309005,40178B0,1309005,40.795609,-4.237183,4162.0,OTERO DE HERREROS,Agrario,,,,Polígono 13 Parcela 9005 VARIOS. OTERO DE HERREROS (SEGOVIA),False,False,
40178B01309006,40178B0,1309006,40.798484,-4.242181,15353.0,OTERO DE HERREROS,Agrario,,,,Polígono 13 Parcela 9006 VARIOS. OTERO DE HERREROS (SEGOVIA),False,False,
40178B01309007,40178B0,1309007,40.797388,-4.246509,23939.0,OTERO DE HERREROS,Agrario,,,,Polígono 13 Parcela 9007 VARIOS. OTERO DE HERREROS (SEGOVIA),False,False,
40178B01309012,40178B0,1309012,40.799923,-4.236687,439.0,OTERO DE HERREROS,Agrario,,,,Polígono 13 Parcela 9012 VARIOS. OTERO DE HERREROS (SEGOVIA),False,False,
40178B01309013,40178B0,1309013,40.799385,-4.235788,359.0,OTERO DE HERREROS,Agrario,,,,Polígono 13 Parcela 9013 VARIOS. OTERO DE HERREROS (SEGOVIA),False,False,
40178B01400003,40178B0,1400003,40.797926,-4.243007,16549.0,OTERO DE HERREROS,Agrario,,,,Polígono 14 Parcela 3 NAVA REDONDA. OTERO DE HERREROS (SEGOVIA),False,False,
40178B01400004,40178B0,1400004,40.79458,-4.240468,222670.0,OTERO DE HERREROS,Agrario,,,,Polígono 14 Parcela 4 NAVA REDONDA. OTERO DE HERREROS (SEGOVIA),False,False,
40178B01400005,40178B0,1400005,40.792264,-4.239061,11426.0,OTERO DE HERREROS,Agrario,,,,Polígono 14 Parcela 5 NAVA REDONDA. OTERO DE HERREROS (SEGOVIA),False,False,
40178B01400006,40178B0,1400006,40.794343,-4.236068,54204.0,OTERO DE HERREROS,Agrario,,,,Polígono 14 Parcela 6 NAVA REDONDA. OTERO DE HERREROS (SEGOVIA),False,False,
40178B01400007,40178B0,1400007,40.794682,-4.232707,25085.0,OTERO DE HERREROS,Agrario,,,,Polígono 14 Parcela 7 NAVANDRINAL. OTERO DE HERREROS (SEGOVIA),False,False,
40178B01400008,40178B0,1400008,40.795881,-4.231621,28962.0,OTERO DE HERREROS,Agrario,,,,Polígono 14 Parcela 8 NAVANDRINAL. OTERO DE HERREROS (SEGOVIA),False,False,
40178B01400009,40178B0,1400009,40.793349,-4.231389,85101.0,OTERO DE HERREROS,Agrario,,,,Polígono 14 Parcela 9 NAVANDRINAL. OTERO DE HERREROS (SEGOVIA),False,False,
40178B01400010,40178B0,1400010,40.793642,-4.229286,13980.0,OTERO DE HERREROS,Agrario,,,,Polígono 14 Parcela 10 NAVANDRINAL. OTERO DE HERREROS (SEGOVIA),False,False,
40178B01400011,40178B0,1400011,40.792947,-4.22876,15664.0,OTERO DE HERREROS,Agrario,,,,Polígono 14 Parcela 11 NAVANDRINAL. OTERO DE HERREROS (SEGOVIA),False,False,
40178B01400012,40178B0,1400012,40.791847,-4.230479,19788.0,OTERO DE HERREROS,Agrario,,,,Polígono 14 Parcela 12 NAVANDRINAL. OTERO DE HERREROS (SEGOVIA),False,False,
40178B01400013,40178B0,1400013,40.791542,-4.229902,5666.0,OTERO DE HERREROS,Agrario,,,,Polígono 14 Parcela 13 NAVANDRINAL. OTERO DE HERREROS (SEGOVIA),False,False,
40178B01400014,40178B0,1400014,40.791331,-4.229549,8791.0,OTERO DE HERREROS,Agrario,,,,Polígono 14 Parcela 14 NAVANDRINAL. OTERO DE HERREROS (SEGOVIA),False,False,
40178B01400021,40178B0,1400021,40.797443,-4.24479,18678.0,OTERO DE HERREROS,Agrario,,,,Polígono 14 Parcela 21 NAVA REDONDA. OTERO DE HERREROS (SEGOVIA),False,False,
40178B01405001,40178B0,1405001,40.794452,-4.243814,7557.0,OTERO DE HERREROS,Agrario,,,,Polígono 14 Parcela 5001 CABRERIZAS. OTERO DE HERREROS (SEGOVIA),False,False,
40178B01405002,40178B0,1405002,40.794682,-4.244162,7357.0,OTERO DE HERREROS,Agrario,,,,Polígono 14 Parcela 5002 CABRERIZAS. OTERO DE HERREROS (SEGOVIA),False,False,
40178B01405003,40178B0,1405003,40.794931,-4.244466,7148.0,OTERO DE HERREROS,Agrario,,,,Polígono 14 Parcela 5003 CABRERIZAS. OTERO DE HERREROS (SEGOVIA),False,False,
40178B01405004,40178B0,1405004,40.795185,-4.244763,7206.0,OTERO DE HERREROS,Agrario,,,,Polígono 14 Parcela 5004 CABRERIZAS. OTERO DE HERREROS (SEGOVIA),False,False,
40178B01405005,40178B0,1405005,40.79565,-4.24512,7213.0,OTERO DE HERREROS,Agrario,,,,Polígono 14 Parcela 5005 CABRERIZAS. OTERO DE HERREROS (SEGOVIA),False,False,
40178B01405006,40178B0,1405006,40.796145,-4.243509,37812.0,OTERO DE HERREROS,Agrario,,,,Polígono 14 Parcela 5006 CABRERIZAS. OTERO DE HERREROS (SEGOVIA),False,False,
40178B01405012,40178B0,1405012,40.792709,-4.23369,6278.0,OTERO DE HERREROS,Agrario,,,,Polígono 14 Parcela 5012 NAVA. OTERO DE HERREROS (SEGOVIA),False,False,
40178B01405014,40178B0,1405014,40.792961,-4.242735,5715.0,OTERO DE HERREROS,Agrario,,,,Polígono 14 Parcela 5014 CABRERIZA Y VEGA. OTERO DE HERREROS (SEGOVIA),False,False,
40178B01405015,40178B0,1405015,40.792484,-4.236653,22774.0,OTERO DE HERREROS,,,,,,False,False,
40178B01405016,40178B0,1405016,40.79215,-4.234908,5667.0,OTERO DE HERREROS,,,,,,False,False,
40178B01405018,40178B0,1405018,40.790931,-4.229322,7009.0,OTERO DE HERREROS,Agrario,,,,Polígono 14 Parcela 5018 NAVANDRINAL. OTERO DE HERREROS (SEGOVIA),False,False,
40178B01405055,40178B0,1405055,40.796885,-4.245843,3985.0,OTERO DE HERREROS,Agrario,,,,Polígono 14 Parcela 5055 NAVA REDONDA. OTERO DE HERREROS (SEGOVIA),False,False,
40178B01405056,40178B0,1405056,40.79698,-4.245631,2478.0,OTERO DE HERREROS,Agrario,,,,Polígono 14 Parcela 5056 NAVA REDONDA. OTERO DE HERREROS (SEGOVIA),False,False,
40178B01405058,40178B0,1405058,40.796801,-4.246061,2320.0,OTERO DE HERREROS,Agrario,,,,Polígono 14 Parcela 5058 NAVA REDONDA. OTERO DE HERREROS (SEGOVIA),False,False,
40178B01405073,40178B0,1405073,40.793527,-4.2341,28194.0,OTERO DE HERREROS,Agrario,,,,Polígono 14 Parcela 5073 NAVA. OTERO DE HERREROS (SEGOVIA),False,False,
40178B01409001,40178B0,1409001,40.798205,-4.244358,2028.0,OTERO DE HERREROS,Agrario,,,,Polígono 14 Parcela 9001 VARIOS. OTERO DE HERREROS (SEGOVIA),False,False,
40178B01409002,40178B0,1409002,40.795716,-4.237783,3087.0,OTERO DE HERREROS,Agrario,,,,Polígono 14 Parcela 9002 ARROYO. OTERO DE HERREROS (SEGOVIA),False,False,
40178B01409003,40178B0,1409003,40.792813,-4.235388,2271.0,OTERO DE HERREROS,Agrario,,,,Polígono 14 Parcela 9003 VARIOS. OTERO DE HERREROS (SEGOVIA),False,False,
40178B01409004,40178B0,1409004,40.797186,-4.231691,2686.0,OTERO DE HERREROS,Agrario,,,,Polígono 14 Parcela 9004 VARIOS. OTERO DE HERREROS (SEGOVIA),False,False,
40178B01409005,40178B0,1409005,40.791667,-4.235326,7403.0,OTERO DE HERREROS,Agrario,,,,Polígono 14 Parcela 9005 VARIOS. OTERO DE HERREROS (SEGOVIA),False,False,
40178B01409006,40178B0,1409006,40.795155,-4.235612,1637.0,OTERO DE HERREROS,Agrario,,,,Polígono 14 Parcela 9006 ARROYO. OTERO DE HERREROS (SEGOVIA),False,False,
40178B01500001,40178B0,1500001,40.794579,-4.220891,8161.0,OTERO DE HERREROS,Agrario,,,,Polígono 15 Parcela 1 MEADERO DE LOS MACHOS. OTERO DE HERREROS (SEGOVIA),False,False,
40178B01500002,40178B0,1500002,40.799485,-4.219844,23561.0,OTERO DE HERREROS,Agrario,,,,Polígono 15 Parcela 2 COTEZUELO. OTERO DE HERREROS (SEGOVIA),False,False,
40178B01500003,40178B0,1500003,40.798137,-4.222964,71757.0,OTERO DE HERREROS,Agrario,,,,Polígono 15 Parcela 3 MEADERO DE LOS MACHOS. OTERO DE HERREROS (SEGOVIA),False,False,
40178B01500004,40178B0,1500004,40.799946,-4.22365,60884.0,OTERO DE HERREROS,Agrario,,,,Polígono 15 Parcela 4 MEADERO DE LOS MACHOS. OTERO DE HERREROS (SEGOVIA),False,False,
40178B01500005,40178B0,1500005,40.801136,-4.222682,3768.0,OTERO DE HERREROS,Agrario,,,,Polígono 15 Parcela 5 MEADERO DE LOS MACHOS. OTERO DE HERREROS (SEGOVIA),False,False,
40178B01500006,40178B0,1500006,40.801472,-4.223201,8688.0,OTERO DE HERREROS,Agrario,,,,Polígono 15 Parcela 6 MEADERO DE LOS MACHOS. OTERO DE HERREROS (SEGOVIA),False,False,
40178B01500007,40178B0,1500007,40.80114,-4.224482,3447.0,OTERO DE HERREROS,Agrario,,,,Polígono 15 Parcela 7 MEADERO DE LOS MACHOS. OTERO DE HERREROS (SEGOVIA),False,False,
40178B01500008,40178B0,1500008,40.801651,-4.224253,3663.0,OTERO DE HERREROS,Agrario,,,,Polígono 15 Parcela 8 MEADERO DE LOS MACHOS. OTERO DE HERREROS (SEGOVIA),False,False,
40261A00200398,40261A0,0200398,40.802075,-4.255007,256380.0,VEGAS DE MATUTE,Agrario,,,,Polígono 2 Parcela 398 EL MATUTE. VEGAS DE MATUTE (SEGOVIA),False,False,
40261A00200399,40261A0,0200399,40.79905,-4.253626,5760.0,VEGAS DE MATUTE,Agrario,,,,Polígono 2 Parcela 399 EL MATUTE. VEGAS DE MATUTE (SEGOVIA),False,False,
40261A00200400,40261A0,0200400,40.798453,-4.254548,35452.0,VEGAS DE MATUTE,Agrario,,,,Polígono 2 Parcela 400 EL MATUTE. VEGAS DE MATUTE (SEGOVIA),False,False,
40261A00200401,40261A0,0200401,40.799643,-4.255984,8264.0,VEGAS DE MATUTE,Agrario,,,,Polígono 2 Parcela 401 EL MATUTE. VEGAS DE MATUTE (SEGOVIA),False,False,
40261A00200403,40261A0,0200403,40.797907,-4.256363,23698.0,VEGAS DE MATUTE,Agrario,,,,Polígono 2 Parcela 403 EL MATUTE. VEGAS DE MATUTE (SEGOVIA),False,False,
40261A00200416,40261A0,0200416,40.798136,-4.252555,4347.0,VEGAS DE MATUTE,Agrario,,,,Polígono 2 Parcela 416 CAÑUELO. VEGAS DE MATUTE (SEGOVIA),False,False,
40261A00200417,40261A0,0200417,40.79857,-4.252646,2930.0,VEGAS DE MATUTE,Agrario,,,,Polígono 2 Parcela 417 CAÑUELO. VEGAS DE MATUTE (SEGOVIA),False,False,
40261A00200418,40261A0,0200418,40.79888,-4.252728,3643.0,VEGAS DE MATUTE,Agrario,,,,Polígono 2 Parcela 418 CAÑUELO. VEGAS DE MATUTE (SEGOVIA),False,False,
40261A00200419,40261A0,0200419,40.799107,-4.25274,1796.0,VEGAS DE MATUTE,Agrario,,,,Polígono 2 Parcela 419 CAÑUELO. VEGAS DE MATUTE (SEGOVIA),False,False,
40261A00200420,40261A0,0200420,40.799334,-4.252559,4633.0,VEGAS DE MATUTE,Agrario,,,,Polígono 2 Parcela 420 CAÑUELO. VEGAS DE MATUTE (SEGOVIA),False,False,
40261A00200421,40261A0,0200421,40.799273,-4.251729,1231.0,VEGAS DE MATUTE,Agrario,,,,Polígono 2 Parcela 421 CAÑUELO. VEGAS DE MATUTE (SEGOVIA),False,False,
40261A00200422,40261A0,0200422,40.799243,-4.251403,1204.0,VEGAS DE MATUTE,Agrario,,,,Polígono 2 Parcela 422 CAÑUELO. VEGAS DE MATUTE (SEGOVIA),False,False,
40261A00200423,40261A0,0200423,40.799222,-4.251104,1054.0,VEGAS DE MATUTE,Agrario,,,,Polígono 2 Parcela 423 CAÑUELO. VEGAS DE MATUTE (SEGOVIA),False,False,
40261A00200424,40261A0,0200424,40.798485,-4.251287,3435.0,VEGAS DE MATUTE,Agrario,,,,Polígono 2 Parcela 424 CAÑUELO. VEGAS DE MATUTE (SEGOVIA),False,False,
40261A00200425,40261A0,0200425,40.79851,-4.251554,1950.0,VEGAS DE MATUTE,Agrario,,,,Polígono 2 Parcela 425 CAÑUELO. VEGAS DE MATUTE (SEGOVIA),False,False,
40261A00200426,40261A0,0200426,40.798593,-4.251786,2700.0,VEGAS DE MATUTE,Agrario,,,,Polígono 2 Parcela 426 CAÑUELO. VEGAS DE MATUTE (SEGOVIA),False,False,
40261A00200427,40261A0,0200427,40.79864,-4.252027,1746.0,VEGAS DE MATUTE,Agrario,,,,Polígono 2 Parcela 427 CAÑUELO. VEGAS DE MATUTE (SEGOVIA),False,False,
40261A00200428,40261A0,0200428,40.797847,-4.251629,3350.0,VEGAS DE MATUTE,Agrario,,,,Polígono 2 Parcela 428 CAÑUELO. VEGAS DE MATUTE (SEGOVIA),False,False,
40261A00200429,40261A0,0200429,40.797582,-4.251099,379.0,VEGAS DE MATUTE,Agrario,,,,Polígono 2 Parcela 429 CAÑUELO. VEGAS DE MATUTE (SEGOVIA),False,False,
40261A00200430,40261A0,0200430,40.797483,-4.250905,462.0,VEGAS DE MATUTE,Agrario,,,,Polígono 2 Parcela 430 CAÑUELO. VEGAS DE MATUTE (SEGOVIA),False,False,
40261A00200431,40261A0,0200431,40.797392,-4.250716,566.0,VEGAS DE MATUTE,Agrario,,,,Polígono 2 Parcela 431 CAÑUELO. VEGAS DE MATUTE (SEGOVIA),False,False,
40261A00200432,40261A0,0200432,40.797337,-4.250521,485.0,VEGAS DE MATUTE,Agrario,,,,Polígono 2 Parcela 432 CAÑUELO. VEGAS DE MATUTE (SEGOVIA),False,False,
40261A00200433,40261A0,0200433,40.797046,-4.250285,876.0,VEGAS DE MATUTE,Agrario,,,,Polígono 2 Parcela 433 CAÑUELO. VEGAS DE MATUTE (SEGOVIA),False,False,
40261A00200434,40261A0,0200434,40.797343,-4.249432,1727.0,VEGAS DE MATUTE,Agrario,,,,Polígono 2 Parcela 434 CAÑUELO. VEGAS DE MATUTE (SEGOVIA),False,False,
40261A00200435,40261A0,0200435,40.797463,-4.249525,1099.0,VEGAS DE MATUTE,Agrario,,,,Polígono 2 Parcela 435 CAÑUELO. VEGAS DE MATUTE (SEGOVIA),False,False,
40261A00200436,40261A0,0200436,40.797879,-4.249691,1782.0,VEGAS DE MATUTE,Agrario,,,,Polígono 2 Parcela 436 CAÑUELO. VEGAS DE MATUTE (SEGOVIA),False,False,
40261A00200437,40261A0,0200437,40.797699,-4.249857,1559.0,VEGAS DE MATUTE,Agrario,,,,Polígono 2 Parcela 437 CAÑUELO. VEGAS DE MATUTE (SEGOVIA),False,False,
40261A00200438,40261A0,0200438,40.797394,-4.250032,1629.0,VEGAS DE MATUTE,Agrario,,,,Polígono 2 Parcela 438 CAÑUELO. VEGAS DE MATUTE (SEGOVIA),False,False,
40261A00200439,40261A0,0200439,40.797601,-4.250639,1240.0,VEGAS DE MATUTE,Agrario,,,,Polígono 2 Parcela 439 CAÑUELO. VEGAS DE MATUTE (SEGOVIA),False,False,
40261A00200440,40261A0,0200440,40.79788,-4.250733,2685.0,VEGAS DE MATUTE,Agrario,,,,Polígono 2 Parcela 440 CAÑUELO. VEGAS DE MATUTE (SEGOVIA),False,False,
40261A00200441,40261A0,0200441,40.798334,-4.250787,3080.0,VEGAS DE MATUTE,Agrario,,,,Polígono 2 Parcela 441 CAÑUELO. VEGAS DE MATUTE (SEGOVIA),False,False,
40261A00200442,40261A0,0200442,40.798988,-4.250892,2039.0,VEGAS DE MATUTE,Agrario,,,,Polígono 2 Parcela 442 CAÑUELO. VEGAS DE MATUTE (SEGOVIA),False,False,
40261A00200443,40261A0,0200443,40.798947,-4.250512,3632.0,VEGAS DE MATUTE,Agrario,,,,Polígono 2 Parcela 443 CAÑUELO. VEGAS DE MATUTE (SEGOVIA),False,False,
40261A00200444,40261A0,0200444,40.798469,-4.250136,4921.0,VEGAS DE MATUTE,Agrario,,,,Polígono 2 Parcela 444 LA DIONISIA. VEGAS DE MATUTE (SEGOVIA),False,False,
40261A00200445,40261A0,0200445,40.798401,-4.249582,320.0,VEGAS DE MATUTE,Agrario,,,,Polígono 2 Parcela 445 LA DIONISIA. VEGAS DE MATUTE (SEGOVIA),False,False,
40261A00200446,40261A0,0200446,40.798215,-4.249045,10131.0,VEGAS DE MATUTE,Agrario,,,,Polígono 2 Parcela 446 LA DIONISIA. VEGAS DE MATUTE (SEGOVIA),False,False,
40261A00200447,40261A0,0200447,40.797719,-4.248458,3188.0,VEGAS DE MATUTE,Agrario,,,,Polígono 2 Parcela 447 LA DIONISIA. VEGAS DE MATUTE (SEGOVIA),False,False,
40261A00200448,40261A0,0200448,40.797738,-4.247771,6645.0,VEGAS DE MATUTE,Agrario,,,,Polígono 2 Parcela 448 LA DIONISIA. VEGAS DE MATUTE (SEGOVIA),False,False,
40261A00200449,40261A0,0200449,40.798408,-4.248098,1160.0,VEGAS DE MATUTE,Agrario,,,,Polígono 2 Parcela 449 LA DIONISIA. VEGAS DE MATUTE (SEGOVIA),False,False,
40261A00200450,40261A0,0200450,40.79776,-4.247396,2716.0,VEGAS DE MATUTE,Agrario,,,,Polígono 2 Parcela 450 LA DIONISIA. VEGAS DE MATUTE (SEGOVIA),False,False,
40261A00200451,40261A0,0200451,40.79857,-4.247776,13558.0,VEGAS DE MATUTE,Agrario,,,,Polígono 2 Parcela 451 LA DIONISIA. VEGAS DE MATUTE (SEGOVIA),False,False,
40261A00200452,40261A0,0200452,40.799189,-4.248859,1986.0,VEGAS DE MATUTE,Agrario,,,,Polígono 2 Parcela 452 LA DIONISIA. VEGAS DE MATUTE (SEGOVIA),False,False,
40261A00200453,40261A0,0200453,40.799522,-4.249346,14997.0,VEGAS DE MATUTE,Agrario,,,,Polígono 2 Parcela 453 LA COTERA. VEGAS DE MATUTE (SEGOVIA),False,False,
40261A00200454,40261A0,0200454,40.800236,-4.248223,2829.0,VEGAS DE MATUTE,Agrario,,,,Polígono 2 Parcela 454 LA COTERA. VEGAS DE MATUTE (SEGOVIA),False,False,
40261A00200455,40261A0,0200455,40.799843,-4.248051,817.0,VEGAS DE MATUTE,Agrario,,,,Polígono 2 Parcela 455 LA COTERA. VEGAS DE MATUTE (SEGOVIA),False,False,
40261A00200456,40261A0,0200456,40.800057,-4.247623,244.0,VEGAS DE MATUTE,Agrario,,,,Polígono 2 Parcela 456 LA COTERA. VEGAS DE MATUTE (SEGOVIA),False,False,
40261A00200457,40261A0,0200457,40.800844,-4.247056,3145.0,VEGAS DE MATUTE,Agrario,,,,Polígono 2 Parcela 457 LA COTERA. VEGAS DE MATUTE (SEGOVIA),False,False,
40261A00200458,40261A0,0200458,40.800555,-4.24695,560.0,VEGAS DE MATUTE,Agrario,,,,Polígono 2 Parcela 458 LA COTERA. VEGAS DE MATUTE (SEGOVIA),False,False,
40261A00200460,40261A0,0200460,40.801402,-4.248908,2132.0,VEGAS DE MATUTE,Agrario,,,,Polígono 2 Parcela 460 VALDECERCADOS. VEGAS DE MATUTE (SEGOVIA),False,False,
40261A00200461,40261A0,0200461,40.801164,-4.249263,2957.0,VEGAS DE MATUTE,Agrario,,,,Polígono 2 Parcela 461 VALDECERCADOS. VEGAS DE MATUTE (SEGOVIA),False,False,
40261A00200462,40261A0,0200462,40.801178,-4.249602,3845.0,VEGAS DE MATUTE,Agrario,,,,Polígono 2 Parcela 462 VALDECERCADOS. VEGAS DE MATUTE (SEGOVIA),False,False,
40261A00200463,40261A0,0200463,40.801158,-4.249988,1558.0,VEGAS DE MATUTE,Agrario,,,,Polígono 2 Parcela 463 VALDECERCADOS. VEGAS DE MATUTE (SEGOVIA),False,False,
40261A00200464,40261A0,0200464,40.800703,-4.250001,1786.0,VEGAS DE MATUTE,Agrario,,,,Polígono 2 Parcela 464 VALDECERCADOS. VEGAS DE MATUTE (SEGOVIA),False,False,
40261A00200465,40261A0,0200465,40.801036,-4.250356,4836.0,VEGAS DE MATUTE,Agrario,,,,Polígono 2 Parcela 465 VALDECERCADOS. VEGAS DE MATUTE (SEGOVIA),False,False,
40261A00200466,40261A0,0200466,40.800482,-4.250798,2361.0,VEGAS DE MATUTE,Agrario,,,,Polígono 2 Parcela 466 VALDECERCADOS. VEGAS DE MATUTE (SEGOVIA),False,False,
40261A00200467,40261A0,0200467,40.801071,-4.250798,2963.0,VEGAS DE MATUTE,Agrario,,,,Polígono 2 Parcela 467 VALDECERCADOS. VEGAS DE MATUTE (SEGOVIA),False,False,
40261A00200495,40261A0,0200495,40.798764,-4.248441,1551.0,VEGAS DE MATUTE,Agrario,,,,Polígono 2 Parcela 495 LA DIONISIA. VEGAS DE MATUTE (SEGOVIA),False,False,
40261A00200512,40261A0,0200512,40.800452,-4.247695,3321.0,VEGAS DE MATUTE,Agrario,,,,Polígono 2 Parcela 512 LA COTERA. VEGAS DE MATUTE (SEGOVIA),False,False,
40261A00200513,40261A0,0200513,40.800262,-4.247305,114.0,VEGAS DE MATUTE,Agrario,,,,Polígono 2 Parcela 513 LA COTERA. VEGAS DE MATUTE (SEGOVIA),False,False,
40261A00209009,40261A0,0209009,40.798479,-4.255976,1821.0,VEGAS DE MATUTE,Agrario,,,,Polígono 2 Parcela 9009 CAMIO VEGAS-VENTA DEL HAMBRE. VEGAS DE MATUTE (SEGOVIA),False,False,
40261A00209011,40261A0,0209011,40.799528,-4.256917,5893.0,VEGAS DE MATUTE,Agrario,,,,Polígono 2 Parcela 9011 CAMINO DE OTEROS DE HERREROS. VEGAS DE MATUTE (SEGOVIA),False,False,
40261A00209015,40261A0,0209015,40.795465,-4.272933,46572.0,VEGAS DE MATUTE,Agrario,,,,Polígono 2 Parcela 9015 CARRETERA SANCHIDRIAN-OTERO. VEGAS DE MATUTE (SEGOVIA),False,False,
40261A00209020,40261A0,0209020,40.800197,-4.256837,2150.0,VEGAS DE MATUTE,Agrario,,,,Polígono 2 Parcela 9020 ARROYO DE HERREROS. VEGAS DE MATUTE (SEGOVIA),False,False,
40261A00209021,40261A0,0209021,40.798904,-4.254119,9262.0,VEGAS DE MATUTE,Agrario,,,,Polígono 2 Parcela 9021 ARROYO DE HERREROS. VEGAS DE MATUTE (SEGOVIA),False,False,
40261A00210451,40261A0,0210451,40.798926,-4.248555,500.0,VEGAS DE MATUTE,Agrario,,,,Polígono 2 Parcela 10451 LA DIONISIA. VEGAS DE MATUTE (SEGOVIA),False,False,
40261A00300581,40261A0,0300581,40.792035,-4.253733,545.0,VEGAS DE MATUTE,Agrario,,,,Polígono 3 Parcela 581 AUMARRE. VEGAS DE MATUTE (SEGOVIA),False,False,
40261A00300582,40261A0,0300582,40.7926,-4.252259,28116.0,VEGAS DE MATUTE,Agrario,,,,Polígono 3 Parcela 582 AUMARRE. VEGAS DE MATUTE (SEGOVIA),False,False,
40261A00300583,40261A0,0300583,40.79269,-4.253556,12372.0,VEGAS DE MATUTE,Agrario,,,,Polígono 3 Parcela 583 ARROYO DE AUMARRE. VEGAS DE MATUTE (SEGOVIA),False,False,
40261A00300584,40261A0,0300584,40.792078,-4.254129,307.0,VEGAS DE MATUTE,Agrario,,,,Polígono 3 Parcela 584 ARROYO DE AUMARRE. VEGAS DE MATUTE (SEGOVIA),False,False,
40261A00300611,40261A0,0300611,40.794368,-4.256391,10184.0,VEGAS DE MATUTE,Agrario,,,,Polígono 3 Parcela 611 ARROYO DE AUMARRE. VEGAS DE MATUTE (SEGOVIA),False,False,
40261A00300617,40261A0,0300617,40.793985,-4.256155,3954.0,VEGAS DE MATUTE,Agrario,,,,Polígono 3 Parcela 617 ARROYO DE AUMARRE. VEGAS DE MATUTE (SEGOVIA),False,False,
40261A00300618,40261A0,0300618,40.793722,-4.255705,6836.0,VEGAS DE MATUTE,Agrario,,,,Polígono 3 Parcela 618 ARROYO DE AUMARRE. VEGAS DE MATUTE (SEGOVIA),False,False,
40261A00300619,40261A0,0300619,40.793551,-4.255416,6202.0,VEGAS DE MATUTE,Agrario,,,,Polígono 3 Parcela 619 ARROYO DE AUMARRE. VEGAS DE MATUTE (SEGOVIA),False,False,
40261A00300620,40261A0,0300620,40.793452,-4.255025,9413.0,VEGAS DE MATUTE,Agrario,,,,Polígono 3 Parcela 620 ARROYO DE AUMARRE. VEGAS DE MATUTE (SEGOVIA),False,False,
40261A00300621,40261A0,0300621,40.793391,-4.254647,4719.0,VEGAS DE MATUTE,Agrario,,,,Polígono 3 Parcela 621 ARROYO DE AUMARRE. VEGAS DE MATUTE (SEGOVIA),False,False,
40261A00300622,40261A0,0300622,40.793253,-4.254463,4177.0,VEGAS DE MATUTE,Agrario,,,,Polígono 3 Parcela 622 ARROYO DE AUMARRE. VEGAS DE MATUTE (SEGOVIA),False,False,
40261A00300623,40261A0,0300623,40.793093,-4.254202,7472.0,VEGAS DE MATUTE,Agrario,,,,Polígono 3 Parcela 623 ARROYO DE AUMARRE. VEGAS DE MATUTE (SEGOVIA),False,False,
40261A00300624,40261A0,0300624,40.794065,-4.253205,161.0,VEGAS DE MATUTE,Agrario,,,,Polígono 3 Parcela 624 ENTRERIOS. VEGAS DE MATUTE (SEGOVIA),False,False,
40261A00300625,40261A0,0300625,40.794967,-4.255894,13255.0,VEGAS DE MATUTE,Agrario,,,,Polígono 3 Parcela 625 ENTRERIOS. VEGAS DE MATUTE (SEGOVIA),False,False,
40261A00300626,40261A0,0300626,40.796495,-4.258356,4558.0,VEGAS DE MATUTE,Agrario,,,,Polígono 3 Parcela 626 ENTRERIOS. VEGAS DE MATUTE (SEGOVIA),False,False,
40261A00300629,40261A0,0300629,40.796204,-4.256285,3024.0,VEGAS DE MATUTE,Agrario,,,,Polígono 3 Parcela 629 PEDAZO MATUTE. VEGAS DE MATUTE (SEGOVIA),False,False,
40261A00300630,40261A0,0300630,40.796095,-4.255944,3217.0,VEGAS DE MATUTE,Agrario,,,,Polígono 3 Parcela 630 PEDAZO MATUTE. VEGAS DE MATUTE (SEGOVIA),False,False,
40261A00300631,40261A0,0300631,40.795991,-4.255595,2752.0,VEGAS DE MATUTE,Agrario,,,,Polígono 3 Parcela 631 PEDAZO MATUTE. VEGAS DE MATUTE (SEGOVIA),False,False,
40261A00300632,40261A0,0300632,40.795839,-4.25534,2361.0,VEGAS DE MATUTE,Agrario,,,,Polígono 3 Parcela 632 PEDAZO MATUTE. VEGAS DE MATUTE (SEGOVIA),False,False,
40261A00300633,40261A0,0300633,40.795674,-4.254801,6351.0,VEGAS DE MATUTE,Agrario,,,,Polígono 3 Parcela 633 PEDAZO MATUTE. VEGAS DE MATUTE (SEGOVIA),False,False,
40261A00300635,40261A0,0300635,40.796084,-4.254513,1081.0,VEGAS DE MATUTE,Agrario,,,,Polígono 3 Parcela 635 PEDAZO MATUTE. VEGAS DE MATUTE (SEGOVIA),False,False,
40261A00300636,40261A0,0300636,40.7965,-4.255149,5130.0,VEGAS DE MATUTE,Agrario,,,,Polígono 3 Parcela 636 PEDAZO MATUTE. VEGAS DE MATUTE (SEGOVIA),False,False,
40261A00300637,40261A0,0300637,40.796913,-4.255407,2044.0,VEGAS DE MATUTE,Agrario,,,,Polígono 3 Parcela 637 PEDAZO MATUTE. VEGAS DE MATUTE (SEGOVIA),False,False,
40261A00300638,40261A0,0300638,40.79657,-4.254608,2765.0,VEGAS DE MATUTE,Agrario,,,,Polígono 3 Parcela 638 PEDAZO MATUTE. VEGAS DE MATUTE (SEGOVIA),False,False,
40261A00300639,40261A0,0300639,40.797003,-4.254384,56680.0,VEGAS DE MATUTE,,ER,EXTRARRADIO,,,False,False,
40261A00300640,40261A0,0300640,40.796371,-4.252195,75120.0,VEGAS DE MATUTE,Agrario,,,,Polígono 3 Parcela 640 EL MATUTE. VEGAS DE MATUTE (SEGOVIA),False,False,
40261A00300641,40261A0,0300641,40.793689,-4.250562,8869.0,VEGAS DE MATUTE,Agrario,,,,Polígono 3 Parcela 641 SUERTES. VEGAS DE MATUTE (SEGOVIA),False,False,
40261A00300642,40261A0,0300642,40.794169,-4.250312,9056.0,VEGAS DE MATUTE,Agrario,,,,Polígono 3 Parcela 642 SUERTES. VEGAS DE MATUTE (SEGOVIA),False,False,
40261A00300643,40261A0,0300643,40.79452,-4.250254,2575.0,VEGAS DE MATUTE,Agrario,,,,Polígono 3 Parcela 643 SUERTES. VEGAS DE MATUTE (SEGOVIA),False,False,
40261A00300644,40261A0,0300644,40.794687,-4.250198,2965.0,VEGAS DE MATUTE,Agrario,,,,Polígono 3 Parcela 644 SUERTES. VEGAS DE MATUTE (SEGOVIA),False,False,
40261A00300645,40261A0,0300645,40.79498,-4.249939,8730.0,VEGAS DE MATUTE,Agrario,,,,Polígono 3 Parcela 645 SUERTES. VEGAS DE MATUTE (SEGOVIA),False,False,
40261A00300646,40261A0,0300646,40.795245,-4.249399,5037.0,VEGAS DE MATUTE,Agrario,,,,Polígono 3 Parcela 646 SUERTES. VEGAS DE MATUTE (SEGOVIA),False,False,
40261A00300647,40261A0,0300647,40.796345,-4.249375,19562.0,VEGAS DE MATUTE,Agrario,,,,Polígono 3 Parcela 647 LA DIONISIA. VEGAS DE MATUTE (SEGOVIA),False,False,
40261A00300648,40261A0,0300648,40.797273,-4.248743,473.0,VEGAS DE MATUTE,Agrario,,,,Polígono 3 Parcela 648 LA DIONISIA. VEGAS DE MATUTE (SEGOVIA),False,False,
40261A00300649,40261A0,0300649,40.797172,-4.248549,1807.0,VEGAS DE MATUTE,Agrario,,,,Polígono 3 Parcela 649 LA DIONISIA. VEGAS DE MATUTE (SEGOVIA),False,False,
40261A00300650,40261A0,0300650,40.796993,-4.248429,1790.0,VEGAS DE MATUTE,Agrario,,,,Polígono 3 Parcela 650 LA DIONISIA. VEGAS DE MATUTE (SEGOVIA),False,False,
40261A00300651,40261A0,0300651,40.796861,-4.248341,1147.0,VEGAS DE MATUTE,Agrario,,,,Polígono 3 Parcela 651 LA DIONISIA. VEGAS DE MATUTE (SEGOVIA),False,False,
40261A00300652,40261A0,0300652,40.796764,-4.248276,1138.0,VEGAS DE MATUTE,Agrario,,,,Polígono 3 Parcela 652 LA DIONISIA. VEGAS DE MATUTE (SEGOVIA),False,False,
40261A00300653,40261A0,0300653,40.796198,-4.247934,13147.0,VEGAS DE MATUTE,Agrario,,,,Polígono 3 Parcela 653 LA DIONISIA. VEGAS DE MATUTE (SEGOVIA),False,False,
40261A00300655,40261A0,0300655,40.795832,-4.246906,2861.0,VEGAS DE MATUTE,Agrario,,,,Polígono 3 Parcela 655 LA DIONISIA. VEGAS DE MATUTE (SEGOVIA),False,False,
40261A00300656,40261A0,0300656,40.796733,-4.247525,2184.0,VEGAS DE MATUTE,Agrario,,,,Polígono 3 Parcela 656 LA DIONISIA. VEGAS DE MATUTE (SEGOVIA),False,False,
40261A00300657,40261A0,0300657,40.796651,-4.247226,1268.0,VEGAS DE MATUTE,Agrario,,,,Polígono 3 Parcela 657 LA DIONISIA. VEGAS DE MATUTE (SEGOVIA),False,False,
40261A00300658,40261A0,0300658,40.796739,-4.246812,1642.0,VEGAS DE MATUTE,Agrario,,,,Polígono 3 Parcela 658 LA DIONISIA. VEGAS DE MATUTE (SEGOVIA),False,False,
40261A00300659,40261A0,0300659,40.796946,-4.246408,1284.0,VEGAS DE MATUTE,Agrario,,,,Polígono 3 Parcela 659 LA DIONISIA. VEGAS DE MATUTE (SEGOVIA),False,False,
40261A00300660,40261A0,0300660,40.79634,-4.246461,4270.0,VEGAS DE MATUTE,Agrario,,,,Polígono 3 Parcela 660 LA DIONISIA. VEGAS DE MATUTE (SEGOVIA),False,False,
40261A00300661,40261A0,0300661,40.795994,-4.246187,3576.0,VEGAS DE MATUTE,Agrario,,,,Polígono 3 Parcela 661 LA DIONISIA. VEGAS DE MATUTE (SEGOVIA),False,False,
40261A00300662,40261A0,0300662,40.795805,-4.24572,1891.0,VEGAS DE MATUTE,Agrario,,,,Polígono 3 Parcela 662 LA DIONISIA. VEGAS DE MATUTE (SEGOVIA),False,False,
40261A00300663,40261A0,0300663,40.795142,-4.246164,17175.0,VEGAS DE MATUTE,Agrario,,,,Polígono 3 Parcela 663 LA DIONISIA. VEGAS DE MATUTE (SEGOVIA),False,False,
40261A00300664,40261A0,0300664,40.795331,-4.247669,3088.0,VEGAS DE MATUTE,Agrario,,,,Polígono 3 Parcela 664 LA DIONISIA. VEGAS DE MATUTE (SEGOVIA),False,False,
40261A00300665,40261A0,0300665,40.795075,-4.248095,1368.0,VEGAS DE MATUTE,Agrario,,,,Polígono 3 Parcela 665 LAS CALLEJAS. VEGAS DE MATUTE (SEGOVIA),False,False,
40261A00300666,40261A0,0300666,40.794896,-4.247813,1468.0,VEGAS DE MATUTE,Agrario,,,,Polígono 3 Parcela 666 LAS CALLEJAS. VEGAS DE MATUTE (SEGOVIA),False,False,
40261A00300667,40261A0,0300667,40.794478,-4.247124,11328.0,VEGAS DE MATUTE,Agrario,,,,Polígono 3 Parcela 667 LAS CALLEJAS. VEGAS DE MATUTE (SEGOVIA),False,False,
40261A00300668,40261A0,0300668,40.794043,-4.246736,1678.0,VEGAS DE MATUTE,Agrario,,,,Polígono 3 Parcela 668 GUIJO CARLOS. VEGAS DE MATUTE (SEGOVIA),False,False,
40261A00300669,40261A0,0300669,40.793794,-4.2469,863.0,VEGAS DE MATUTE,Agrario,,,,Polígono 3 Parcela 669 GUIJO CARLOS. VEGAS DE MATUTE (SEGOVIA),False,False,
40261A00300670,40261A0,0300670,40.793961,-4.247537,958.0,VEGAS DE MATUTE,Agrario,,,,Polígono 3 Parcela 670 GUIJO CARLOS. VEGAS DE MATUTE (SEGOVIA),False,False,
40261A00300671,40261A0,0300671,40.793837,-4.247579,1254.0,VEGAS DE MATUTE,Agrario,,,,Polígono 3 Parcela 671 GUIJO CARLOS. VEGAS DE MATUTE (SEGOVIA),False,False,
40261A00300672,40261A0,0300672,40.793646,-4.247617,3096.0,VEGAS DE MATUTE,Agrario,,,,Polígono 3 Parcela 672 GUIJO CARLOS. VEGAS DE MATUTE (SEGOVIA),False,False,
40261A00300673,40261A0,0300673,40.793149,-4.247829,7438.0,VEGAS DE MATUTE,Agrario,,,,Polígono 3 Parcela 673 GUIJO CARLOS. VEGAS DE MATUTE (SEGOVIA),False,False,
40261A00300674,40261A0,0300674,40.794115,-4.245643,4422.0,VEGAS DE MATUTE,Agrario,,,,Polígono 3 Parcela 674 EL QUEMADO. VEGAS DE MATUTE (SEGOVIA),False,False,
40261A00300675,40261A0,0300675,40.793819,-4.245509,2404.0,VEGAS DE MATUTE,Agrario,,,,Polígono 3 Parcela 675 EL QUEMADO. VEGAS DE MATUTE (SEGOVIA),False,False,
40261A00300676,40261A0,0300676,40.793656,-4.245689,4675.0,VEGAS DE MATUTE,Agrario,,,,Polígono 3 Parcela 676 EL QUEMADO. VEGAS DE MATUTE (SEGOVIA),False,False,
40261A00300677,40261A0,0300677,40.793437,-4.245949,4747.0,VEGAS DE MATUTE,Agrario,,,,Polígono 3 Parcela 677 EL QUEMADO. VEGAS DE MATUTE (SEGOVIA),False,False,
40261A00300678,40261A0,0300678,40.793277,-4.24624,3101.0,VEGAS DE MATUTE,Agrario,,,,Polígono 3 Parcela 678 EL QUEMADO. VEGAS DE MATUTE (SEGOVIA),False,False,
40261A00300679,40261A0,0300679,40.793044,-4.246447,5946.0,VEGAS DE MATUTE,Agrario,,,,Polígono 3 Parcela 679 EL QUEMADO. VEGAS DE MATUTE (SEGOVIA),False,False,
40261A00300680,40261A0,0300680,40.792832,-4.246795,3433.0,VEGAS DE MATUTE,Agrario,,,,Polígono 3 Parcela 680 EL QUEMADO. VEGAS DE MATUTE (SEGOVIA),False,False,
40261A00300681,40261A0,0300681,40.792647,-4.24688,2166.0,VEGAS DE MATUTE,Agrario,,,,Polígono 3 Parcela 681 EL QUEMADO. VEGAS DE MATUTE (SEGOVIA),False,False,
40261A00300682,40261A0,0300682,40.792477,-4.247006,2720.0,VEGAS DE MATUTE,Agrario,,,,Polígono 3 Parcela 682 EL QUEMADO. VEGAS DE MATUTE (SEGOVIA),False,False,
40261A00300718,40261A0,0300718,40.796884,-4.246612,1192.0,VEGAS DE MATUTE,Agrario,,,,Polígono 3 Parcela 718 LA DIONISIA. VEGAS DE MATUTE (SEGOVIA),False,False,
40261A00300719,40261A0,0300719,40.795245,-4.248652,4248.0,VEGAS DE MATUTE,Agrario,,,,Polígono 3 Parcela 719 SUERTES. VEGAS DE MATUTE (SEGOVIA),False,False,
40261A00300720,40261A0,0300720,40.796654,-4.247016,1206.0,VEGAS DE MATUTE,Agrario,,,,Polígono 3 Parcela 720 LA DIONISIA. VEGAS DE MATUTE (SEGOVIA),False,False,
40261A00300725,40261A0,0300725,40.795541,-4.249732,3302.0,VEGAS DE MATUTE,Agrario,,,,Polígono 3 Parcela 725 SUERTES. VEGAS DE MATUTE (SEGOVIA),False,False,
40261A00300726,40261A0,0300726,40.794559,-4.253357,63188.0,VEGAS DE MATUTE,Agrario,,,,ER EXTRARRADIO  Polígono 3 Parcela 726 EL MATUTE. 40423 VEGAS DE MATUTE (SEGOVIA),False,False,
40261A00300727,40261A0,0300727,40.795541,-4.249732,3236.0,VEGAS DE MATUTE,Agrario,,,,Polígono 3 Parcela 727 SUERTES. VEGAS DE MATUTE (SEGOVIA),False,False,
40261A00309008,40261A0,0309008,40.797273,-4.254618,546.0,VEGAS DE MATUTE,Agrario,,,,Polígono 3 Parcela 9008 CAMINO VEGAS MATUTE A LA VENTA. VEGAS DE MATUTE (SEGOVIA),False,False,
40261A00309009,40261A0,0309009,40.795598,-4.247274,1167.0,VEGAS DE MATUTE,Agrario,,,,Polígono 3 Parcela 9009 CAMINO DEL VENTORRILLO. VEGAS DE MATUTE (SEGOVIA),False,False,
40261A00309015,40261A0,0309015,40.795098,-4.255536,5818.0,VEGAS DE MATUTE,Agrario,,,,Polígono 3 Parcela 9015 RIO MOROS. VEGAS DE MATUTE (SEGOVIA),False,False,
40261A00309016,40261A0,0309016,40.793187,-4.253856,2945.0,VEGAS DE MATUTE,Agrario,,,,Polígono 3 Parcela 9016 ARROYO DE AUMARRE. VEGAS DE MATUTE (SEGOVIA),False,False,
40261A00309507,40261A0,0309507,40.793588,-4.244559,9698.0,VEGAS DE MATUTE,Agrario,,,,Polígono 3 Parcela 9507 CAMINO VEGAS MATUTE A LA VENTA. VEGAS DE MATUTE (SEGOVIA),False,False,
4064401UL9146S,4064401,UL9146S,40.7905,-4.256991,93017.0,VEGAS DE MATUTE,"Obras de urbanización y jardineria, suelos sin edificar",CM,ESPINAR A VALDEPRADOS,3,CM ESPINAR A VALDEPRADOS 3 Suelo 40423 VEGAS DE MATUTE (SEGOVIA),False,False,
4064406UL9146S,4064406,UL9146S,40.792104,-4.255802,4877.0,VEGAS DE MATUTE,"Obras de urbanización y jardineria, suelos sin edificar",CM,ABAJO AL MOLINO SIERRA,10,CM ABAJO AL MOLINO SIERRA 10 Suelo 40423 VEGAS DE MATUTE (SEGOVIA),False,False,
4064407UL9146S,4064407,UL9146S,40.792023,-4.255133,3074.0,VEGAS DE MATUTE,"Obras de urbanización y jardineria, suelos sin edificar",CM,ABAJO AL MOLINO SIERRA,12,CM ABAJO AL MOLINO SIERRA 12 Suelo 40423 VEGAS DE MATUTE (SEGOVIA),False,False,
4064408UL9146S,4064408,UL9146S,40.791789,-4.254665,3750.0,VEGAS DE MATUTE,"Obras de urbanización y jardineria, suelos sin edificar",CM,ABAJO AL MOLINO SIERRA,14,CM ABAJO AL MOLINO SIERRA 14 Suelo 40423 VEGAS DE MATUTE (SEGOVIA),False,False,
4064409UL9146S,4064409,UL9146S,40.789301,-4.255813,2064.0,VEGAS DE MATUTE,"Obras de urbanización y jardineria, suelos sin edificar",PJ,NAVAZOS,8,PJ NAVAZOS 8 Suelo 40423 VEGAS DE MATUTE (SEGOVIA),False,False,
4151106UL9145S,4151106,UL9145S,40.778172,-4.255653,3089.0,VEGAS DE MATUTE,"Obras de urbanización y jardineria, suelos sin edificar",VR,VEREDA ANIMAS,12,VR VEREDA ANIMAS 12 Suelo 40423 VEGAS DE MATUTE (SEGOVIA),False,False,
4151107UL9145S,4151107,UL9145S,40.778108,-4.255141,1826.0,VEGAS DE MATUTE,"Obras de urbanización y jardineria, suelos sin edificar",VR,VEREDA ANIMAS,14,VR VEREDA ANIMAS 14 Suelo 40423 VEGAS DE MATUTE (SEGOVIA),False,False,
4151108UL9145S,4151108,UL9145S,40.778054,-4.254661,1474.0,VEGAS DE MATUTE,"Obras de urbanización y jardineria, suelos sin edificar",VR,VEREDA ANIMAS,16,VR VEREDA ANIMAS 16 Suelo 40423 VEGAS DE MATUTE (SEGOVIA),False,False,
4151109UL9145S,4151109,UL9145S,40.777952,-4.253967,2528.0,VEGAS DE MATUTE,"Obras de urbanización y jardineria, suelos sin edificar",VR,VEREDA ANIMAS,18,VR VEREDA ANIMAS 18 Suelo 40423 VEGAS DE MATUTE (SEGOVIA),False,False,
4154302UL9145S,4154302,UL9145S,40.785733,-4.25634,10540.0,VEGAS DE MATUTE,"Obras de urbanización y jardineria, suelos sin edificar",TN,LOS ANGELES DE SAN RAFAEL,4,TN LOS ANGELES DE SAN RAFAEL 4 Suelo 40423 VEGAS DE MATUTE (SEGOVIA),False,False,
4154303UL9145S,4154303,UL9145S,40.786094,-4.256001,4498.0,VEGAS DE MATUTE,"Obras de urbanización y jardineria, suelos sin edificar",TN,LOS ANGELES DE SAN RAFAEL,6,TN LOS ANGELES DE SAN RAFAEL 6 Suelo 40423 VEGAS DE MATUTE (SEGOVIA),False,False,
4154304UL9145S,4154304,UL9145S,40.785871,-4.254675,62103.0,VEGAS DE MATUTE,"Obras de urbanización y jardineria, suelos sin edificar",TN,LOS ANGELES DE SAN RAFAEL,8,TN LOS ANGELES DE SAN RAFAEL 8 Suelo 40423 VEGAS DE MATUTE (SEGOVIA),False,False,
4154305UL9145S,4154305,UL9145S,40.780633,-4.255178,209648.0,VEGAS DE MATUTE,"Obras de urbanización y jardineria, suelos sin edificar",CM,ESPINAR A VALDEPRADOS,37,CM ESPINAR A VALDEPRADOS 37 Suelo 40423 VEGAS DE MATUTE (SEGOVIA),False,False,
4154306UL9145S,4154306,UL9145S,40.780043,-4.25269,10926.0,VEGAS DE MATUTE,"Obras de urbanización y jardineria, suelos sin edificar",VR,VEREDA ANIMAS,27,VR VEREDA ANIMAS 27 Suelo 40423 VEGAS DE MATUTE (SEGOVIA),False,False,
4154307UL9145S,4154307,UL9145S,40.779447,-4.254657,1764.0,VEGAS DE MATUTE,"Obras de urbanización y jardineria, suelos sin edificar",VR,VEREDA ANIMAS,25,VR VEREDA ANIMAS 25 Suelo 40423 VEGAS DE MATUTE (SEGOVIA),False,False,
4154308UL9145S,4154308,UL9145S,40.779359,-4.254487,1799.0,VEGAS DE MATUTE,"Obras de urbanización y jardineria, suelos sin edificar",VR,VEREDA ANIMAS,23,VR VEREDA ANIMAS 23 Suelo 40423 VEGAS DE MATUTE (SEGOVIA),False,False,
4154309UL9145S,4154309,UL9145S,40.779278,-4.254287,1985.0,VEGAS DE MATUTE,"Obras de urbanización y jardineria, suelos sin edificar",VR,VEREDA ANIMAS,21,VR VEREDA ANIMAS 21 Suelo 40423 VEGAS DE MATUTE (SEGOVIA),False,False,
4154310UL9145S,4154310,UL9145S,40.779185,-4.254132,1862.0,VEGAS DE MATUTE,"Obras de urbanización y jardineria, suelos sin edificar",VR,VEREDA ANIMAS,19,VR VEREDA ANIMAS 19 Suelo 40423 VEGAS DE MATUTE (SEGOVIA),False,False,
4154311UL9145S,4154311,UL9145S,40.779079,-4.253964,2540.0,VEGAS DE MATUTE,"Obras de urbanización y jardineria, suelos sin edificar",VR,VEREDA ANIMAS,17,VR VEREDA ANIMAS 17 Suelo 40423 VEGAS DE MATUTE (SEGOVIA),False,False,
4154312UL9145S,4154312,UL9145S,40.778991,-4.253764,1794.0,VEGAS DE MATUTE,"Obras de urbanización y jardineria, suelos sin edificar",VR,VEREDA ANIMAS,15,VR VEREDA ANIMAS 15 Suelo 40423 VEGAS DE MATUTE (SEGOVIA),False,False,
4154313UL9145S,4154313,UL9145S,40.778906,-4.253614,2089.0,VEGAS DE MATUTE,"Obras de urbanización y jardineria, suelos sin edificar",VR,VEREDA ANIMAS,13,VR VEREDA ANIMAS 13 Suelo 40423 VEGAS DE MATUTE (SEGOVIA),False,False,
4154314UL9145S,4154314,UL9145S,40.77875,-4.253361,4819.0,VEGAS DE MATUTE,"Obras de urbanización y jardineria, suelos sin edificar",VR,VEREDA ANIMAS,11,VR VEREDA ANIMAS 11 Suelo 40423 VEGAS DE MATUTE (SEGOVIA),False,False,
4154315UL9145S,4154315,UL9145S,40.778829,-4.25483,2952.0,VEGAS DE MATUTE,"Obras de urbanización y jardineria, suelos sin edificar",VR,VEREDA ANIMAS,9,VR VEREDA ANIMAS 9 Suelo 40423 VEGAS DE MATUTE (SEGOVIA),False,False,
4154316UL9145S,4154316,UL9145S,40.778786,-4.255107,2548.0,VEGAS DE MATUTE,"Obras de urbanización y jardineria, suelos sin edificar",VR,VEREDA ANIMAS,7,VR VEREDA ANIMAS 7 Suelo 40423 VEGAS DE MATUTE (SEGOVIA),False,False,
4154317UL9145S,4154317,UL9145S,40.778712,-4.255329,2722.0,VEGAS DE MATUTE,"Obras de urbanización y jardineria, suelos sin edificar",VR,VEREDA ANIMAS,5,VR VEREDA ANIMAS 5 Suelo 40423 VEGAS DE MATUTE (SEGOVIA),False,False,
4154318UL9145S,4154318,UL9145S,40.778751,-4.2558,2695.0,VEGAS DE MATUTE,"Obras de urbanización y jardineria, suelos sin edificar",VR,VEREDA ANIMAS,3,VR VEREDA ANIMAS 3 Suelo 40423 VEGAS DE MATUTE (SEGOVIA),False,False,
4154333UL9145S,4154333,UL9145S,40.785255,-4.25646,7285.0,VEGAS DE MATUTE,"Obras de urbanización y jardineria, suelos sin edificar",PJ,TORILES,2,PJ TORILES 2 Suelo 40423 VEGAS DE MATUTE (SEGOVIA),False,False,
4154340UL9145S,4154340,UL9145S,40.783109,-4.25575,3454.0,VEGAS DE MATUTE,"Obras de urbanización y jardineria, suelos sin edificar",PJ,TORILES,8,PJ TORILES 8 Suelo 40423 VEGAS DE MATUTE (SEGOVIA),False,False,
4250203UL9145S,4250203,UL9145S,40.777728,-4.25553,810.0,VEGAS DE MATUTE,"Obras de urbanización y jardineria, suelos sin edificar",CM,VEGAS M. AL ESPINAR,15,CM VEGAS M. AL ESPINAR 15 Suelo 40423 VEGAS DE MATUTE (SEGOVIA),False,False,
4250204UL9145S,4250204,UL9145S,40.77778,-4.25506,463.0,VEGAS DE MATUTE,"Obras de urbanización y jardineria, suelos sin edificar",CM,VEGAS M. AL ESPINAR,17,CM VEGAS M. AL ESPINAR 17 Suelo 40423 VEGAS DE MATUTE (SEGOVIA),False,False,
4250205UL9145S,4250205,UL9145S,40.777754,-4.254668,714.0,VEGAS DE MATUTE,"Obras de urbanización y jardineria, suelos sin edificar",CM,VEGAS M. AL ESPINAR,19,CM VEGAS M. AL ESPINAR 19 Suelo 40423 VEGAS DE MATUTE (SEGOVIA),False,False,
4250206UL9145S,4250206,UL9145S,40.777659,-4.25394,2393.0,VEGAS DE MATUTE,"Obras de urbanización y jardineria, suelos sin edificar",VR,VEREDA ANIMAS,20,VR VEREDA ANIMAS 20 Suelo 40423 VEGAS DE MATUTE (SEGOVIA),False,False,
4262401UL9146S,4262401,UL9146S,40.791719,-4.254206,791.0,VEGAS DE MATUTE,"Obras de urbanización y jardineria, suelos sin edificar",CM,ABAJO AL MOLINO SIERRA,16,CM ABAJO AL MOLINO SIERRA 16 Suelo 40423 VEGAS DE MATUTE (SEGOVIA),False,False,
4262402UL9146S,4262402,UL9146S,40.790958,-4.253662,27531.0,VEGAS DE MATUTE,"Obras de urbanización y jardineria, suelos sin edificar",CM,ABAJO AL MOLINO SIERRA,18,CM ABAJO AL MOLINO SIERRA 18 Suelo 40423 VEGAS DE MATUTE (SEGOVIA),False,False,
4262403UL9146S,4262403,UL9146S,40.788735,-4.253788,5329.0,VEGAS DE MATUTE,"Obras de urbanización y jardineria, suelos sin edificar",PJ,NAVAZOS,13,PJ NAVAZOS 13(D) Suelo 40423 VEGAS DE MATUTE (SEGOVIA),False,False,
4262404UL9146S,4262404,UL9146S,40.787628,-4.255317,29995.0,VEGAS DE MATUTE,Industrial,TN,LOS ANGELES DE SAN RAFAEL,5,TN LOS ANGELES DE SAN RAFAEL 5 40423 VEGAS DE MATUTE (SEGOVIA),False,False,
4262405UL9146S,4262405,UL9146S,40.788969,-4.255549,5240.0,VEGAS DE MATUTE,"Obras de urbanización y jardineria, suelos sin edificar",PJ,NAVAZOS,9,PJ NAVAZOS 9 Suelo 40423 VEGAS DE MATUTE (SEGOVIA),False,False,
4262406UL9146S,4262406,UL9146S,40.789414,-4.254645,3753.0,VEGAS DE MATUTE,"Obras de urbanización y jardineria, suelos sin edificar",PJ,NAVAZOS,10,PJ NAVAZOS 10 Suelo 40423 VEGAS DE MATUTE (SEGOVIA),False,False,
4262407UL9146S,4262407,UL9146S,40.789318,-4.253609,2403.0,VEGAS DE MATUTE,"Obras de urbanización y jardineria, suelos sin edificar",PJ,NAVAZOS,11,PJ NAVAZOS 11 Suelo 40423 VEGAS DE MATUTE (SEGOVIA),False,False,
4262408UL9146S,4262408,UL9146S,40.788753,-4.254387,2560.0,VEGAS DE MATUTE,"Obras de urbanización y jardineria, suelos sin edificar",PJ,NAVAZOS,13,PJ NAVAZOS 13 Suelo 40423 VEGAS DE MATUTE (SEGOVIA),False,False,
4262409UL9146S,4262409,UL9146S,40.788762,-4.255091,6957.0,VEGAS DE MATUTE,"Obras de urbanización y jardineria, suelos sin edificar",PJ,NAVAZOS,14,PJ NAVAZOS 14 Suelo 40423 VEGAS DE MATUTE (SEGOVIA),False,False,
4262410UL9146S,4262410,UL9146S,40.789401,-4.254055,2463.0,VEGAS DE MATUTE,"Obras de urbanización y jardineria, suelos sin edificar",PJ,NAVAZOS,12,PJ NAVAZOS 12 Suelo 40423 VEGAS DE MATUTE (SEGOVIA),False,False,
4550901UL9145S,4550901,UL9145S,40.777736,-4.251156,12826.0,VEGAS DE MATUTE,"Obras de urbanización y jardineria, suelos sin edificar",VR,VEREDA ANIMAS,29,VR VEREDA ANIMAS 29 Suelo 40423 VEGAS DE MATUTE (SEGOVIA),False,False,
4951701UL9145S,4951701,UL9145S,40.778709,-4.244643,13181.0,VEGAS DE MATUTE,"Obras de urbanización y jardineria, suelos sin edificar",AV,A,3801,AV A 3801 Suelo 40423 VEGAS DE MATUTE (SEGOVIA),False,False,
5046201UL9154N,5046201,UL9154N,40.776589,-4.242524,9781.0,VEGAS DE MATUTE,"Obras de urbanización y jardineria, suelos sin edificar",CL,X-UA B4,46,CL X-UA B4 46(1) Suelo 40423 VEGAS DE MATUTE (SEGOVIA),False,False,
5046801UL9154N,5046801,UL9154N,40.776012,-4.241965,3596.0,VEGAS DE MATUTE,"Obras de urbanización y jardineria, suelos sin edificar",CL,X-UA B4,45,CL X-UA B4 45(1) Suelo 40423 VEGAS DE MATUTE (SEGOVIA),False,False,
5046802UL9154N,5046802,UL9154N,40.776332,-4.244696,12816.0,VEGAS DE MATUTE,"Obras de urbanización y jardineria, suelos sin edificar",CL,X-UA B4,45,CL X-UA B4 45(2) Suelo 40423 VEGAS DE MATUTE (SEGOVIA),False,False,
5054501UL9155S,5054501,UL9155S,40.784185,-4.244189,12.0,VEGAS DE MATUTE,"Obras de urbanización y jardineria, suelos sin edificar",AV,LOS ANGELES,,AV LOS ANGELES  Suelo 40423 VEGAS DE MATUTE (SEGOVIA),False,False,
5054502UL9155S,5054502,UL9155S,40.782139,-4.241361,623.0,VEGAS DE MATUTE,"Obras de urbanización y jardineria, suelos sin edificar",AV,LOS ANGELES,,AV LOS ANGELES  Suelo 40423 VEGAS DE MATUTE (SEGOVIA),False,False,
5054503UL9155S,5054503,UL9155S,40.782219,-4.24146,615.0,VEGAS DE MATUTE,"Obras de urbanización y jardineria, suelos sin edificar",AV,LOS ANGELES,,AV LOS ANGELES  Suelo 40423 VEGAS DE MATUTE (SEGOVIA),False,False,
5054504UL9155S,5054504,UL9155S,40.7823,-4.241558,612.0,VEGAS DE MATUTE,"Obras de urbanización y jardineria, suelos sin edificar",AV,LOS ANGELES,,AV LOS ANGELES  Suelo 40423 VEGAS DE MATUTE (SEGOVIA),False,False,
5054505UL9155S,5054505,UL9155S,40.782381,-4.241656,607.0,VEGAS DE MATUTE,"Obras de urbanización y jardineria, suelos sin edificar",AV,LOS ANGELES,,AV LOS ANGELES  Suelo 40423 VEGAS DE MATUTE (SEGOVIA),False,False,
5054506UL9155S,5054506,UL9155S,40.782461,-4.241754,602.0,VEGAS DE MATUTE,"Obras de urbanización y jardineria, suelos sin edificar",AV,LOS ANGELES,,AV LOS ANGELES  Suelo 40423 VEGAS DE MATUTE (SEGOVIA),False,False,
5054507UL9155S,5054507,UL9155S,40.78254,-4.241854,596.0,VEGAS DE MATUTE,"Obras de urbanización y jardineria, suelos sin edificar",AV,VALLADOLID,,AV VALLADOLID  Suelo 40423 VEGAS DE MATUTE (SEGOVIA),False,False,
5054508UL9155S,5054508,UL9155S,40.782619,-4.241955,591.0,VEGAS DE MATUTE,"Obras de urbanización y jardineria, suelos sin edificar",AV,LOS ANGELES,,AV LOS ANGELES  Suelo 40423 VEGAS DE MATUTE (SEGOVIA),False,False,
5054509UL9155S,5054509,UL9155S,40.782696,-4.242057,585.0,VEGAS DE MATUTE,"Obras de urbanización y jardineria, suelos sin edificar",AV,LOS ANGELES,,AV LOS ANGELES  Suelo 40423 VEGAS DE MATUTE (SEGOVIA),False,False,
5054510UL9155S,5054510,UL9155S,40.782772,-4.24216,581.0,VEGAS DE MATUTE,"Obras de urbanización y jardineria, suelos sin edificar",AV,LOS ANGELES,,AV LOS ANGELES  Suelo 40423 VEGAS DE MATUTE (SEGOVIA),False,False,
5054511UL9155S,5054511,UL9155S,40.782846,-4.242264,578.0,VEGAS DE MATUTE,"Obras de urbanización y jardineria, suelos sin edificar",AV,LOS ANGELES,,AV LOS ANGELES  Suelo 40423 VEGAS DE MATUTE (SEGOVIA),False,False,
5054512UL9155S,5054512,UL9155S,40.782919,-4.242369,575.0,VEGAS DE MATUTE,"Obras de urbanización y jardineria, suelos sin edificar",AV,LOS ANGELES,,AV LOS ANGELES  Suelo 40423 VEGAS DE MATUTE (SEGOVIA),False,False,
5054513UL9155S,5054513,UL9155S,40.782992,-4.242476,573.0,VEGAS DE MATUTE,"Obras de urbanización y jardineria, suelos sin edificar",AV,LOS ANGELES,,AV LOS ANGELES  Suelo 40423 VEGAS DE MATUTE (SEGOVIA),False,False,
5054514UL9155S,5054514,UL9155S,40.783063,-4.242584,573.0,VEGAS DE MATUTE,"Obras de urbanización y jardineria, suelos sin edificar",AV,LOS ANGELES,,AV LOS ANGELES  Suelo 40423 VEGAS DE MATUTE (SEGOVIA),False,False,
5054515UL9155S,5054515,UL9155S,40.783133,-4.242692,572.0,VEGAS DE MATUTE,"Obras de urbanización y jardineria, suelos sin edificar",AV,LOS ANGELES,,AV LOS ANGELES  Suelo 40423 VEGAS DE MATUTE (SEGOVIA),False,False,
5054516UL9155S,5054516,UL9155S,40.783201,-4.242802,572.0,VEGAS DE MATUTE,"Obras de urbanización y jardineria, suelos sin edificar",AV,LOS ANGELES,,AV LOS ANGELES  Suelo 40423 VEGAS DE MATUTE (SEGOVIA),False,False,
5054517UL9155S,5054517,UL9155S,40.783269,-4.242913,572.0,VEGAS DE MATUTE,"Obras de urbanización y jardineria, suelos sin edificar",AV,LOS ANGELES,,AV LOS ANGELES  Suelo 40423 VEGAS DE MATUTE (SEGOVIA),False,False,
5054518UL9155S,5054518,UL9155S,40.783336,-4.243025,573.0,VEGAS DE MATUTE,"Obras de urbanización y jardineria, suelos sin edificar",AV,LOS ANGELES,,AV LOS ANGELES  Suelo 40423 VEGAS DE MATUTE (SEGOVIA),False,False,
5054519UL9155S,5054519,UL9155S,40.783402,-4.243138,573.0,VEGAS DE MATUTE,"Obras de urbanización y jardineria, suelos sin edificar",AV,LOS ANGELES,,AV LOS ANGELES  Suelo 40423 VEGAS DE MATUTE (SEGOVIA),False,False,
5054520UL9155S,5054520,UL9155S,40.783467,-4.243251,574.0,VEGAS DE MATUTE,"Obras de urbanización y jardineria, suelos sin edificar",AV,LOS ANGELES,,AV LOS ANGELES  Suelo 40423 VEGAS DE MATUTE (SEGOVIA),False,False,
5054521UL9155S,5054521,UL9155S,40.783531,-4.243366,574.0,VEGAS DE MATUTE,"Obras de urbanización y jardineria, suelos sin edificar",AV,LOS ANGELES,,AV LOS ANGELES  Suelo 40423 VEGAS DE MATUTE (SEGOVIA),False,False,
5054522UL9155S,5054522,UL9155S,40.783593,-4.243482,574.0,VEGAS DE MATUTE,"Obras de urbanización y jardineria, suelos sin edificar",AV,LOS ANGELES,,AV LOS ANGELES  Suelo 40423 VEGAS DE MATUTE (SEGOVIA),False,False,
5054523UL9155S,5054523,UL9155S,40.783655,-4.243599,576.0,VEGAS DE MATUTE,"Obras de urbanización y jardineria, suelos sin edificar",AV,LOS ANGELES,,AV LOS ANGELES  Suelo 40423 VEGAS DE MATUTE (SEGOVIA),False,False,
5054524UL9155S,5054524,UL9155S,40.783716,-4.243716,577.0,VEGAS DE MATUTE,"Obras de urbanización y jardineria, suelos sin edificar",AV,LOS ANGELES,,AV LOS ANGELES  Suelo 40423 VEGAS DE MATUTE (SEGOVIA),False,False,
5054525UL9155S,5054525,UL9155S,40.783776,-4.243835,580.0,VEGAS DE MATUTE,"Obras de urbanización y jardineria, suelos sin edificar",AV,LOS ANGELES,,AV LOS ANGELES  Suelo 40423 VEGAS DE MATUTE (SEGOVIA),False,False,
5054526UL9155S,5054526,UL9155S,40.783834,-4.243955,582.0,VEGAS DE MATUTE,"Obras de urbanización y jardineria, suelos sin edificar",AV,LOS ANGELES,,AV LOS ANGELES  Suelo 40423 VEGAS DE MATUTE (SEGOVIA),False,False,
5054527UL9155S,5054527,UL9155S,40.783905,-4.244074,651.0,VEGAS DE MATUTE,"Obras de urbanización y jardineria, suelos sin edificar",AV,LOS ANGELES,,AV LOS ANGELES  Suelo 40423 VEGAS DE MATUTE (SEGOVIA),False,False,
5054528UL9155S,5054528,UL9155S,40.783968,-4.244215,678.0,VEGAS DE MATUTE,"Obras de urbanización y jardineria, suelos sin edificar",AV,LOS ANGELES,,AV LOS ANGELES  Suelo 40423 VEGAS DE MATUTE (SEGOVIA),False,False,
5054529UL9155S,5054529,UL9155S,40.784032,-4.244362,688.0,VEGAS DE MATUTE,"Obras de urbanización y jardineria, suelos sin edificar",AV,LOS ANGELES,,AV LOS ANGELES  Suelo 40423 VEGAS DE MATUTE (SEGOVIA),False,False,
5054530UL9155S,5054530,UL9155S,40.784083,-4.244501,594.0,VEGAS DE MATUTE,"Obras de urbanización y jardineria, suelos sin edificar",AV,LOS ANGELES,,AV LOS ANGELES  Suelo 40423 VEGAS DE MATUTE (SEGOVIA),False,False,
5054531UL9155S,5054531,UL9155S,40.784136,-4.244626,595.0,VEGAS DE MATUTE,"Obras de urbanización y jardineria, suelos sin edificar",AV,LOS ANGELES,,AV LOS ANGELES  Suelo 40423 VEGAS DE MATUTE (SEGOVIA),False,False,
5054532UL9155S,5054532,UL9155S,40.784188,-4.244752,597.0,VEGAS DE MATUTE,"Obras de urbanización y jardineria, suelos sin edificar",AV,LOS ANGELES,,AV LOS ANGELES  Suelo 40423 VEGAS DE MATUTE (SEGOVIA),False,False,
5054533UL9155S,5054533,UL9155S,40.784238,-4.244879,596.0,VEGAS DE MATUTE,"Obras de urbanización y jardineria, suelos sin edificar",AV,LOS ANGELES,,AV LOS ANGELES  Suelo 40423 VEGAS DE MATUTE (SEGOVIA),False,False,
5054534UL9155S,5054534,UL9155S,40.784285,-4.245008,596.0,VEGAS DE MATUTE,"Obras de urbanización y jardineria, suelos sin edificar",AV,LOS ANGELES,,AV LOS ANGELES  Suelo 40423 VEGAS DE MATUTE (SEGOVIA),False,False,
5054535UL9155S,5054535,UL9155S,40.784328,-4.245138,595.0,VEGAS DE MATUTE,"Obras de urbanización y jardineria, suelos sin edificar",AV,LOS ANGELES,,AV LOS ANGELES  Suelo 40423 VEGAS DE MATUTE (SEGOVIA),False,False,
5054536UL9155S,5054536,UL9155S,40.784368,-4.24527,595.0,VEGAS DE MATUTE,"Obras de urbanización y jardineria, suelos sin edificar",AV,LOS ANGELES,,AV LOS ANGELES  Suelo 40423 VEGAS DE MATUTE (SEGOVIA),False,False,
5054537UL9155S,5054537,UL9155S,40.784405,-4.245404,597.0,VEGAS DE MATUTE,"Obras de urbanización y jardineria, suelos sin edificar",AV,LOS ANGELES,,AV LOS ANGELES  Suelo 40423 VEGAS DE MATUTE (SEGOVIA),False,False,
5054538UL9155S,5054538,UL9155S,40.784438,-4.245539,599.0,VEGAS DE MATUTE,"Obras de urbanización y jardineria, suelos sin edificar",AV,LOS ANGELES,,AV LOS ANGELES  Suelo 40423 VEGAS DE MATUTE (SEGOVIA),False,False,
5054539UL9155S,5054539,UL9155S,40.784488,-4.245687,745.0,VEGAS DE MATUTE,Residencial,AV,LOS ANGELES,,AV LOS ANGELES 40423 VEGAS DE MATUTE (SEGOVIA),True,False,
5054540UL9155S,5054540,UL9155S,40.784516,-4.24586,729.0,VEGAS DE MATUTE,"Obras de urbanización y jardineria, suelos sin edificar",AV,LOS ANGELES,,AV LOS ANGELES  Suelo 40423 VEGAS DE MATUTE (SEGOVIA),False,False,
5054541UL9155S,5054541,UL9155S,40.784529,-4.246018,597.0,VEGAS DE MATUTE,"Obras de urbanización y jardineria, suelos sin edificar",AV,LOS ANGELES,,AV LOS ANGELES  Suelo 40423 VEGAS DE MATUTE (SEGOVIA),False,False,
5054542UL9155S,5054542,UL9155S,40.784567,-4.246176,764.0,VEGAS DE MATUTE,"Obras de urbanización y jardineria, suelos sin edificar",AV,LOS ANGELES,,AV LOS ANGELES  Suelo 40423 VEGAS DE MATUTE (SEGOVIA),False,False,
5054543UL9155S,5054543,UL9155S,40.784582,-4.246356,729.0,VEGAS DE MATUTE,"Obras de urbanización y jardineria, suelos sin edificar",AV,LOS ANGELES,,AV LOS ANGELES  Suelo 40423 VEGAS DE MATUTE (SEGOVIA),False,False,
5054544UL9155S,5054544,UL9155S,40.784579,-4.246515,596.0,VEGAS DE MATUTE,"Obras de urbanización y jardineria, suelos sin edificar",AV,LOS ANGELES,,AV LOS ANGELES  Suelo 40423 VEGAS DE MATUTE (SEGOVIA),False,False,
5054545UL9155S,5054545,UL9155S,40.784584,-4.246658,591.0,VEGAS DE MATUTE,"Obras de urbanización y jardineria, suelos sin edificar",AV,LOS ANGELES,,AV LOS ANGELES  Suelo 40423 VEGAS DE MATUTE (SEGOVIA),False,False,
5054546UL9155S,5054546,UL9155S,40.784583,-4.246801,592.0,VEGAS DE MATUTE,"Obras de urbanización y jardineria, suelos sin edificar",AV,LOS ANGELES,,AV LOS ANGELES  Suelo 40423 VEGAS DE MATUTE (SEGOVIA),False,False,
5054547UL9155S,5054547,UL9155S,40.784574,-4.246943,599.0,VEGAS DE MATUTE,"Obras de urbanización y jardineria, suelos sin edificar",AV,LOS ANGELES,,AV LOS ANGELES  Suelo 40423 VEGAS DE MATUTE (SEGOVIA),False,False,
5054548UL9155S,5054548,UL9155S,40.784576,-4.247113,827.0,VEGAS DE MATUTE,"Obras de urbanización y jardineria, suelos sin edificar",AV,LOS ANGELES,,AV LOS ANGELES  Suelo 40423 VEGAS DE MATUTE (SEGOVIA),False,False,
5054549UL9155S,5054549,UL9155S,40.784542,-4.247321,929.0,VEGAS DE MATUTE,"Obras de urbanización y jardineria, suelos sin edificar",AV,LOS ANGELES,,AV LOS ANGELES  Suelo 40423 VEGAS DE MATUTE (SEGOVIA),False,False,
5054550UL9155S,5054550,UL9155S,40.784476,-4.247477,625.0,VEGAS DE MATUTE,"Obras de urbanización y jardineria, suelos sin edificar",AV,LOS ANGELES,,AV LOS ANGELES  Suelo 40423 VEGAS DE MATUTE (SEGOVIA),False,False,
5054551UL9155S,5054551,UL9155S,40.784435,-4.247609,616.0,VEGAS DE MATUTE,"Obras de urbanización y jardineria, suelos sin edificar",AV,LOS ANGELES,,AV LOS ANGELES  Suelo 40423 VEGAS DE MATUTE (SEGOVIA),False,False,
5054552UL9155S,5054552,UL9155S,40.784387,-4.247738,602.0,VEGAS DE MATUTE,"Obras de urbanización y jardineria, suelos sin edificar",AV,LOS ANGELES,,AV LOS ANGELES  Suelo 40423 VEGAS DE MATUTE (SEGOVIA),False,False,
5054553UL9155S,5054553,UL9155S,40.784335,-4.247862,585.0,VEGAS DE MATUTE,"Obras de urbanización y jardineria, suelos sin edificar",AV,LOS ANGELES,,AV LOS ANGELES  Suelo 40423 VEGAS DE MATUTE (SEGOVIA),False,False,
5054554UL9155S,5054554,UL9155S,40.784278,-4.248026,835.0,VEGAS DE MATUTE,"Obras de urbanización y jardineria, suelos sin edificar",AV,LOS ANGELES,,AV LOS ANGELES  Suelo 40423 VEGAS DE MATUTE (SEGOVIA),False,False,
5054555UL9155S,5054555,UL9155S,40.784175,-4.248148,522.0,VEGAS DE MATUTE,"Obras de urbanización y jardineria, suelos sin edificar",AV,LOS ANGELES,,AV LOS ANGELES  Suelo 40423 VEGAS DE MATUTE (SEGOVIA),False,False,
5054556UL9155S,5054556,UL9155S,40.784103,-4.248254,489.0,VEGAS DE MATUTE,"Obras de urbanización y jardineria, suelos sin edificar",AV,LOS ANGELES,,AV LOS ANGELES  Suelo 40423 VEGAS DE MATUTE (SEGOVIA),False,False,
5054557UL9155S,5054557,UL9155S,40.784027,-4.248355,452.0,VEGAS DE MATUTE,"Obras de urbanización y jardineria, suelos sin edificar",AV,LOS ANGELES,,AV LOS ANGELES  Suelo 40423 VEGAS DE MATUTE (SEGOVIA),False,False,
5054558UL9155S,5054558,UL9155S,40.783948,-4.248452,420.0,VEGAS DE MATUTE,"Obras de urbanización y jardineria, suelos sin edificar",AV,LOS ANGELES,,AV LOS ANGELES  Suelo 40423 VEGAS DE MATUTE (SEGOVIA),False,False,
5054559UL9155S,5054559,UL9155S,40.783863,-4.248557,450.0,VEGAS DE MATUTE,"Obras de urbanización y jardineria, suelos sin edificar",AV,LOS ANGELES,,AV LOS ANGELES  Suelo 40423 VEGAS DE MATUTE (SEGOVIA),False,False,
5054560UL9155S,5054560,UL9155S,40.783731,-4.248652,548.0,VEGAS DE MATUTE,"Obras de urbanización y jardineria, suelos sin edificar",AV,LOS ANGELES,,AV LOS ANGELES  Suelo 40423 VEGAS DE MATUTE (SEGOVIA),False,False,
5054561UL9155S,5054561,UL9155S,40.783445,-4.248542,721.0,VEGAS DE MATUTE,"Obras de urbanización y jardineria, suelos sin edificar",AV,LOS ANGELES,,AV LOS ANGELES  Suelo 40423 VEGAS DE MATUTE (SEGOVIA),False,False,
5054562UL9155S,5054562,UL9155S,40.784748,-4.247301,12.0,VEGAS DE MATUTE,"Obras de urbanización y jardineria, suelos sin edificar",AV,LOS ANGELES,,AV LOS ANGELES  Suelo 40423 VEGAS DE MATUTE (SEGOVIA),False,False,
5155601UL9155N,5155601,UL9155N,40.782346,-4.24436,23428.0,VEGAS DE MATUTE,Ocio y Hosteleria,UR,ANGELES DE SAN RAFAEL,0,UR ANGELES DE SAN RAFAEL 40423 VEGAS DE MATUTE (SEGOVIA),False,False,
5160401UL9156S,5160401,UL9156S,40.787088,-4.243929,866.0,VEGAS DE MATUTE,,UR,ANGELES DE SAN RAFAEL,0,,False,False,
5161201UL9156S,5161201,UL9156S,40.7879,-4.244489,941.0,VEGAS DE MATUTE,,UR,ANGELES DE SAN RAFAEL,7,,False,False,
5161601UL9156S,5161601,UL9156S,40.787798,-4.243768,370.0,VEGAS DE MATUTE,,UR,ANGELES DE SAN RAFAEL,8,,False,False,
5246301UL9154N,5246301,UL9154N,40.776403,-4.241774,4131.0,VEGAS DE MATUTE,"Obras de urbanización y jardineria, suelos sin edificar",CL,X-UA B4,44,CL X-UA B4 44(1) Suelo 40423 VEGAS DE MATUTE (SEGOVIA),False,False,
5246401UL9154N,5246401,UL9154N,40.776001,-4.240845,2524.0,VEGAS DE MATUTE,"Obras de urbanización y jardineria, suelos sin edificar",CL,Y-UA B4,43,CL Y-UA B4 43(1) Suelo 40423 VEGAS DE MATUTE (SEGOVIA),False,False,
5249501UL9154N,5249501,UL9154N,40.779749,-4.238084,531.0,VEGAS DE MATUTE,"Obras de urbanización y jardineria, suelos sin edificar",AV,A,3601,AV A 3601 Suelo 40423 VEGAS DE MATUTE (SEGOVIA),False,False,
5249502UL9154N,5249502,UL9154N,40.779673,-4.238353,453.0,VEGAS DE MATUTE,"Obras de urbanización y jardineria, suelos sin edificar",CL,W,3602,CL W 3602 Suelo 40423 VEGAS DE MATUTE (SEGOVIA),False,False,
5249503UL9154N,5249503,UL9154N,40.779591,-4.238537,453.0,VEGAS DE MATUTE,"Obras de urbanización y jardineria, suelos sin edificar",CL,W,3603,CL W 3603 Suelo 40423 VEGAS DE MATUTE (SEGOVIA),False,False,
5249504UL9154N,5249504,UL9154N,40.779506,-4.238719,444.0,VEGAS DE MATUTE,"Obras de urbanización y jardineria, suelos sin edificar",CL,W,3604,CL W 3604 Suelo 40423 VEGAS DE MATUTE (SEGOVIA),False,False,
5249505UL9154N,5249505,UL9154N,40.779421,-4.2389,434.0,VEGAS DE MATUTE,"Obras de urbanización y jardineria, suelos sin edificar",CL,W,3605,CL W 3605 Suelo 40423 VEGAS DE MATUTE (SEGOVIA),False,False,
5249506UL9154N,5249506,UL9154N,40.779336,-4.239082,425.0,VEGAS DE MATUTE,"Obras de urbanización y jardineria, suelos sin edificar",CL,W,3606,CL W 3606 Suelo 40423 VEGAS DE MATUTE (SEGOVIA),False,False,
5249507UL9154N,5249507,UL9154N,40.779251,-4.239264,416.0,VEGAS DE MATUTE,"Obras de urbanización y jardineria, suelos sin edificar",CL,W,3607,CL W 3607 Suelo 40423 VEGAS DE MATUTE (SEGOVIA),False,False,
5249508UL9154N,5249508,UL9154N,40.779166,-4.239445,407.0,VEGAS DE MATUTE,"Obras de urbanización y jardineria, suelos sin edificar",CL,W,3608,CL W 3608 Suelo 40423 VEGAS DE MATUTE (SEGOVIA),False,False,
5249509UL9154N,5249509,UL9154N,40.779077,-4.239626,411.0,VEGAS DE MATUTE,"Obras de urbanización y jardineria, suelos sin edificar",CL,W,3609,CL W 3609 Suelo 40423 VEGAS DE MATUTE (SEGOVIA),False,False,
5249510UL9154N,5249510,UL9154N,40.778984,-4.239801,441.0,VEGAS DE MATUTE,"Obras de urbanización y jardineria, suelos sin edificar",CL,W,3610,CL W 3610 Suelo 40423 VEGAS DE MATUTE (SEGOVIA),False,False,
5249511UL9154N,5249511,UL9154N,40.778914,-4.239931,232.0,VEGAS DE MATUTE,"Obras de urbanización y jardineria, suelos sin edificar",CL,W,3611,CL W 3611 Suelo 40423 VEGAS DE MATUTE (SEGOVIA),False,False,
5249512UL9154N,5249512,UL9154N,40.77885,-4.240032,348.0,VEGAS DE MATUTE,"Obras de urbanización y jardineria, suelos sin edificar",CL,W,3612,CL W 3612 Suelo 40423 VEGAS DE MATUTE (SEGOVIA),False,False,
5249513UL9154N,5249513,UL9154N,40.778795,-4.240164,402.0,VEGAS DE MATUTE,"Obras de urbanización y jardineria, suelos sin edificar",CL,W,3613,CL W 3613 Suelo 40423 VEGAS DE MATUTE (SEGOVIA),False,False,
5249514UL9154N,5249514,UL9154N,40.778792,-4.240309,369.0,VEGAS DE MATUTE,"Obras de urbanización y jardineria, suelos sin edificar",CL,W,3614,CL W 3614 Suelo 40423 VEGAS DE MATUTE (SEGOVIA),False,False,
5249515UL9154N,5249515,UL9154N,40.778807,-4.240453,341.0,VEGAS DE MATUTE,"Obras de urbanización y jardineria, suelos sin edificar",CL,W,3615,CL W 3615 Suelo 40423 VEGAS DE MATUTE (SEGOVIA),False,False,
5249516UL9154N,5249516,UL9154N,40.778842,-4.240586,310.0,VEGAS DE MATUTE,"Obras de urbanización y jardineria, suelos sin edificar",CL,W,3616,CL W 3616 Suelo 40423 VEGAS DE MATUTE (SEGOVIA),False,False,
5249517UL9154N,5249517,UL9154N,40.778894,-4.240698,248.0,VEGAS DE MATUTE,"Obras de urbanización y jardineria, suelos sin edificar",CL,W,3617,CL W 3617 Suelo 40423 VEGAS DE MATUTE (SEGOVIA),False,False,
5249518UL9154N,5249518,UL9154N,40.778945,-4.240797,241.0,VEGAS DE MATUTE,"Obras de urbanización y jardineria, suelos sin edificar",CL,W,3618,CL W 3618 Suelo 40423 VEGAS DE MATUTE (SEGOVIA),False,False,
5249519UL9154N,5249519,UL9154N,40.779001,-4.24089,240.0,VEGAS DE MATUTE,"Obras de urbanización y jardineria, suelos sin edificar",CL,W,3619,CL W 3619 Suelo 40423 VEGAS DE MATUTE (SEGOVIA),False,False,
5249520UL9154N,5249520,UL9154N,40.779062,-4.240979,241.0,VEGAS DE MATUTE,"Obras de urbanización y jardineria, suelos sin edificar",CL,W,3620,CL W 3620 Suelo 40423 VEGAS DE MATUTE (SEGOVIA),False,False,
5249521UL9154N,5249521,UL9154N,40.779127,-4.241062,245.0,VEGAS DE MATUTE,"Obras de urbanización y jardineria, suelos sin edificar",CL,W,3621,CL W 3621 Suelo 40423 VEGAS DE MATUTE (SEGOVIA),False,False,
5249522UL9154N,5249522,UL9154N,40.779197,-4.241139,250.0,VEGAS DE MATUTE,"Obras de urbanización y jardineria, suelos sin edificar",CL,W,3622,CL W 3622 Suelo 40423 VEGAS DE MATUTE (SEGOVIA),False,False,
5249523UL9154N,5249523,UL9154N,40.779271,-4.241207,253.0,VEGAS DE MATUTE,"Obras de urbanización y jardineria, suelos sin edificar",CL,W,3623,CL W 3623 Suelo 40423 VEGAS DE MATUTE (SEGOVIA),False,False,
5249524UL9154N,5249524,UL9154N,40.77935,-4.241266,253.0,VEGAS DE MATUTE,"Obras de urbanización y jardineria, suelos sin edificar",CL,W,3624,CL W 3624 Suelo 40423 VEGAS DE MATUTE (SEGOVIA),False,False,
5249525UL9154N,5249525,UL9154N,40.779433,-4.241316,250.0,VEGAS DE MATUTE,"Obras de urbanización y jardineria, suelos sin edificar",CL,W,3625,CL W 3625 Suelo 40423 VEGAS DE MATUTE (SEGOVIA),False,False,
5249526UL9154N,5249526,UL9154N,40.779514,-4.241352,224.0,VEGAS DE MATUTE,"Obras de urbanización y jardineria, suelos sin edificar",CL,W,3626,CL W 3626 Suelo 40423 VEGAS DE MATUTE (SEGOVIA),False,False,
5249527UL9154N,5249527,UL9154N,40.779591,-4.241388,226.0,VEGAS DE MATUTE,"Obras de urbanización y jardineria, suelos sin edificar",CL,W,3627,CL W 3627 Suelo 40423 VEGAS DE MATUTE (SEGOVIA),False,False,
5249528UL9154N,5249528,UL9154N,40.779667,-4.241423,227.0,VEGAS DE MATUTE,"Obras de urbanización y jardineria, suelos sin edificar",CL,W,3628,CL W 3628 Suelo 40423 VEGAS DE MATUTE (SEGOVIA),False,False,
5249529UL9154N,5249529,UL9154N,40.779744,-4.241458,229.0,VEGAS DE MATUTE,"Obras de urbanización y jardineria, suelos sin edificar",CL,W,3929,CL W 3929 Suelo 40423 VEGAS DE MATUTE (SEGOVIA),False,False,
5249530UL9154N,5249530,UL9154N,40.77982,-4.241493,230.0,VEGAS DE MATUTE,"Obras de urbanización y jardineria, suelos sin edificar",CL,W,3630,CL W 3630 Suelo 40423 VEGAS DE MATUTE (SEGOVIA),False,False,
5249531UL9154N,5249531,UL9154N,40.779897,-4.241529,232.0,VEGAS DE MATUTE,"Obras de urbanización y jardineria, suelos sin edificar",CL,W,3631,CL W 3631 Suelo 40423 VEGAS DE MATUTE (SEGOVIA),False,False,
5249532UL9154N,5249532,UL9154N,40.779973,-4.241564,233.0,VEGAS DE MATUTE,"Obras de urbanización y jardineria, suelos sin edificar",CL,W,3632,CL W 3632 Suelo 40423 VEGAS DE MATUTE (SEGOVIA),False,False,
5249533UL9154N,5249533,UL9154N,40.78005,-4.2416,236.0,VEGAS DE MATUTE,"Obras de urbanización y jardineria, suelos sin edificar",CL,W,3633,CL W 3633 Suelo 40423 VEGAS DE MATUTE (SEGOVIA),False,False,
5249534UL9154N,5249534,UL9154N,40.780126,-4.241636,239.0,VEGAS DE MATUTE,"Obras de urbanización y jardineria, suelos sin edificar",CL,W,3634,CL W 3634 Suelo 40423 VEGAS DE MATUTE (SEGOVIA),False,False,
5249535UL9154N,5249535,UL9154N,40.780201,-4.24167,235.0,VEGAS DE MATUTE,"Obras de urbanización y jardineria, suelos sin edificar",AV,A,3635,AV A 3635 Suelo 40423 VEGAS DE MATUTE (SEGOVIA),False,False,
5249536UL9154N,5249536,UL9154N,40.780278,-4.241707,254.0,VEGAS DE MATUTE,"Obras de urbanización y jardineria, suelos sin edificar",AV,A,3636,AV A 3636 Suelo 40423 VEGAS DE MATUTE (SEGOVIA),False,False,
5249537UL9154N,5249537,UL9154N,40.780354,-4.241753,250.0,VEGAS DE MATUTE,"Obras de urbanización y jardineria, suelos sin edificar",AV,A,3637,AV A 3637 Suelo 40423 VEGAS DE MATUTE (SEGOVIA),False,False,
5249538UL9154N,5249538,UL9154N,40.780426,-4.241806,231.0,VEGAS DE MATUTE,"Obras de urbanización y jardineria, suelos sin edificar",AV,A,3638,AV A 3638 Suelo 40423 VEGAS DE MATUTE (SEGOVIA),False,False,
5249539UL9154N,5249539,UL9154N,40.780499,-4.241855,225.0,VEGAS DE MATUTE,"Obras de urbanización y jardineria, suelos sin edificar",AV,A,3639,AV A 3639 Suelo 40423 VEGAS DE MATUTE (SEGOVIA),False,False,
5249540UL9154N,5249540,UL9154N,40.780571,-4.241904,223.0,VEGAS DE MATUTE,"Obras de urbanización y jardineria, suelos sin edificar",AV,A,3640,AV A 3640 Suelo 40423 VEGAS DE MATUTE (SEGOVIA),False,False,
5249541UL9154N,5249541,UL9154N,40.780679,-4.241982,457.0,VEGAS DE MATUTE,"Obras de urbanización y jardineria, suelos sin edificar",AV,A,3641,AV A 3641 Suelo 40423 VEGAS DE MATUTE (SEGOVIA),False,False,
5249542UL9154N,5249542,UL9154N,40.780821,-4.242086,455.0,VEGAS DE MATUTE,"Obras de urbanización y jardineria, suelos sin edificar",AV,A,3642,AV A 3642 Suelo 40423 VEGAS DE MATUTE (SEGOVIA),False,False,
5249543UL9154N,5249543,UL9154N,40.780954,-4.242197,466.0,VEGAS DE MATUTE,"Obras de urbanización y jardineria, suelos sin edificar",AV,A,3643,AV A 3643 Suelo 40423 VEGAS DE MATUTE (SEGOVIA),False,False,
5249544UL9154N,5249544,UL9154N,40.781075,-4.242328,449.0,VEGAS DE MATUTE,"Obras de urbanización y jardineria, suelos sin edificar",AV,A,3644,AV A 3644 Suelo 40423 VEGAS DE MATUTE (SEGOVIA),False,False,
5249545UL9154N,5249545,UL9154N,40.781178,-4.242485,464.0,VEGAS DE MATUTE,"Obras de urbanización y jardineria, suelos sin edificar",AV,A,3645,AV A 3645 Suelo 40423 VEGAS DE MATUTE (SEGOVIA),False,False,
5249546UL9154N,5249546,UL9154N,40.781274,-4.242657,453.0,VEGAS DE MATUTE,"Obras de urbanización y jardineria, suelos sin edificar",AV,A,3646,AV A 3646 Suelo 40423 VEGAS DE MATUTE (SEGOVIA),False,False,
5249547UL9154N,5249547,UL9154N,40.781356,-4.24286,519.0,VEGAS DE MATUTE,"Obras de urbanización y jardineria, suelos sin edificar",AV,A,3647,AV A 3647 Suelo 40423 VEGAS DE MATUTE (SEGOVIA),False,False,
5249548UL9154N,5249548,UL9154N,40.781395,-4.2431,507.0,VEGAS DE MATUTE,"Obras de urbanización y jardineria, suelos sin edificar",AV,A,3648,AV A 3648 Suelo 40423 VEGAS DE MATUTE (SEGOVIA),False,False,
5249549UL9154N,5249549,UL9154N,40.781355,-4.243342,490.0,VEGAS DE MATUTE,"Obras de urbanización y jardineria, suelos sin edificar",AV,A,3649,AV A 3649 Suelo 40423 VEGAS DE MATUTE (SEGOVIA),False,False,
5249550UL9154N,5249550,UL9154N,40.78124,-4.24354,488.0,VEGAS DE MATUTE,"Obras de urbanización y jardineria, suelos sin edificar",AV,A,3650,AV A 3650 Suelo 40423 VEGAS DE MATUTE (SEGOVIA),False,False,
5249551UL9154N,5249551,UL9154N,40.781127,-4.243656,250.0,VEGAS DE MATUTE,"Obras de urbanización y jardineria, suelos sin edificar",AV,A,3651,AV A 3651 Suelo 40423 VEGAS DE MATUTE (SEGOVIA),False,False,
5249552UL9154N,5249552,UL9154N,40.781044,-4.243708,246.0,VEGAS DE MATUTE,"Obras de urbanización y jardineria, suelos sin edificar",AV,A,3652,AV A 3652 Suelo 40423 VEGAS DE MATUTE (SEGOVIA),False,False,
5249553UL9154N,5249553,UL9154N,40.780962,-4.243759,243.0,VEGAS DE MATUTE,"Obras de urbanización y jardineria, suelos sin edificar",AV,A,3653,AV A 3653 Suelo 40423 VEGAS DE MATUTE (SEGOVIA),False,False,
5249554UL9154N,5249554,UL9154N,40.780878,-4.243802,238.0,VEGAS DE MATUTE,"Obras de urbanización y jardineria, suelos sin edificar",AV,A,3654,AV A 3654 Suelo 40423 VEGAS DE MATUTE (SEGOVIA),False,False,
5249555UL9154N,5249555,UL9154N,40.780792,-4.243839,231.0,VEGAS DE MATUTE,"Obras de urbanización y jardineria, suelos sin edificar",AV,A,3655,AV A 3655 Suelo 40423 VEGAS DE MATUTE (SEGOVIA),False,False,
5249556UL9154N,5249556,UL9154N,40.780706,-4.243872,226.0,VEGAS DE MATUTE,"Obras de urbanización y jardineria, suelos sin edificar",AV,A,3656,AV A 3656 Suelo 40423 VEGAS DE MATUTE (SEGOVIA),False,False,
5249557UL9154N,5249557,UL9154N,40.780619,-4.243903,224.0,VEGAS DE MATUTE,"Obras de urbanización y jardineria, suelos sin edificar",AV,A,3657,AV A 3657 Suelo 40423 VEGAS DE MATUTE (SEGOVIA),False,False,
5249558UL9154N,5249558,UL9154N,40.780532,-4.243938,224.0,VEGAS DE MATUTE,"Obras de urbanización y jardineria, suelos sin edificar",AV,A,3658,AV A 3658 Suelo 40423 VEGAS DE MATUTE (SEGOVIA),False,False,
5249559UL9154N,5249559,UL9154N,40.780445,-4.243966,228.0,VEGAS DE MATUTE,"Obras de urbanización y jardineria, suelos sin edificar",AV,A,3659,AV A 3659 Suelo 40423 VEGAS DE MATUTE (SEGOVIA),False,False,
5249560UL9154N,5249560,UL9154N,40.780356,-4.243987,233.0,VEGAS DE MATUTE,"Obras de urbanización y jardineria, suelos sin edificar",AV,A,3660,AV A 3660 Suelo 40423 VEGAS DE MATUTE (SEGOVIA),False,False,
5249561UL9154N,5249561,UL9154N,40.780268,-4.24401,236.0,VEGAS DE MATUTE,"Obras de urbanización y jardineria, suelos sin edificar",AV,A,3661,AV A 3661 Suelo 40423 VEGAS DE MATUTE (SEGOVIA),False,False,
5249562UL9154N,5249562,UL9154N,40.780179,-4.244032,241.0,VEGAS DE MATUTE,"Obras de urbanización y jardineria, suelos sin edificar",AV,A,3662,AV A 3662 Suelo 40423 VEGAS DE MATUTE (SEGOVIA),False,False,
5249563UL9154N,5249563,UL9154N,40.78009,-4.244052,244.0,VEGAS DE MATUTE,"Obras de urbanización y jardineria, suelos sin edificar",AV,A,3663,AV A 3663 Suelo 40423 VEGAS DE MATUTE (SEGOVIA),False,False,
5249564UL9154N,5249564,UL9154N,40.780004,-4.244071,234.0,VEGAS DE MATUTE,"Obras de urbanización y jardineria, suelos sin edificar",AV,A,3664,AV A 3664 Suelo 40423 VEGAS DE MATUTE (SEGOVIA),False,False,
5249565UL9154N,5249565,UL9154N,40.779919,-4.244087,236.0,VEGAS DE MATUTE,"Obras de urbanización y jardineria, suelos sin edificar",AV,A,3665,AV A 3665 Suelo 40423 VEGAS DE MATUTE (SEGOVIA),False,False,
5249566UL9154N,5249566,UL9154N,40.779837,-4.244102,224.0,VEGAS DE MATUTE,"Obras de urbanización y jardineria, suelos sin edificar",AV,A,3666,AV A 3666 Suelo 40423 VEGAS DE MATUTE (SEGOVIA),False,False,
5249567UL9154N,5249567,UL9154N,40.779756,-4.244116,223.0,VEGAS DE MATUTE,"Obras de urbanización y jardineria, suelos sin edificar",AV,A,3667,AV A 3667 Suelo 40423 VEGAS DE MATUTE (SEGOVIA),False,False,
5249568UL9154N,5249568,UL9154N,40.779676,-4.244129,223.0,VEGAS DE MATUTE,"Obras de urbanización y jardineria, suelos sin edificar",AV,A,3668,AV A 3668 Suelo 40423 VEGAS DE MATUTE (SEGOVIA),False,False,
5249569UL9154N,5249569,UL9154N,40.779595,-4.244142,222.0,VEGAS DE MATUTE,"Obras de urbanización y jardineria, suelos sin edificar",AV,A,3669,AV A 3669 Suelo 40423 VEGAS DE MATUTE (SEGOVIA),False,False,
5249570UL9154N,5249570,UL9154N,40.779512,-4.244155,234.0,VEGAS DE MATUTE,"Obras de urbanización y jardineria, suelos sin edificar",AV,A,3670,AV A 3670 Suelo 40423 VEGAS DE MATUTE (SEGOVIA),False,False,
5249571UL9154N,5249571,UL9154N,40.779427,-4.244169,233.0,VEGAS DE MATUTE,"Obras de urbanización y jardineria, suelos sin edificar",AV,A,3671,AV A 3671 Suelo 40423 VEGAS DE MATUTE (SEGOVIA),False,False,
5249572UL9154N,5249572,UL9154N,40.779343,-4.244182,232.0,VEGAS DE MATUTE,"Obras de urbanización y jardineria, suelos sin edificar",AV,A,3672,AV A 3672 Suelo 40423 VEGAS DE MATUTE (SEGOVIA),False,False,
5249573UL9154N,5249573,UL9154N,40.779258,-4.244196,231.0,VEGAS DE MATUTE,"Obras de urbanización y jardineria, suelos sin edificar",AV,A,3673,AV A 3673 Suelo 40423 VEGAS DE MATUTE (SEGOVIA),False,False,
5249574UL9154N,5249574,UL9154N,40.779173,-4.244212,231.0,VEGAS DE MATUTE,"Obras de urbanización y jardineria, suelos sin edificar",AV,A,3674,AV A 3674 Suelo 40423 VEGAS DE MATUTE (SEGOVIA),False,False,
5249575UL9154N,5249575,UL9154N,40.779088,-4.244228,233.0,VEGAS DE MATUTE,"Obras de urbanización y jardineria, suelos sin edificar",AV,A,3675,AV A 3675 Suelo 40423 VEGAS DE MATUTE (SEGOVIA),False,False,
5249576UL9154N,5249576,UL9154N,40.779006,-4.244246,223.0,VEGAS DE MATUTE,"Obras de urbanización y jardineria, suelos sin edificar",AV,A,3676,AV A 3676 Suelo 40423 VEGAS DE MATUTE (SEGOVIA),False,False,
5249577UL9154N,5249577,UL9154N,40.778926,-4.244266,224.0,VEGAS DE MATUTE,"Obras de urbanización y jardineria, suelos sin edificar",AV,A,3677,AV A 3677 Suelo 40423 VEGAS DE MATUTE (SEGOVIA),False,False,
5249578UL9154N,5249578,UL9154N,40.778847,-4.244288,226.0,VEGAS DE MATUTE,"Obras de urbanización y jardineria, suelos sin edificar",AV,A,3678,AV A 3678 Suelo 40423 VEGAS DE MATUTE (SEGOVIA),False,False,
5249579UL9154N,5249579,UL9154N,40.778761,-4.244311,259.0,VEGAS DE MATUTE,"Obras de urbanización y jardineria, suelos sin edificar",AV,A,3679,AV A 3679 Suelo 40423 VEGAS DE MATUTE (SEGOVIA),False,False,
5249580UL9154N,5249580,UL9154N,40.778653,-4.244369,342.0,VEGAS DE MATUTE,"Obras de urbanización y jardineria, suelos sin edificar",AV,A,3680,AV A 3680 Suelo 40423 VEGAS DE MATUTE (SEGOVIA),False,False,
5249581UL9154N,5249581,UL9154N,40.779818,-4.237778,25.0,VEGAS DE MATUTE,"Obras de urbanización y jardineria, suelos sin edificar",AV,A,3681,AV A 3681 Suelo 40423 VEGAS DE MATUTE (SEGOVIA),False,False,
5250401UL9155S,5250401,UL9155S,40.780078,-4.236478,654.0,VEGAS DE MATUTE,"Obras de urbanización y jardineria, suelos sin edificar",AV,A,3501,AV A 3501 Suelo 40423 VEGAS DE MATUTE (SEGOVIA),False,False,
5250402UL9155S,5250402,UL9155S,40.780136,-4.236777,452.0,VEGAS DE MATUTE,"Obras de urbanización y jardineria, suelos sin edificar",AV,A,3502,AV A 3502 Suelo 40423 VEGAS DE MATUTE (SEGOVIA),False,False,
5250403UL9155S,5250403,UL9155S,40.780145,-4.236941,225.0,VEGAS DE MATUTE,"Obras de urbanización y jardineria, suelos sin edificar",AV,A,3503,AV A 3503 Suelo 40423 VEGAS DE MATUTE (SEGOVIA),False,False,
5250404UL9155S,5250404,UL9155S,40.78014,-4.23705,225.0,VEGAS DE MATUTE,"Obras de urbanización y jardineria, suelos sin edificar",AV,A,3504,AV A 3504 Suelo 40423 VEGAS DE MATUTE (SEGOVIA),False,False,
5250405UL9155S,5250405,UL9155S,40.780129,-4.237159,227.0,VEGAS DE MATUTE,"Obras de urbanización y jardineria, suelos sin edificar",AV,A,3505,AV A 3505 Suelo 40423 VEGAS DE MATUTE (SEGOVIA),False,False,
5250406UL9155S,5250406,UL9155S,40.780114,-4.237267,227.0,VEGAS DE MATUTE,"Obras de urbanización y jardineria, suelos sin edificar",AV,A,3506,AV A 3506 Suelo 40423 VEGAS DE MATUTE (SEGOVIA),False,False,
5250407UL9155S,5250407,UL9155S,40.7801,-4.237376,226.0,VEGAS DE MATUTE,"Obras de urbanización y jardineria, suelos sin edificar",AV,A,3507,AV A 3507 Suelo 40423 VEGAS DE MATUTE (SEGOVIA),False,False,
5250408UL9155S,5250408,UL9155S,40.780086,-4.237484,223.0,VEGAS DE MATUTE,"Obras de urbanización y jardineria, suelos sin edificar",AV,A,3508,AV A 3508 Suelo 40423 VEGAS DE MATUTE (SEGOVIA),False,False,
5250409UL9155S,5250409,UL9155S,40.780074,-4.237593,220.0,VEGAS DE MATUTE,"Obras de urbanización y jardineria, suelos sin edificar",AV,A,3509,AV A 3509 Suelo 40423 VEGAS DE MATUTE (SEGOVIA),False,False,
5250410UL9155S,5250410,UL9155S,40.780066,-4.237701,221.0,VEGAS DE MATUTE,"Obras de urbanización y jardineria, suelos sin edificar",AV,A,3510,AV A 3510 Suelo 40423 VEGAS DE MATUTE (SEGOVIA),False,False,
5250411UL9155S,5250411,UL9155S,40.780059,-4.237807,222.0,VEGAS DE MATUTE,"Obras de urbanización y jardineria, suelos sin edificar",AV,A,3511,AV A 3511 Suelo 40423 VEGAS DE MATUTE (SEGOVIA),False,False,
5250412UL9155S,5250412,UL9155S,40.780053,-4.237914,224.0,VEGAS DE MATUTE,"Obras de urbanización y jardineria, suelos sin edificar",AV,A,3512,AV A 3512 Suelo 40423 VEGAS DE MATUTE (SEGOVIA),False,False,
5250413UL9155S,5250413,UL9155S,40.780047,-4.23802,224.0,VEGAS DE MATUTE,"Obras de urbanización y jardineria, suelos sin edificar",AV,A,3513,AV A 3513 Suelo 40423 VEGAS DE MATUTE (SEGOVIA),False,False,
5250414UL9155S,5250414,UL9155S,40.780043,-4.238127,225.0,VEGAS DE MATUTE,"Obras de urbanización y jardineria, suelos sin edificar",AV,A,3514,AV A 3514 Suelo 40423 VEGAS DE MATUTE (SEGOVIA),False,False,
5250415UL9155S,5250415,UL9155S,40.780041,-4.238233,228.0,VEGAS DE MATUTE,"Obras de urbanización y jardineria, suelos sin edificar",AV,A,3515,AV A 3515 Suelo 40423 VEGAS DE MATUTE (SEGOVIA),False,False,
5250416UL9155S,5250416,UL9155S,40.780039,-4.23834,229.0,VEGAS DE MATUTE,"Obras de urbanización y jardineria, suelos sin edificar",AV,A,3516,AV A 3516 Suelo 40423 VEGAS DE MATUTE (SEGOVIA),False,False,
5250417UL9155S,5250417,UL9155S,40.780038,-4.238447,230.0,VEGAS DE MATUTE,"Obras de urbanización y jardineria, suelos sin edificar",AV,A,3517,AV A 3517 Suelo 40423 VEGAS DE MATUTE (SEGOVIA),False,False,
5250418UL9155S,5250418,UL9155S,40.780038,-4.238553,229.0,VEGAS DE MATUTE,"Obras de urbanización y jardineria, suelos sin edificar",AV,A,3518,AV A 3518 Suelo 40423 VEGAS DE MATUTE (SEGOVIA),False,False,
5250419UL9155S,5250419,UL9155S,40.780037,-4.23866,228.0,VEGAS DE MATUTE,"Obras de urbanización y jardineria, suelos sin edificar",AV,A,3519,AV A 3519 Suelo 40423 VEGAS DE MATUTE (SEGOVIA),False,False,
5250420UL9155S,5250420,UL9155S,40.780037,-4.238767,227.0,VEGAS DE MATUTE,"Obras de urbanización y jardineria, suelos sin edificar",AV,A,3520,AV A 3520 Suelo 40423 VEGAS DE MATUTE (SEGOVIA),False,False,
5250421UL9155S,5250421,UL9155S,40.780037,-4.238873,226.0,VEGAS DE MATUTE,"Obras de urbanización y jardineria, suelos sin edificar",AV,A,3521,AV A 3521 Suelo 40423 VEGAS DE MATUTE (SEGOVIA),False,False,
5250422UL9155S,5250422,UL9155S,40.780036,-4.23898,225.0,VEGAS DE MATUTE,"Obras de urbanización y jardineria, suelos sin edificar",AV,A,3522,AV A 3522 Suelo 40423 VEGAS DE MATUTE (SEGOVIA),False,False,
5250423UL9155S,5250423,UL9155S,40.780036,-4.239087,224.0,VEGAS DE MATUTE,"Obras de urbanización y jardineria, suelos sin edificar",AV,A,3523,AV A 3523 Suelo 40423 VEGAS DE MATUTE (SEGOVIA),False,False,
5250424UL9155S,5250424,UL9155S,40.780036,-4.239193,223.0,VEGAS DE MATUTE,"Obras de urbanización y jardineria, suelos sin edificar",AV,A,3524,AV A 3524 Suelo 40423 VEGAS DE MATUTE (SEGOVIA),False,False,
5250425UL9155S,5250425,UL9155S,40.780036,-4.2393,223.0,VEGAS DE MATUTE,"Obras de urbanización y jardineria, suelos sin edificar",AV,A,3525,AV A 3525 Suelo 40423 VEGAS DE MATUTE (SEGOVIA),False,False,
5250426UL9155S,5250426,UL9155S,40.780036,-4.239407,221.0,VEGAS DE MATUTE,"Obras de urbanización y jardineria, suelos sin edificar",AV,A,3526,AV A 3526 Suelo 40423 VEGAS DE MATUTE (SEGOVIA),False,False,
5250427UL9155S,5250427,UL9155S,40.78004,-4.239514,222.0,VEGAS DE MATUTE,"Obras de urbanización y jardineria, suelos sin edificar",AV,A,3527,AV A 3527 Suelo 40423 VEGAS DE MATUTE (SEGOVIA),False,False,
5250428UL9155S,5250428,UL9155S,40.78004,-4.239621,227.0,VEGAS DE MATUTE,"Obras de urbanización y jardineria, suelos sin edificar",AV,A,3528,AV A 3528 Suelo 40423 VEGAS DE MATUTE (SEGOVIA),False,False,
5250429UL9155S,5250429,UL9155S,40.780053,-4.239728,223.0,VEGAS DE MATUTE,"Obras de urbanización y jardineria, suelos sin edificar",AV,A,3529,AV A 3529 Suelo 40423 VEGAS DE MATUTE (SEGOVIA),False,False,
5250430UL9155S,5250430,UL9155S,40.780064,-4.239834,228.0,VEGAS DE MATUTE,"Obras de urbanización y jardineria, suelos sin edificar",AV,A,3530,AV A 3530 Suelo 40423 VEGAS DE MATUTE (SEGOVIA),False,False,
5250431UL9155S,5250431,UL9155S,40.780078,-4.23994,234.0,VEGAS DE MATUTE,"Obras de urbanización y jardineria, suelos sin edificar",AV,A,3531,AV A 3531 Suelo 40423 VEGAS DE MATUTE (SEGOVIA),False,False,
5250432UL9155S,5250432,UL9155S,40.780093,-4.240045,237.0,VEGAS DE MATUTE,"Obras de urbanización y jardineria, suelos sin edificar",AV,A,3532,AV A 3532 Suelo 40423 VEGAS DE MATUTE (SEGOVIA),False,False,
5250433UL9155S,5250433,UL9155S,40.780103,-4.240158,265.0,VEGAS DE MATUTE,"Obras de urbanización y jardineria, suelos sin edificar",AV,A,3533,AV A 3533 Suelo 40423 VEGAS DE MATUTE (SEGOVIA),False,False,
5250434UL9155S,5250434,UL9155S,40.780131,-4.240267,238.0,VEGAS DE MATUTE,"Obras de urbanización y jardineria, suelos sin edificar",AV,A,3534,AV A 3534 Suelo 40423 VEGAS DE MATUTE (SEGOVIA),False,False,
5250435UL9155S,5250435,UL9155S,40.780165,-4.240421,483.0,VEGAS DE MATUTE,"Obras de urbanización y jardineria, suelos sin edificar",AV,A,3535,AV A 3535 Suelo 40423 VEGAS DE MATUTE (SEGOVIA),False,False,
5250436UL9155S,5250436,UL9155S,40.780208,-4.240608,402.0,VEGAS DE MATUTE,"Obras de urbanización y jardineria, suelos sin edificar",AV,A,3536,AV A 3536 Suelo 40423 VEGAS DE MATUTE (SEGOVIA),False,False,
5250437UL9155S,5250437,UL9155S,40.780267,-4.240816,598.0,VEGAS DE MATUTE,"Obras de urbanización y jardineria, suelos sin edificar",AV,A,3537,AV A 3537 Suelo 40423 VEGAS DE MATUTE (SEGOVIA),False,False,
5250438UL9155S,5250438,UL9155S,40.780344,-4.241052,556.0,VEGAS DE MATUTE,"Obras de urbanización y jardineria, suelos sin edificar",AV,A,3538,AV A 3538 Suelo 40423 VEGAS DE MATUTE (SEGOVIA),False,False,
5250439UL9155S,5250439,UL9155S,40.780449,-4.241279,545.0,VEGAS DE MATUTE,"Obras de urbanización y jardineria, suelos sin edificar",AV,A,3539,AV A 3539 Suelo 40423 VEGAS DE MATUTE (SEGOVIA),False,False,
5250440UL9155S,5250440,UL9155S,40.780611,-4.241433,469.0,VEGAS DE MATUTE,"Obras de urbanización y jardineria, suelos sin edificar",AV,A,3540,AV A 3540 Suelo 40423 VEGAS DE MATUTE (SEGOVIA),False,False,
5250441UL9155S,5250441,UL9155S,40.78077,-4.241543,480.0,VEGAS DE MATUTE,"Obras de urbanización y jardineria, suelos sin edificar",AV,A,3541,AV A 3541 Suelo 40423 VEGAS DE MATUTE (SEGOVIA),False,False,
5250442UL9155S,5250442,UL9155S,40.780971,-4.241723,706.0,VEGAS DE MATUTE,"Obras de urbanización y jardineria, suelos sin edificar",AV,A,3542,AV A 3542 Suelo 40423 VEGAS DE MATUTE (SEGOVIA),False,False,
5259001UL9155N,5259001,UL9155N,40.78758,-4.241136,19250.0,VEGAS DE MATUTE,"Obras de urbanización y jardineria, suelos sin edificar",AV,VENECIA,6301,AV VENECIA 6301 Suelo 40423 VEGAS DE MATUTE (SEGOVIA),False,False,
5260301UL9156S,5260301,UL9156S,40.789528,-4.240128,1208.0,VEGAS DE MATUTE,"Obras de urbanización y jardineria, suelos sin edificar",AV,VENECIA,6401,AV VENECIA 6401 Suelo 40423 VEGAS DE MATUTE (SEGOVIA),False,False,
5260302UL9156S,5260302,UL9156S,40.789503,-4.240345,564.0,VEGAS DE MATUTE,"Obras de urbanización y jardineria, suelos sin edificar",AV,VENECIA,6402,AV VENECIA 6402 Suelo 40423 VEGAS DE MATUTE (SEGOVIA),False,False,
5260303UL9156S,5260303,UL9156S,40.78947,-4.240481,531.0,VEGAS DE MATUTE,"Obras de urbanización y jardineria, suelos sin edificar",AV,VENECIA,6403,AV VENECIA 6403 Suelo 40423 VEGAS DE MATUTE (SEGOVIA),False,False,
5260304UL9156S,5260304,UL9156S,40.789435,-4.240616,494.0,VEGAS DE MATUTE,"Obras de urbanización y jardineria, suelos sin edificar",AV,VENECIA,6404,AV VENECIA 6404 Suelo 40423 VEGAS DE MATUTE (SEGOVIA),False,False,
5260305UL9156S,5260305,UL9156S,40.789403,-4.240752,469.0,VEGAS DE MATUTE,"Obras de urbanización y jardineria, suelos sin edificar",AV,VENECIA,6405,AV VENECIA 6405 Suelo 40423 VEGAS DE MATUTE (SEGOVIA),False,False,
5260306UL9156S,5260306,UL9156S,40.789373,-4.240889,447.0,VEGAS DE MATUTE,"Obras de urbanización y jardineria, suelos sin edificar",AV,VENECIA,6406,AV VENECIA 6406 Suelo 40423 VEGAS DE MATUTE (SEGOVIA),False,False,
5260307UL9156S,5260307,UL9156S,40.789343,-4.241026,431.0,VEGAS DE MATUTE,"Obras de urbanización y jardineria, suelos sin edificar",AV,VENECIA,6407,AV VENECIA 6407 Suelo 40423 VEGAS DE MATUTE (SEGOVIA),False,False,
5260308UL9156S,5260308,UL9156S,40.789319,-4.241165,429.0,VEGAS DE MATUTE,"Obras de urbanización y jardineria, suelos sin edificar",AV,VENECIA,6408,AV VENECIA 6408 Suelo 40423 VEGAS DE MATUTE (SEGOVIA),False,False,
5260309UL9156S,5260309,UL9156S,40.789295,-4.241303,427.0,VEGAS DE MATUTE,"Obras de urbanización y jardineria, suelos sin edificar",AV,VENECIA,6409,AV VENECIA 6409 Suelo 40423 VEGAS DE MATUTE (SEGOVIA),False,False,
5260310UL9156S,5260310,UL9156S,40.78927,-4.241442,427.0,VEGAS DE MATUTE,"Obras de urbanización y jardineria, suelos sin edificar",AV,VENECIA,6410,AV VENECIA 6410 Suelo 40423 VEGAS DE MATUTE (SEGOVIA),False,False,
5260311UL9156S,5260311,UL9156S,40.789233,-4.24165,855.0,VEGAS DE MATUTE,"Obras de urbanización y jardineria, suelos sin edificar",AV,VENECIA,6411,AV VENECIA 6411 Suelo 40423 VEGAS DE MATUTE (SEGOVIA),False,False,
5260312UL9156S,5260312,UL9156S,40.789182,-4.241926,860.0,VEGAS DE MATUTE,"Obras de urbanización y jardineria, suelos sin edificar",AV,VENECIA,6412,AV VENECIA 6412 Suelo 40423 VEGAS DE MATUTE (SEGOVIA),False,False,
5260313UL9156S,5260313,UL9156S,40.789144,-4.242133,433.0,VEGAS DE MATUTE,"Obras de urbanización y jardineria, suelos sin edificar",AV,VENECIA,6413,AV VENECIA 6413 Suelo 40423 VEGAS DE MATUTE (SEGOVIA),False,False,
5260314UL9156S,5260314,UL9156S,40.789118,-4.242272,436.0,VEGAS DE MATUTE,"Obras de urbanización y jardineria, suelos sin edificar",AV,VENECIA,6414,AV VENECIA 6414 Suelo 40423 VEGAS DE MATUTE (SEGOVIA),False,False,
5260315UL9156S,5260315,UL9156S,40.789092,-4.24241,440.0,VEGAS DE MATUTE,"Obras de urbanización y jardineria, suelos sin edificar",AV,VENECIA,6415,AV VENECIA 6415 Suelo 40423 VEGAS DE MATUTE (SEGOVIA),False,False,
5260316UL9156S,5260316,UL9156S,40.789066,-4.242548,444.0,VEGAS DE MATUTE,"Obras de urbanización y jardineria, suelos sin edificar",AV,VENECIA,6416,AV VENECIA 6416 Suelo 40423 VEGAS DE MATUTE (SEGOVIA),False,False,
5260317UL9156S,5260317,UL9156S,40.789039,-4.242685,448.0,VEGAS DE MATUTE,"Obras de urbanización y jardineria, suelos sin edificar",AV,VENECIA,6417,AV VENECIA 6417 Suelo 40423 VEGAS DE MATUTE (SEGOVIA),False,False,
5260318UL9156S,5260318,UL9156S,40.789013,-4.242823,453.0,VEGAS DE MATUTE,"Obras de urbanización y jardineria, suelos sin edificar",AV,VENECIA,6418,AV VENECIA 6418 Suelo 40423 VEGAS DE MATUTE (SEGOVIA),False,False,
5260319UL9156S,5260319,UL9156S,40.78897,-4.242953,408.0,VEGAS DE MATUTE,"Obras de urbanización y jardineria, suelos sin edificar",AV,VENECIA,6419,AV VENECIA 6419 Suelo 40423 VEGAS DE MATUTE (SEGOVIA),False,False,
5260320UL9156S,5260320,UL9156S,40.788916,-4.243083,340.0,VEGAS DE MATUTE,"Obras de urbanización y jardineria, suelos sin edificar",AV,VENECIA,6420,AV VENECIA 6420 Suelo 40423 VEGAS DE MATUTE (SEGOVIA),False,False,
5260321UL9156S,5260321,UL9156S,40.788875,-4.243217,303.0,VEGAS DE MATUTE,"Obras de urbanización y jardineria, suelos sin edificar",AV,VENECIA,6421,AV VENECIA 6421 Suelo 40423 VEGAS DE MATUTE (SEGOVIA),False,False,
5260322UL9156S,5260322,UL9156S,40.788842,-4.243353,290.0,VEGAS DE MATUTE,"Obras de urbanización y jardineria, suelos sin edificar",AV,VENECIA,6422,AV VENECIA 6422 Suelo 40423 VEGAS DE MATUTE (SEGOVIA),False,False,
5260323UL9156S,5260323,UL9156S,40.788852,-4.243512,373.0,VEGAS DE MATUTE,"Obras de urbanización y jardineria, suelos sin edificar",AV,VENECIA,6423,AV VENECIA 6423 Suelo 40423 VEGAS DE MATUTE (SEGOVIA),False,False,
5260324UL9156S,5260324,UL9156S,40.788855,-4.243651,480.0,VEGAS DE MATUTE,"Obras de urbanización y jardineria, suelos sin edificar",AV,VENECIA,6424,AV VENECIA 6424 Suelo 40423 VEGAS DE MATUTE (SEGOVIA),False,False,
5260325UL9156S,5260325,UL9156S,40.788828,-4.243789,484.0,VEGAS DE MATUTE,"Obras de urbanización y jardineria, suelos sin edificar",AV,VENECIA,6425,AV VENECIA 6425 Suelo 40423 VEGAS DE MATUTE (SEGOVIA),False,False,
5260326UL9156S,5260326,UL9156S,40.788802,-4.243927,489.0,VEGAS DE MATUTE,"Obras de urbanización y jardineria, suelos sin edificar",AV,VENECIA,6426,AV VENECIA 6426 Suelo 40423 VEGAS DE MATUTE (SEGOVIA),False,False,
5260327UL9156S,5260327,UL9156S,40.788775,-4.244065,493.0,VEGAS DE MATUTE,"Obras de urbanización y jardineria, suelos sin edificar",AV,VENECIA,6427,AV VENECIA 6427 Suelo 40423 VEGAS DE MATUTE (SEGOVIA),False,False,
5260328UL9156S,5260328,UL9156S,40.788749,-4.244203,497.0,VEGAS DE MATUTE,"Obras de urbanización y jardineria, suelos sin edificar",AV,VENECIA,6428,AV VENECIA 6428 Suelo 40423 VEGAS DE MATUTE (SEGOVIA),False,False,
5260329UL9156S,5260329,UL9156S,40.788723,-4.24434,501.0,VEGAS DE MATUTE,"Obras de urbanización y jardineria, suelos sin edificar",AV,VENECIA,6429,AV VENECIA 6429 Suelo 40423 VEGAS DE MATUTE (SEGOVIA),False,False,
5350801UL9155S,5350801,UL9155S,40.77959,-4.24023,12581.0,VEGAS DE MATUTE,"Obras de urbanización y jardineria, suelos sin edificar",AV,A,3701,AV A 3701 Suelo 40423 VEGAS DE MATUTE (SEGOVIA),False,False,
5353601UL9155S,5353601,UL9155S,40.782696,-4.24008,28393.0,VEGAS DE MATUTE,"Obras de urbanización y jardineria, suelos sin edificar",CL,L,,CL L  Suelo 40423 VEGAS DE MATUTE (SEGOVIA),False,False,
5353602UL9155S,5353602,UL9155S,40.784917,-4.244916,1234.0,VEGAS DE MATUTE,"Obras de urbanización y jardineria, suelos sin edificar",AV,LOS ANGELES,,AV LOS ANGELES  Suelo 40423 VEGAS DE MATUTE (SEGOVIA),False,False,
5353603UL9155S,5353603,UL9155S,40.784981,-4.245144,1219.0,VEGAS DE MATUTE,"Obras de urbanización y jardineria, suelos sin edificar",AV,LOS ANGELES,,AV LOS ANGELES  Suelo 40423 VEGAS DE MATUTE (SEGOVIA),False,False,
5353604UL9155S,5353604,UL9155S,40.785036,-4.245372,1209.0,VEGAS DE MATUTE,"Obras de urbanización y jardineria, suelos sin edificar",AV,LOS ANGELES,,AV LOS ANGELES  Suelo 40423 VEGAS DE MATUTE (SEGOVIA),False,False,
5353605UL9155S,5353605,UL9155S,40.785084,-4.245603,1202.0,VEGAS DE MATUTE,"Obras de urbanización y jardineria, suelos sin edificar",AV,LOS ANGELES,,AV LOS ANGELES  Suelo 40423 VEGAS DE MATUTE (SEGOVIA),False,False,
5353606UL9155S,5353606,UL9155S,40.785123,-4.245835,1200.0,VEGAS DE MATUTE,"Obras de urbanización y jardineria, suelos sin edificar",AV,LOS ANGELES,,AV LOS ANGELES  Suelo 40423 VEGAS DE MATUTE (SEGOVIA),False,False,
5353607UL9155S,5353607,UL9155S,40.785171,-4.246087,1412.0,VEGAS DE MATUTE,"Obras de urbanización y jardineria, suelos sin edificar",AV,LOS ANGELES,,AV LOS ANGELES  Suelo 40423 VEGAS DE MATUTE (SEGOVIA),False,False,
5353608UL9155S,5353608,UL9155S,40.785198,-4.246369,1453.0,VEGAS DE MATUTE,"Obras de urbanización y jardineria, suelos sin edificar",UR,ANGELES DE SAN RAFAEL,,UR ANGELES DE SAN RAFAEL  Suelo 40423 VEGAS DE MATUTE (SEGOVIA),False,False,
5353609UL9155S,5353609,UL9155S,40.785193,-4.246629,1222.0,VEGAS DE MATUTE,"Obras de urbanización y jardineria, suelos sin edificar",AV,LOS ANGELES,,AV LOS ANGELES  Suelo 40423 VEGAS DE MATUTE (SEGOVIA),False,False,
5353610UL9155S,5353610,UL9155S,40.78519,-4.246867,1208.0,VEGAS DE MATUTE,"Obras de urbanización y jardineria, suelos sin edificar",AV,LOS ANGELES,,AV LOS ANGELES  Suelo 40423 VEGAS DE MATUTE (SEGOVIA),False,False,
5353611UL9155S,5353611,UL9155S,40.785181,-4.247119,1340.0,VEGAS DE MATUTE,"Obras de urbanización y jardineria, suelos sin edificar",AV,LOS ANGELES,,AV LOS ANGELES  Suelo 40423 VEGAS DE MATUTE (SEGOVIA),False,False,
5353612UL9155S,5353612,UL9155S,40.785146,-4.247383,1306.0,VEGAS DE MATUTE,"Obras de urbanización y jardineria, suelos sin edificar",AV,LOS ANGELES,,AV LOS ANGELES  Suelo 40423 VEGAS DE MATUTE (SEGOVIA),False,False,
5353613UL9155S,5353613,UL9155S,40.785091,-4.247646,1357.0,VEGAS DE MATUTE,"Obras de urbanización y jardineria, suelos sin edificar",AV,LOS ANGELES,,AV LOS ANGELES  Suelo 40423 VEGAS DE MATUTE (SEGOVIA),False,False,
5353614UL9155S,5353614,UL9155S,40.785016,-4.247909,1383.0,VEGAS DE MATUTE,"Obras de urbanización y jardineria, suelos sin edificar",AV,LOS ANGELES,,AV LOS ANGELES  Suelo 40423 VEGAS DE MATUTE (SEGOVIA),False,False,
5353615UL9155S,5353615,UL9155S,40.784918,-4.248135,1196.0,VEGAS DE MATUTE,"Obras de urbanización y jardineria, suelos sin edificar",AV,LOS ANGELES,,AV LOS ANGELES  Suelo 40423 VEGAS DE MATUTE (SEGOVIA),False,False,
5353616UL9155S,5353616,UL9155S,40.784829,-4.248368,1476.0,VEGAS DE MATUTE,"Obras de urbanización y jardineria, suelos sin edificar",AV,LOS ANGELES,,AV LOS ANGELES  Suelo 40423 VEGAS DE MATUTE (SEGOVIA),False,False,
5353617UL9155S,5353617,UL9155S,40.784682,-4.248578,1413.0,VEGAS DE MATUTE,"Obras de urbanización y jardineria, suelos sin edificar",AV,LOS ANGELES,,AV LOS ANGELES  Suelo 40423 VEGAS DE MATUTE (SEGOVIA),False,False,
5353618UL9155S,5353618,UL9155S,40.784502,-4.248747,1263.0,VEGAS DE MATUTE,"Obras de urbanización y jardineria, suelos sin edificar",AV,LOS ANGELES,,AV LOS ANGELES  Suelo 40423 VEGAS DE MATUTE (SEGOVIA),False,False,
5353619UL9155S,5353619,UL9155S,40.784269,-4.24891,1366.0,VEGAS DE MATUTE,"Obras de urbanización y jardineria, suelos sin edificar",AV,LOS ANGELES,,AV LOS ANGELES  Suelo 40423 VEGAS DE MATUTE (SEGOVIA),False,False,
5353620UL9155S,5353620,UL9155S,40.786265,-4.241202,22504.0,VEGAS DE MATUTE,Industrial,CL,L,,CL L 40423 VEGAS DE MATUTE (SEGOVIA),False,False,
5353621UL9155S,5353621,UL9155S,40.784047,-4.239433,19725.0,VEGAS DE MATUTE,"Obras de urbanización y jardineria, suelos sin edificar",CL,L,,CL L  Suelo 40423 VEGAS DE MATUTE (SEGOVIA),False,False,
5353622UL9155S,5353622,UL9155S,40.784356,-4.238665,1950.0,VEGAS DE MATUTE,"Obras de urbanización y jardineria, suelos sin edificar",CL,L,,CL L  Suelo 40423 VEGAS DE MATUTE (SEGOVIA),False,False,
5353623UL9155S,5353623,UL9155S,40.78269,-4.239153,639.0,VEGAS DE MATUTE,"Obras de urbanización y jardineria, suelos sin edificar",AV,LOS ANGELES,,AV LOS ANGELES  Suelo 40423 VEGAS DE MATUTE (SEGOVIA),False,False,
5353624UL9155S,5353624,UL9155S,40.782694,-4.239527,677.0,VEGAS DE MATUTE,"Obras de urbanización y jardineria, suelos sin edificar",CL,L,,CL L  Suelo 40423 VEGAS DE MATUTE (SEGOVIA),False,False,
5353625UL9155S,5353625,UL9155S,40.785256,-4.235684,159505.0,VEGAS DE MATUTE,"Obras de urbanización y jardineria, suelos sin edificar",AV,VALLADOLID,,AV VALLADOLID  Suelo 40423 VEGAS DE MATUTE (SEGOVIA),False,False,
5353626UL9155S,5353626,UL9155S,40.783389,-4.234624,38577.0,VEGAS DE MATUTE,"Obras de urbanización y jardineria, suelos sin edificar",CL,L,,CL L  Suelo 40423 VEGAS DE MATUTE (SEGOVIA),False,False,
5353627UL9155S,5353627,UL9155S,40.78302,-4.230335,25161.0,VEGAS DE MATUTE,"Obras de urbanización y jardineria, suelos sin edificar",AV,SALAMANCA,1,AV SALAMANCA 1(6) Suelo 40423 VEGAS DE MATUTE (SEGOVIA),False,False,
5353901UL9155S,5353901,UL9155S,40.783655,-4.241952,35679.0,VEGAS DE MATUTE,"Obras de urbanización y jardineria, suelos sin edificar",AV,LOS ANGELES,,AV LOS ANGELES  Suelo 40423 VEGAS DE MATUTE (SEGOVIA),False,False,
5353902UL9155S,5353902,UL9155S,40.782456,-4.240101,930.0,VEGAS DE MATUTE,"Obras de urbanización y jardineria, suelos sin edificar",CL,L,,CL L  Suelo 40423 VEGAS DE MATUTE (SEGOVIA),False,False,
5353903UL9155S,5353903,UL9155S,40.782106,-4.238362,28957.0,VEGAS DE MATUTE,"Obras de urbanización y jardineria, suelos sin edificar",AV,LOS ANGELES,,AV LOS ANGELES  Suelo 40423 VEGAS DE MATUTE (SEGOVIA),False,False,
5353904UL9155S,5353904,UL9155S,40.78273,-4.238517,852.0,VEGAS DE MATUTE,"Obras de urbanización y jardineria, suelos sin edificar",CL,L,,CL L  Suelo 40423 VEGAS DE MATUTE (SEGOVIA),False,False,
5353905UL9155S,5353905,UL9155S,40.78322,-4.238324,8511.0,VEGAS DE MATUTE,"Obras de urbanización y jardineria, suelos sin edificar",CL,L,,CL L  Suelo 40423 VEGAS DE MATUTE (SEGOVIA),False,False,
5353906UL9155S,5353906,UL9155S,40.783148,-4.237677,2406.0,VEGAS DE MATUTE,"Obras de urbanización y jardineria, suelos sin edificar",CL,M,,CL M  Suelo 40423 VEGAS DE MATUTE (SEGOVIA),False,False,
5353907UL9155S,5353907,UL9155S,40.783225,-4.236715,14256.0,VEGAS DE MATUTE,"Obras de urbanización y jardineria, suelos sin edificar",CL,M,,CL M  Suelo 40423 VEGAS DE MATUTE (SEGOVIA),False,False,
5358101UL9155N,5358101,UL9155N,40.788418,-4.238754,467.0,VEGAS DE MATUTE,"Obras de urbanización y jardineria, suelos sin edificar",AV,VENECIA,6201,AV VENECIA 6201 Suelo 40423 VEGAS DE MATUTE (SEGOVIA),False,False,
5358102UL9155N,5358102,UL9155N,40.788299,-4.238873,500.0,VEGAS DE MATUTE,"Obras de urbanización y jardineria, suelos sin edificar",AV,VENECIA,6202,AV VENECIA 6202 Suelo 40423 VEGAS DE MATUTE (SEGOVIA),False,False,
5358103UL9155N,5358103,UL9155N,40.788207,-4.238975,649.0,VEGAS DE MATUTE,"Obras de urbanización y jardineria, suelos sin edificar",AV,VENECIA,6203,AV VENECIA 6203 Suelo 40423 VEGAS DE MATUTE (SEGOVIA),False,False,
5358104UL9155N,5358104,UL9155N,40.788134,-4.239089,740.0,VEGAS DE MATUTE,"Obras de urbanización y jardineria, suelos sin edificar",AV,VENECIA,6204,AV VENECIA 6204 Suelo 40423 VEGAS DE MATUTE (SEGOVIA),False,False,
5358105UL9155N,5358105,UL9155N,40.788191,-4.239271,462.0,VEGAS DE MATUTE,"Obras de urbanización y jardineria, suelos sin edificar",AV,VENECIA,6205,AV VENECIA 6205 Suelo 40423 VEGAS DE MATUTE (SEGOVIA),False,False,
5358106UL9155N,5358106,UL9155N,40.788151,-4.239404,466.0,VEGAS DE MATUTE,"Obras de urbanización y jardineria, suelos sin edificar",AV,VENECIA,6206,AV VENECIA 6206 Suelo 40423 VEGAS DE MATUTE (SEGOVIA),False,False,
5358107UL9155N,5358107,UL9155N,40.788113,-4.239537,473.0,VEGAS DE MATUTE,"Obras de urbanización y jardineria, suelos sin edificar",AV,VENECIA,6207,AV VENECIA 6207 Suelo 40423 VEGAS DE MATUTE (SEGOVIA),False,False,
5358108UL9155N,5358108,UL9155N,40.788064,-4.239699,658.0,VEGAS DE MATUTE,"Obras de urbanización y jardineria, suelos sin edificar",AV,VENECIA,6208,AV VENECIA 6208 Suelo 40423 VEGAS DE MATUTE (SEGOVIA),False,False,
5358109UL9155N,5358109,UL9155N,40.787848,-4.239332,1278.0,VEGAS DE MATUTE,"Obras de urbanización y jardineria, suelos sin edificar",CL,VILLATORO,6209,CL VILLATORO 6209 Suelo 40423 VEGAS DE MATUTE (SEGOVIA),False,False,
5358110UL9155N,5358110,UL9155N,40.787672,-4.239427,849.0,VEGAS DE MATUTE,"Obras de urbanización y jardineria, suelos sin edificar",CL,VILLATORO,6210,CL VILLATORO 6210 Suelo 40423 VEGAS DE MATUTE (SEGOVIA),False,False,
5358111UL9155N,5358111,UL9155N,40.787538,-4.239529,589.0,VEGAS DE MATUTE,"Obras de urbanización y jardineria, suelos sin edificar",CL,VILLATORO,6211,CL VILLATORO 6211 Suelo 40423 VEGAS DE MATUTE (SEGOVIA),False,False,
5358112UL9155N,5358112,UL9155N,40.787421,-4.239616,513.0,VEGAS DE MATUTE,"Obras de urbanización y jardineria, suelos sin edificar",CL,VILLATORO,6212,CL VILLATORO 6212 Suelo 40423 VEGAS DE MATUTE (SEGOVIA),False,False,
5358113UL9155N,5358113,UL9155N,40.78731,-4.23971,489.0,VEGAS DE MATUTE,"Obras de urbanización y jardineria, suelos sin edificar",CL,VILLATORO,6213,CL VILLATORO 6213 Suelo 40423 VEGAS DE MATUTE (SEGOVIA),False,False,
5358114UL9155N,5358114,UL9155N,40.787202,-4.239814,515.0,VEGAS DE MATUTE,"Obras de urbanización y jardineria, suelos sin edificar",CL,VILLATORO,6214,CL VILLATORO 6214 Suelo 40423 VEGAS DE MATUTE (SEGOVIA),False,False,
5358115UL9155N,5358115,UL9155N,40.787097,-4.239929,575.0,VEGAS DE MATUTE,"Obras de urbanización y jardineria, suelos sin edificar",CL,VILLATORO,6215,CL VILLATORO 6215 Suelo 40423 VEGAS DE MATUTE (SEGOVIA),False,False,
5358116UL9155N,5358116,UL9155N,40.786993,-4.240065,749.0,VEGAS DE MATUTE,"Obras de urbanización y jardineria, suelos sin edificar",CL,VILLATORO,6216,CL VILLATORO 6216 Suelo 40423 VEGAS DE MATUTE (SEGOVIA),False,False,
5358117UL9155N,5358117,UL9155N,40.786916,-4.240242,807.0,VEGAS DE MATUTE,"Obras de urbanización y jardineria, suelos sin edificar",CL,VILLATORO,6217,CL VILLATORO 6217 Suelo 40423 VEGAS DE MATUTE (SEGOVIA),False,False,
5358118UL9155N,5358118,UL9155N,40.786888,-4.240404,640.0,VEGAS DE MATUTE,"Obras de urbanización y jardineria, suelos sin edificar",CL,VILLATORO,6218,CL VILLATORO 6218 Suelo 40423 VEGAS DE MATUTE (SEGOVIA),False,False,
5358119UL9155N,5358119,UL9155N,40.786864,-4.240543,652.0,VEGAS DE MATUTE,"Obras de urbanización y jardineria, suelos sin edificar",CL,VILLATORO,6219,CL VILLATORO 6219 Suelo 40423 VEGAS DE MATUTE (SEGOVIA),False,False,
5358120UL9155N,5358120,UL9155N,40.78684,-4.240682,664.0,VEGAS DE MATUTE,"Obras de urbanización y jardineria, suelos sin edificar",CL,VILLATORO,6220,CL VILLATORO 6220 Suelo 40423 VEGAS DE MATUTE (SEGOVIA),False,False,
5358121UL9155N,5358121,UL9155N,40.786816,-4.240821,676.0,VEGAS DE MATUTE,"Obras de urbanización y jardineria, suelos sin edificar",CL,VILLATORO,6221,CL VILLATORO 6221 Suelo 40423 VEGAS DE MATUTE (SEGOVIA),False,False,
5358122UL9155N,5358122,UL9155N,40.786792,-4.240959,687.0,VEGAS DE MATUTE,"Obras de urbanización y jardineria, suelos sin edificar",CL,VILLATORO,6222,CL VILLATORO 6222 Suelo 40423 VEGAS DE MATUTE (SEGOVIA),False,False,
5358123UL9155N,5358123,UL9155N,40.786768,-4.241098,699.0,VEGAS DE MATUTE,"Obras de urbanización y jardineria, suelos sin edificar",CL,VILLATORO,6223,CL VILLATORO 6223 Suelo 40423 VEGAS DE MATUTE (SEGOVIA),False,False,
5358124UL9155N,5358124,UL9155N,40.786744,-4.241237,711.0,VEGAS DE MATUTE,"Obras de urbanización y jardineria, suelos sin edificar",CL,VILLATORO,6224,CL VILLATORO 6224 Suelo 40423 VEGAS DE MATUTE (SEGOVIA),False,False,
5358125UL9155N,5358125,UL9155N,40.78672,-4.241376,723.0,VEGAS DE MATUTE,"Obras de urbanización y jardineria, suelos sin edificar",CL,VILLATORO,6225,CL VILLATORO 6225 Suelo 40423 VEGAS DE MATUTE (SEGOVIA),False,False,
5358126UL9155N,5358126,UL9155N,40.786816,-4.241541,409.0,VEGAS DE MATUTE,"Obras de urbanización y jardineria, suelos sin edificar",CL,VILLATORO,6226,CL VILLATORO 6226 Suelo 40423 VEGAS DE MATUTE (SEGOVIA),False,False,
5358127UL9155N,5358127,UL9155N,40.786819,-4.241699,406.0,VEGAS DE MATUTE,"Obras de urbanización y jardineria, suelos sin edificar",CL,VILLATORO,6227,CL VILLATORO 6227 Suelo 40423 VEGAS DE MATUTE (SEGOVIA),False,False,
5358128UL9155N,5358128,UL9155N,40.786839,-4.24189,417.0,VEGAS DE MATUTE,"Obras de urbanización y jardineria, suelos sin edificar",CL,VILLATORO,6228,CL VILLATORO 6228 Suelo 40423 VEGAS DE MATUTE (SEGOVIA),False,False,
5358129UL9155N,5358129,UL9155N,40.786871,-4.242098,409.0,VEGAS DE MATUTE,"Obras de urbanización y jardineria, suelos sin edificar",CL,VILLATORO,6229,CL VILLATORO 6229 Suelo 40423 VEGAS DE MATUTE (SEGOVIA),False,False,
5358130UL9155N,5358130,UL9155N,40.786941,-4.242293,410.0,VEGAS DE MATUTE,"Obras de urbanización y jardineria, suelos sin edificar",CL,VILLATORO,6230,CL VILLATORO 6230 Suelo 40423 VEGAS DE MATUTE (SEGOVIA),False,False,
5358131UL9155N,5358131,UL9155N,40.787045,-4.242479,437.0,VEGAS DE MATUTE,"Obras de urbanización y jardineria, suelos sin edificar",CL,VILLATORO,6231,CL VILLATORO 6231 Suelo 40423 VEGAS DE MATUTE (SEGOVIA),False,False,
5358132UL9155N,5358132,UL9155N,40.787159,-4.242634,493.0,VEGAS DE MATUTE,"Obras de urbanización y jardineria, suelos sin edificar",CL,VILLATORO,6232,CL VILLATORO 6232 Suelo 40423 VEGAS DE MATUTE (SEGOVIA),False,False,
5358133UL9155N,5358133,UL9155N,40.787268,-4.242734,476.0,VEGAS DE MATUTE,"Obras de urbanización y jardineria, suelos sin edificar",CL,VILLATORO,6233,CL VILLATORO 6233 Suelo 40423 VEGAS DE MATUTE (SEGOVIA),False,False,
5358134UL9155N,5358134,UL9155N,40.787366,-4.24282,582.0,VEGAS DE MATUTE,"Obras de urbanización y jardineria, suelos sin edificar",CL,VILLATORO,6234,CL VILLATORO 6234 Suelo 40423 VEGAS DE MATUTE (SEGOVIA),False,False,
5358135UL9155N,5358135,UL9155N,40.787614,-4.242644,453.0,VEGAS DE MATUTE,"Obras de urbanización y jardineria, suelos sin edificar",AV,VENECIA,6235,AV VENECIA 6235 Suelo 40423 VEGAS DE MATUTE (SEGOVIA),False,False,
5358136UL9155N,5358136,UL9155N,40.787605,-4.24279,409.0,VEGAS DE MATUTE,"Obras de urbanización y jardineria, suelos sin edificar",AV,VENECIA,6236,AV VENECIA 6236 Suelo 40423 VEGAS DE MATUTE (SEGOVIA),False,False,
5358137UL9155N,5358137,UL9155N,40.787586,-4.24293,409.0,VEGAS DE MATUTE,"Obras de urbanización y jardineria, suelos sin edificar",AV,VENECIA,6237,AV VENECIA 6237 Suelo 40423 VEGAS DE MATUTE (SEGOVIA),False,False,
5358138UL9155N,5358138,UL9155N,40.787566,-4.243073,427.0,VEGAS DE MATUTE,"Obras de urbanización y jardineria, suelos sin edificar",AV,VENECIA,6238,AV VENECIA 6238 Suelo 40423 VEGAS DE MATUTE (SEGOVIA),False,False,
5358139UL9155N,5358139,UL9155N,40.787546,-4.243216,410.0,VEGAS DE MATUTE,"Obras de urbanización y jardineria, suelos sin edificar",AV,VENECIA,6239,AV VENECIA 6239 Suelo 40423 VEGAS DE MATUTE (SEGOVIA),False,False,
5358140UL9155N,5358140,UL9155N,40.787526,-4.243356,410.0,VEGAS DE MATUTE,"Obras de urbanización y jardineria, suelos sin edificar",AV,VENECIA,6240,AV VENECIA 6240 Suelo 40423 VEGAS DE MATUTE (SEGOVIA),False,False,
5358141UL9155N,5358141,UL9155N,40.787507,-4.243496,411.0,VEGAS DE MATUTE,"Obras de urbanización y jardineria, suelos sin edificar",AV,VENECIA,6241,AV VENECIA 6241 Suelo 40423 VEGAS DE MATUTE (SEGOVIA),False,False,
5358142UL9155N,5358142,UL9155N,40.787487,-4.243636,410.0,VEGAS DE MATUTE,"Obras de urbanización y jardineria, suelos sin edificar",AV,VENECIA,6242,AV VENECIA 6242 Suelo 40423 VEGAS DE MATUTE (SEGOVIA),False,False,
5358143UL9155N,5358143,UL9155N,40.787475,-4.2438,509.0,VEGAS DE MATUTE,"Obras de urbanización y jardineria, suelos sin edificar",AV,VENECIA,6243,AV VENECIA 6243 Suelo 40423 VEGAS DE MATUTE (SEGOVIA),False,False,
5358144UL9155N,5358144,UL9155N,40.787249,-4.243503,481.0,VEGAS DE MATUTE,"Obras de urbanización y jardineria, suelos sin edificar",AV,VENECIA,6244,AV VENECIA 6244 Suelo 40423 VEGAS DE MATUTE (SEGOVIA),False,False,
5358145UL9155N,5358145,UL9155N,40.787209,-4.243316,441.0,VEGAS DE MATUTE,"Obras de urbanización y jardineria, suelos sin edificar",AV,VENECIA,6245,AV VENECIA 6245 Suelo 40423 VEGAS DE MATUTE (SEGOVIA),False,False,
5358146UL9155N,5358146,UL9155N,40.787142,-4.243205,436.0,VEGAS DE MATUTE,"Obras de urbanización y jardineria, suelos sin edificar",AV,VENECIA,6246,AV VENECIA 6246 Suelo 40423 VEGAS DE MATUTE (SEGOVIA),False,False,
5358147UL9155N,5358147,UL9155N,40.787075,-4.243093,419.0,VEGAS DE MATUTE,"Obras de urbanización y jardineria, suelos sin edificar",AV,VENECIA,6247,AV VENECIA 6247 Suelo 40423 VEGAS DE MATUTE (SEGOVIA),False,False,
5358148UL9155N,5358148,UL9155N,40.787008,-4.242982,401.0,VEGAS DE MATUTE,"Obras de urbanización y jardineria, suelos sin edificar",AV,VENECIA,6248,AV VENECIA 6248 Suelo 40423 VEGAS DE MATUTE (SEGOVIA),False,False,
5358149UL9155N,5358149,UL9155N,40.786939,-4.242866,404.0,VEGAS DE MATUTE,"Obras de urbanización y jardineria, suelos sin edificar",AV,VENECIA,6249,AV VENECIA 6249 Suelo 40423 VEGAS DE MATUTE (SEGOVIA),False,False,
5358150UL9155N,5358150,UL9155N,40.78687,-4.242742,409.0,VEGAS DE MATUTE,"Obras de urbanización y jardineria, suelos sin edificar",AV,VENECIA,6250,AV VENECIA 6250 Suelo 40423 VEGAS DE MATUTE (SEGOVIA),False,False,
5358151UL9155N,5358151,UL9155N,40.7868,-4.242608,426.0,VEGAS DE MATUTE,"Obras de urbanización y jardineria, suelos sin edificar",AV,VENECIA,6251,AV VENECIA 6251 Suelo 40423 VEGAS DE MATUTE (SEGOVIA),False,False,
5358152UL9155N,5358152,UL9155N,40.786726,-4.242477,406.0,VEGAS DE MATUTE,"Obras de urbanización y jardineria, suelos sin edificar",AV,VENECIA,6252,AV VENECIA 6252 Suelo 40423 VEGAS DE MATUTE (SEGOVIA),False,False,
5358153UL9155N,5358153,UL9155N,40.786664,-4.242333,410.0,VEGAS DE MATUTE,"Obras de urbanización y jardineria, suelos sin edificar",AV,VENECIA,6253,AV VENECIA 6253 Suelo 40423 VEGAS DE MATUTE (SEGOVIA),False,False,
5358154UL9155N,5358154,UL9155N,40.786613,-4.242176,426.0,VEGAS DE MATUTE,"Obras de urbanización y jardineria, suelos sin edificar",AV,VENECIA,6254,AV VENECIA 6254 Suelo 40423 VEGAS DE MATUTE (SEGOVIA),False,False,
5358155UL9155N,5358155,UL9155N,40.786581,-4.242017,411.0,VEGAS DE MATUTE,"Obras de urbanización y jardineria, suelos sin edificar",AV,VENECIA,6255,AV VENECIA 6255 Suelo 40423 VEGAS DE MATUTE (SEGOVIA),False,False,
5358156UL9155N,5358156,UL9155N,40.786555,-4.24186,437.0,VEGAS DE MATUTE,"Obras de urbanización y jardineria, suelos sin edificar",AV,VENECIA,6256,AV VENECIA 6256 Suelo 40423 VEGAS DE MATUTE (SEGOVIA),False,False,
5358157UL9155N,5358157,UL9155N,40.786521,-4.24162,802.0,VEGAS DE MATUTE,"Obras de urbanización y jardineria, suelos sin edificar",AV,VENECIA,6257,AV VENECIA 6257 Suelo 40423 VEGAS DE MATUTE (SEGOVIA),False,False,
5358158UL9155N,5358158,UL9155N,40.787376,-4.243218,271.0,VEGAS DE MATUTE,"Obras de urbanización y jardineria, suelos sin edificar",AV,VENECIA,62,AV VENECIA 62(C) Suelo 40423 VEGAS DE MATUTE (SEGOVIA),False,False,
5358159UL9155N,5358159,UL9155N,40.78737,-4.243166,584.0,VEGAS DE MATUTE,"Obras de urbanización y jardineria, suelos sin edificar",AV,VENECIA,62,AV VENECIA 62(B) Suelo 40423 VEGAS DE MATUTE (SEGOVIA),False,False,
5358160UL9155N,5358160,UL9155N,40.787949,-4.239427,170.0,VEGAS DE MATUTE,"Obras de urbanización y jardineria, suelos sin edificar",CL,VILLATORO,62,CL VILLATORO 62(D) Suelo 40423 VEGAS DE MATUTE (SEGOVIA),False,False,
5358161UL9155N,5358161,UL9155N,40.786371,-4.241576,1019.0,VEGAS DE MATUTE,"Obras de urbanización y jardineria, suelos sin edificar",AV,VENECIA,62,AV VENECIA 62(A) Suelo 40423 VEGAS DE MATUTE (SEGOVIA),False,False,
5359101UL9155N,5359101,UL9155N,40.788223,-4.231754,123772.0,VEGAS DE MATUTE,,UR,ANGELES DE SAN RAFAEL,1,,False,False,
5359102UL9155N,5359102,UL9155N,40.787643,-4.245107,1576.0,VEGAS DE MATUTE,,UR,ANGELES DE SAN RAFAEL,,,False,False,
5359103UL9155N,5359103,UL9155N,40.786665,-4.244831,1518.0,VEGAS DE MATUTE,Ocio y Hosteleria,UR,ANGELES DE SAN RAFAEL,,UR ANGELES DE SAN RAFAEL 40423 VEGAS DE MATUTE (SEGOVIA),False,False,
5359104UL9155N,5359104,UL9155N,40.788187,-4.252755,7502.0,VEGAS DE MATUTE,"Obras de urbanización y jardineria, suelos sin edificar",UR,ANGELES DE SAN RAFAEL,1,UR ANGELES DE SAN RAFAEL 1(B) Suelo 40423 VEGAS DE MATUTE (SEGOVIA),False,False,
5359105UL9155N,5359105,UL9155N,40.785721,-4.242018,6939.0,VEGAS DE MATUTE,Industrial,UR,ANGELES DE SAN RAFAEL,,UR ANGELES DE SAN RAFAEL 40423 VEGAS DE MATUTE (SEGOVIA),False,False,
5359106UL9155N,5359106,UL9155N,40.785982,-4.243155,10703.0,VEGAS DE MATUTE,Deportivo,UR,ANGELES DE SAN RAFAEL,,UR ANGELES DE SAN RAFAEL 40423 VEGAS DE MATUTE (SEGOVIA),False,False,
5359107UL9155N,5359107,UL9155N,40.785846,-4.245107,487.0,VEGAS DE MATUTE,Ocio y Hosteleria,UR,ANGELES DE SAN RAFAEL,,UR ANGELES DE SAN RAFAEL 40423 VEGAS DE MATUTE (SEGOVIA),False,False,
5359108UL9155N,5359108,UL9155N,40.78521,-4.25178,383686.0,VEGAS DE MATUTE,Industrial,UR,ANGELES DE SAN RAFAEL,,UR ANGELES DE SAN RAFAEL 40423 VEGAS DE MATUTE (SEGOVIA),False,False,
5359109UL9155N,5359109,UL9155N,40.788687,-4.244553,1059.0,VEGAS DE MATUTE,Industrial,UR,ANGELES DE SAN RAFAEL,,UR ANGELES DE SAN RAFAEL 40423 VEGAS DE MATUTE (SEGOVIA),False,False,
5360501UL9156S,5360501,UL9156S,40.788632,-4.239967,44830.0,VEGAS DE MATUTE,"Obras de urbanización y jardineria, suelos sin edificar",AV,VENECIA,6101,AV VENECIA 6101 Suelo 40423 VEGAS DE MATUTE (SEGOVIA),False,False,
5450701UL9155S,5450701,UL9155S,40.778805,-4.242068,126021.0,VEGAS DE MATUTE,Industrial,UR,ANGELES DE SAN RAFAEL,,UR ANGELES DE SAN RAFAEL 40423 VEGAS DE MATUTE (SEGOVIA),False,False,
5452701UL9155S,5452701,UL9155S,40.782112,-4.241115,543.0,VEGAS DE MATUTE,"Obras de urbanización y jardineria, suelos sin edificar",AV,LOS ANGELES,,AV LOS ANGELES  Suelo 40423 VEGAS DE MATUTE (SEGOVIA),False,False,
5452702UL9155S,5452702,UL9155S,40.782007,-4.240937,559.0,VEGAS DE MATUTE,"Obras de urbanización y jardineria, suelos sin edificar",AV,LOS ANGELES,,AV LOS ANGELES  Suelo 40423 VEGAS DE MATUTE (SEGOVIA),False,False,
5452703UL9155S,5452703,UL9155S,40.781895,-4.240748,686.0,VEGAS DE MATUTE,"Obras de urbanización y jardineria, suelos sin edificar",AV,LOS ANGELES,,AV LOS ANGELES  Suelo 40423 VEGAS DE MATUTE (SEGOVIA),False,False,
5452704UL9155S,5452704,UL9155S,40.781808,-4.240529,667.0,VEGAS DE MATUTE,"Obras de urbanización y jardineria, suelos sin edificar",AV,LOS ANGELES,,AV LOS ANGELES  Suelo 40423 VEGAS DE MATUTE (SEGOVIA),False,False,
5452705UL9155S,5452705,UL9155S,40.781736,-4.240309,623.0,VEGAS DE MATUTE,"Obras de urbanización y jardineria, suelos sin edificar",AV,LOS ANGELES,,AV LOS ANGELES  Suelo 40423 VEGAS DE MATUTE (SEGOVIA),False,False,
5452706UL9155S,5452706,UL9155S,40.781669,-4.2401,622.0,VEGAS DE MATUTE,"Obras de urbanización y jardineria, suelos sin edificar",AV,LOS ANGELES,,AV LOS ANGELES  Suelo 40423 VEGAS DE MATUTE (SEGOVIA),False,False,
5452707UL9155S,5452707,UL9155S,40.781569,-4.239798,1225.0,VEGAS DE MATUTE,"Obras de urbanización y jardineria, suelos sin edificar",AV,LOS ANGELES,,AV LOS ANGELES  Suelo 40423 VEGAS DE MATUTE (SEGOVIA),False,False,
5452708UL9155S,5452708,UL9155S,40.781472,-4.239493,665.0,VEGAS DE MATUTE,"Obras de urbanización y jardineria, suelos sin edificar",AV,LOS ANGELES,,AV LOS ANGELES  Suelo 40423 VEGAS DE MATUTE (SEGOVIA),False,False,
5452709UL9155S,5452709,UL9155S,40.781415,-4.239276,613.0,VEGAS DE MATUTE,"Obras de urbanización y jardineria, suelos sin edificar",AV,LOS ANGELES,,AV LOS ANGELES  Suelo 40423 VEGAS DE MATUTE (SEGOVIA),False,False,
5452710UL9155S,5452710,UL9155S,40.781373,-4.239037,629.0,VEGAS DE MATUTE,"Obras de urbanización y jardineria, suelos sin edificar",AV,LOS ANGELES,,AV LOS ANGELES  Suelo 40423 VEGAS DE MATUTE (SEGOVIA),False,False,
5452711UL9155S,5452711,UL9155S,40.781362,-4.238783,534.0,VEGAS DE MATUTE,"Obras de urbanización y jardineria, suelos sin edificar",AV,LOS ANGELES,,AV LOS ANGELES  Suelo 40423 VEGAS DE MATUTE (SEGOVIA),False,False,
5452712UL9155S,5452712,UL9155S,40.781357,-4.238545,507.0,VEGAS DE MATUTE,"Obras de urbanización y jardineria, suelos sin edificar",AV,LOS ANGELES,,AV LOS ANGELES  Suelo 40423 VEGAS DE MATUTE (SEGOVIA),False,False,
5452713UL9155S,5452713,UL9155S,40.781352,-4.238303,529.0,VEGAS DE MATUTE,"Obras de urbanización y jardineria, suelos sin edificar",AV,LOS ANGELES,,AV LOS ANGELES  Suelo 40423 VEGAS DE MATUTE (SEGOVIA),False,False,
5452714UL9155S,5452714,UL9155S,40.781346,-4.238058,502.0,VEGAS DE MATUTE,"Obras de urbanización y jardineria, suelos sin edificar",AV,LOS ANGELES,,AV LOS ANGELES  Suelo 40423 VEGAS DE MATUTE (SEGOVIA),False,False,
5452715UL9155S,5452715,UL9155S,40.781344,-4.237818,486.0,VEGAS DE MATUTE,"Obras de urbanización y jardineria, suelos sin edificar",AV,LOS ANGELES,,AV LOS ANGELES  Suelo 40423 VEGAS DE MATUTE (SEGOVIA),False,False,
5452716UL9155S,5452716,UL9155S,40.781347,-4.237582,487.0,VEGAS DE MATUTE,"Obras de urbanización y jardineria, suelos sin edificar",AV,LOS ANGELES,,AV LOS ANGELES  Suelo 40423 VEGAS DE MATUTE (SEGOVIA),False,False,
5452717UL9155S,5452717,UL9155S,40.781352,-4.237348,491.0,VEGAS DE MATUTE,"Obras de urbanización y jardineria, suelos sin edificar",AV,LOS ANGELES,,AV LOS ANGELES  Suelo 40423 VEGAS DE MATUTE (SEGOVIA),False,False,
5452718UL9155S,5452718,UL9155S,40.781355,-4.237112,489.0,VEGAS DE MATUTE,"Obras de urbanización y jardineria, suelos sin edificar",AV,LOS ANGELES,,AV LOS ANGELES  Suelo 40423 VEGAS DE MATUTE (SEGOVIA),False,False,
5452719UL9155S,5452719,UL9155S,40.781357,-4.236865,492.0,VEGAS DE MATUTE,"Obras de urbanización y jardineria, suelos sin edificar",AV,LOS ANGELES,,AV LOS ANGELES  Suelo 40423 VEGAS DE MATUTE (SEGOVIA),False,False,
5452720UL9155S,5452720,UL9155S,40.781351,-4.236536,669.0,VEGAS DE MATUTE,"Obras de urbanización y jardineria, suelos sin edificar",AV,LOS ANGELES,,AV LOS ANGELES  Suelo 40423 VEGAS DE MATUTE (SEGOVIA),False,False,
5452721UL9155S,5452721,UL9155S,40.781065,-4.236256,676.0,VEGAS DE MATUTE,"Obras de urbanización y jardineria, suelos sin edificar",AV,LOS ANGELES,,AV LOS ANGELES  Suelo 40423 VEGAS DE MATUTE (SEGOVIA),False,False,
5452722UL9155S,5452722,UL9155S,40.781065,-4.23654,451.0,VEGAS DE MATUTE,"Obras de urbanización y jardineria, suelos sin edificar",CL,BERNARDOS,,CL BERNARDOS  Suelo 40423 VEGAS DE MATUTE (SEGOVIA),False,False,
5452723UL9155S,5452723,UL9155S,40.781058,-4.236765,435.0,VEGAS DE MATUTE,"Obras de urbanización y jardineria, suelos sin edificar",CL,BERNARDOS,,CL BERNARDOS  Suelo 40423 VEGAS DE MATUTE (SEGOVIA),False,False,
5452724UL9155S,5452724,UL9155S,40.78105,-4.23699,433.0,VEGAS DE MATUTE,"Obras de urbanización y jardineria, suelos sin edificar",CL,BERNARDOS,,CL BERNARDOS  Suelo 40423 VEGAS DE MATUTE (SEGOVIA),False,False,
5452725UL9155S,5452725,UL9155S,40.781043,-4.237215,440.0,VEGAS DE MATUTE,"Obras de urbanización y jardineria, suelos sin edificar",CL,BERNARDOS,,CL BERNARDOS  Suelo 40423 VEGAS DE MATUTE (SEGOVIA),False,False,
5452726UL9155S,5452726,UL9155S,40.781036,-4.237442,445.0,VEGAS DE MATUTE,"Obras de urbanización y jardineria, suelos sin edificar",CL,BERNARDOS,,CL BERNARDOS  Suelo 40423 VEGAS DE MATUTE (SEGOVIA),False,False,
5452727UL9155S,5452727,UL9155S,40.78103,-4.237667,462.0,VEGAS DE MATUTE,"Obras de urbanización y jardineria, suelos sin edificar",CL,BERNARDOS,,CL BERNARDOS  Suelo 40423 VEGAS DE MATUTE (SEGOVIA),False,False,
5452728UL9155S,5452728,UL9155S,40.781023,-4.237894,494.0,VEGAS DE MATUTE,"Obras de urbanización y jardineria, suelos sin edificar",CL,BERNARDOS,,CL BERNARDOS  Suelo 40423 VEGAS DE MATUTE (SEGOVIA),False,False,
5452729UL9155S,5452729,UL9155S,40.781019,-4.238121,510.0,VEGAS DE MATUTE,"Obras de urbanización y jardineria, suelos sin edificar",CL,BERNARDOS,,CL BERNARDOS  Suelo 40423 VEGAS DE MATUTE (SEGOVIA),False,False,
5452730UL9155S,5452730,UL9155S,40.781015,-4.238351,569.0,VEGAS DE MATUTE,"Obras de urbanización y jardineria, suelos sin edificar",CL,BERNARDOS,,CL BERNARDOS  Suelo 40423 VEGAS DE MATUTE (SEGOVIA),False,False,
5452731UL9155S,5452731,UL9155S,40.781017,-4.238581,541.0,VEGAS DE MATUTE,"Obras de urbanización y jardineria, suelos sin edificar",CL,BERNARDOS,,CL BERNARDOS  Suelo 40423 VEGAS DE MATUTE (SEGOVIA),False,False,
5452732UL9155S,5452732,UL9155S,40.781019,-4.238808,567.0,VEGAS DE MATUTE,"Obras de urbanización y jardineria, suelos sin edificar",CL,BERNARDOS,,CL BERNARDOS  Suelo 40423 VEGAS DE MATUTE (SEGOVIA),False,False,
5452733UL9155S,5452733,UL9155S,40.781027,-4.239043,556.0,VEGAS DE MATUTE,"Obras de urbanización y jardineria, suelos sin edificar",CL,BERNARDOS,,CL BERNARDOS  Suelo 40423 VEGAS DE MATUTE (SEGOVIA),False,False,
5452734UL9155S,5452734,UL9155S,40.781046,-4.239282,566.0,VEGAS DE MATUTE,"Obras de urbanización y jardineria, suelos sin edificar",CL,BERNARDOS,,CL BERNARDOS  Suelo 40423 VEGAS DE MATUTE (SEGOVIA),False,False,
5452735UL9155S,5452735,UL9155S,40.781078,-4.239519,581.0,VEGAS DE MATUTE,"Obras de urbanización y jardineria, suelos sin edificar",CL,BERNARDOS,,CL BERNARDOS  Suelo 40423 VEGAS DE MATUTE (SEGOVIA),False,False,
5452736UL9155S,5452736,UL9155S,40.781124,-4.239747,629.0,VEGAS DE MATUTE,"Obras de urbanización y jardineria, suelos sin edificar",CL,BERNARDOS,,CL BERNARDOS  Suelo 40423 VEGAS DE MATUTE (SEGOVIA),False,False,
5452737UL9155S,5452737,UL9155S,40.781182,-4.239969,690.0,VEGAS DE MATUTE,"Obras de urbanización y jardineria, suelos sin edificar",CL,BERNARDOS,,CL BERNARDOS  Suelo 40423 VEGAS DE MATUTE (SEGOVIA),False,False,
5452738UL9155S,5452738,UL9155S,40.781255,-4.240182,693.0,VEGAS DE MATUTE,"Obras de urbanización y jardineria, suelos sin edificar",CL,BERNARDOS,,CL BERNARDOS  Suelo 40423 VEGAS DE MATUTE (SEGOVIA),False,False,
5452739UL9155S,5452739,UL9155S,40.781346,-4.240388,623.0,VEGAS DE MATUTE,"Obras de urbanización y jardineria, suelos sin edificar",CL,BERNARDOS,,CL BERNARDOS  Suelo 40423 VEGAS DE MATUTE (SEGOVIA),False,False,
5452740UL9155S,5452740,UL9155S,40.781446,-4.240597,543.0,VEGAS DE MATUTE,"Obras de urbanización y jardineria, suelos sin edificar",CL,BERNARDOS,,CL BERNARDOS  Suelo 40423 VEGAS DE MATUTE (SEGOVIA),False,False,
5452741UL9155S,5452741,UL9155S,40.781569,-4.240863,579.0,VEGAS DE MATUTE,"Obras de urbanización y jardineria, suelos sin edificar",CL,BERNARDOS,,CL BERNARDOS  Suelo 40423 VEGAS DE MATUTE (SEGOVIA),False,False,
5452742UL9155S,5452742,UL9155S,40.781855,-4.241251,875.0,VEGAS DE MATUTE,"Obras de urbanización y jardineria, suelos sin edificar",CL,BERNARDOS,,CL BERNARDOS  Suelo 40423 VEGAS DE MATUTE (SEGOVIA),False,False,
5559601UL9155N,5559601,UL9155N,40.787963,-4.237701,45216.0,VEGAS DE MATUTE,"Obras de urbanización y jardineria, suelos sin edificar",AV,VENECIA,6101,AV VENECIA 6101(D) Suelo 40423 VEGAS DE MATUTE (SEGOVIA),False,False,
5648901UL9154N,5648901,UL9154N,40.774526,-4.239514,9601.0,EL ESPINAR,Agrario,,,,CL B-A.SAN RAF. 26 Suelo 40400 EL ESPINAR (SEGOVIA),False,False,
5648902UL9154N,5648902,UL9154N,40.775483,-4.238782,9663.0,EL ESPINAR,Agrario,,,,CL B-A.SAN RAF. 27 Suelo 40400 EL ESPINAR (SEGOVIA),False,False,
5648903UL9154N,5648903,UL9154N,40.776705,-4.239008,11960.0,EL ESPINAR,Agrario,,,,CL B-A.SAN RAF. 21 Suelo A EL ESPINAR (SEGOVIA),False,False,
5648904UL9154N,5648904,UL9154N,40.777146,-4.238233,11654.0,EL ESPINAR,Agrario,,,,CL F-A.SAN.RAF. 20 Suelo EL ESPINAR (SEGOVIA),False,False,
5648907UL9154N,5648907,UL9154N,40.776031,-4.237635,11071.0,EL ESPINAR,Agrario,,,,CL  CERRO DE LA RINCONADA 23 Suelo 40400 EL ESPINAR (SEGOVIA),False,False,
5648908UL9154N,5648908,UL9154N,40.775097,-4.237983,9617.0,EL ESPINAR,Agrario,,,,CL  CERRO DE LA RINCONADA 24 Suelo A 40400 EL ESPINAR (SEGOVIA),False,False,
5648909UL9154N,5648909,UL9154N,40.774133,-4.238747,10229.0,EL ESPINAR,Agrario,,,,CL  CERRO DE LA RINCONADA 25 Suelo 40400 EL ESPINAR (SEGOVIA),False,False,
5648999UL9154N,5648999,UL9154N,40.777562,-4.236146,8665.0,EL ESPINAR,"Obras de urbanización y jardineria, suelos sin edificar",CL,CERRO DE LA RINCONADA,,CL  CERRO DE LA RINCONADA  Suelo 40400 EL ESPINAR (SEGOVIA),False,False,
5650301UL9155S,5650301,UL9155S,40.778025,-4.239347,4728.0,VEGAS DE MATUTE,"Obras de urbanización y jardineria, suelos sin edificar",UR,ANGELES DE SAN RAFAEL,,UR ANGELES DE SAN RAFAEL  Suelo 40423 VEGAS DE MATUTE (SEGOVIA),False,False,
5661101UL9156S,5661101,UL9156S,40.789494,-4.237047,54005.0,VEGAS DE MATUTE,"Obras de urbanización y jardineria, suelos sin edificar",AV,VENECIA,6001,AV VENECIA 6001 Suelo 40423 VEGAS DE MATUTE (SEGOVIA),False,False,
5663901UL9156S,5663901,UL9156S,40.791503,-4.235474,874.0,VEGAS DE MATUTE,Deportivo,CL,K,5901,CL K 5901 40423 VEGAS DE MATUTE (SEGOVIA),False,False,
5663902UL9156S,5663902,UL9156S,40.791354,-4.235389,432.0,VEGAS DE MATUTE,"Obras de urbanización y jardineria, suelos sin edificar",CL,K,5902,CL K 5902 Suelo 40423 VEGAS DE MATUTE (SEGOVIA),False,False,
5663903UL9156S,5663903,UL9156S,40.791212,-4.235294,820.0,VEGAS DE MATUTE,"Obras de urbanización y jardineria, suelos sin edificar",CL,K,5903,CL K 5903 Suelo 40423 VEGAS DE MATUTE (SEGOVIA),False,False,
5663904UL9156S,5663904,UL9156S,40.791295,-4.235665,632.0,VEGAS DE MATUTE,Deportivo,AV,VENECIA,5904,AV VENECIA 5904 40423 VEGAS DE MATUTE (SEGOVIA),False,False,
5663905UL9156S,5663905,UL9156S,40.791263,-4.235802,589.0,VEGAS DE MATUTE,"Obras de urbanización y jardineria, suelos sin edificar",AV,VENECIA,5905,AV VENECIA 5905 Suelo 40423 VEGAS DE MATUTE (SEGOVIA),False,False,
5663906UL9156S,5663906,UL9156S,40.791231,-4.235939,547.0,VEGAS DE MATUTE,"Obras de urbanización y jardineria, suelos sin edificar",AV,VENECIA,5906,AV VENECIA 5906 Suelo 40423 VEGAS DE MATUTE (SEGOVIA),False,False,
5663907UL9156S,5663907,UL9156S,40.791201,-4.236077,508.0,VEGAS DE MATUTE,"Obras de urbanización y jardineria, suelos sin edificar",AV,VENECIA,5907,AV VENECIA 5907 Suelo 40423 VEGAS DE MATUTE (SEGOVIA),False,False,
5663908UL9156S,5663908,UL9156S,40.791171,-4.236215,470.0,VEGAS DE MATUTE,"Obras de urbanización y jardineria, suelos sin edificar",AV,VENECIA,5908,AV VENECIA 5908 Suelo 40423 VEGAS DE MATUTE (SEGOVIA),False,False,
5663909UL9156S,5663909,UL9156S,40.791139,-4.236359,466.0,VEGAS DE MATUTE,"Obras de urbanización y jardineria, suelos sin edificar",AV,VENECIA,5909,AV VENECIA 5909 Suelo 40423 VEGAS DE MATUTE (SEGOVIA),False,False,
5663910UL9156S,5663910,UL9156S,40.791104,-4.236513,458.0,VEGAS DE MATUTE,"Obras de urbanización y jardineria, suelos sin edificar",AV,VENECIA,5910,AV VENECIA 5910 Suelo 40423 VEGAS DE MATUTE (SEGOVIA),False,False,
5663911UL9156S,5663911,UL9156S,40.791038,-4.236747,852.0,VEGAS DE MATUTE,"Obras de urbanización y jardineria, suelos sin edificar",AV,VENECIA,5911,AV VENECIA 5911 Suelo 40423 VEGAS DE MATUTE (SEGOVIA),False,False,
5663912UL9156S,5663912,UL9156S,40.79096,-4.236976,430.0,VEGAS DE MATUTE,"Obras de urbanización y jardineria, suelos sin edificar",AV,VENECIA,5912,AV VENECIA 5912 Suelo 40423 VEGAS DE MATUTE (SEGOVIA),False,False,
5663913UL9156S,5663913,UL9156S,40.7909,-4.237123,456.0,VEGAS DE MATUTE,"Obras de urbanización y jardineria, suelos sin edificar",AV,VENECIA,5913,AV VENECIA 5913 Suelo 40423 VEGAS DE MATUTE (SEGOVIA),False,False,
5663914UL9156S,5663914,UL9156S,40.790837,-4.237261,464.0,VEGAS DE MATUTE,"Obras de urbanización y jardineria, suelos sin edificar",AV,VENECIA,5914,AV VENECIA 5914 Suelo 40423 VEGAS DE MATUTE (SEGOVIA),False,False,
5663915UL9156S,5663915,UL9156S,40.790773,-4.237385,476.0,VEGAS DE MATUTE,"Obras de urbanización y jardineria, suelos sin edificar",AV,VENECIA,5915,AV VENECIA 5915 Suelo 40423 VEGAS DE MATUTE (SEGOVIA),False,False,
5663916UL9156S,5663916,UL9156S,40.790705,-4.237501,536.0,VEGAS DE MATUTE,"Obras de urbanización y jardineria, suelos sin edificar",AV,VENECIA,5916,AV VENECIA 5916 Suelo 40423 VEGAS DE MATUTE (SEGOVIA),False,False,
5663917UL9156S,5663917,UL9156S,40.790632,-4.237614,609.0,VEGAS DE MATUTE,"Obras de urbanización y jardineria, suelos sin edificar",AV,VENECIA,5917,AV VENECIA 5917 Suelo 40423 VEGAS DE MATUTE (SEGOVIA),False,False,
5664801UL9156S,5664801,UL9156S,40.789984,-4.238718,16778.0,VEGAS DE MATUTE,Cultural,UR,ANGELES DE SAN RAFAEL,,UR ANGELES DE SAN RAFAEL 40423 VEGAS DE MATUTE (SEGOVIA),False,False,
5842201UL9154S,5842201,UL9154S,40.776179,-4.239799,4533.0,EL ESPINAR,Agrario,,,,CL B-A.SAN RAF. 29 Suelo EL ESPINAR (SEGOVIA),False,False,
5842202UL9154S,5842202,UL9154S,40.775517,-4.239988,8997.0,EL ESPINAR,Agrario,,,,CL B-A.SAN RAF. 28 Suelo EL ESPINAR (SEGOVIA),False,False,
5842203UL9154S,5842203,UL9154S,40.772736,-4.238176,7432.0,EL ESPINAR,Agrario,,,,CL B-A.SAN RAF. 62 Suelo A 40400 EL ESPINAR (SEGOVIA),False,False,
5842204UL9154S,5842204,UL9154S,40.772351,-4.237285,8377.0,EL ESPINAR,Agrario,,,,CL B-A.SAN RAF. 63 Suelo 40400 EL ESPINAR (SEGOVIA),False,False,
5842205UL9154S,5842205,UL9154S,40.772071,-4.236387,8977.0,EL ESPINAR,Agrario,,,,CL B-A.SAN RAF. 64 Suelo 40400 EL ESPINAR (SEGOVIA),False,False,
5842206UL9154S,5842206,UL9154S,40.771785,-4.235435,9946.0,EL ESPINAR,Agrario,,,,CL B-A.SAN RAF. 65 Suelo A 40400 EL ESPINAR (SEGOVIA),False,False,
5842207UL9154S,5842207,UL9154S,40.771525,-4.234423,10042.0,EL ESPINAR,Agrario,,,,CL B-A.SAN RAF. 66 Suelo A 40400 EL ESPINAR (SEGOVIA),False,False,
5842208UL9154S,5842208,UL9154S,40.771365,-4.233345,9825.0,EL ESPINAR,Agrario,,,,CL B-A.SAN RAF. 67 Suelo 40400 EL ESPINAR (SEGOVIA),False,False,
5842209UL9154S,5842209,UL9154S,40.771231,-4.232231,9460.0,EL ESPINAR,Agrario,,,,CL B-A.SAN RAF. 68 Suelo A 40400 EL ESPINAR (SEGOVIA),False,False,
5842210UL9154S,5842210,UL9154S,40.771039,-4.230913,11331.0,EL ESPINAR,Agrario,,,,CL B-A.SAN RAF. 69 Suelo 40400 EL ESPINAR (SEGOVIA),False,False,
5842299UL9154S,5842299,UL9154S,40.770322,-4.236144,311740.0,EL ESPINAR,Agrario,,,,CL URUGUAY  Suelo EL ESPINAR (SEGOVIA),False,False,
5846901UL9154N,5846901,UL9154N,40.773627,-4.237643,9586.0,EL ESPINAR,Agrario,,,,CL CERRO DE LA RINCONADA 47 Suelo 40400 EL ESPINAR (SEGOVIA),False,False,
5846902UL9154N,5846902,UL9154N,40.774507,-4.236796,11552.0,EL ESPINAR,Agrario,,,,CL CERRO DE LA RINCONADA 46 Suelo 40400 EL ESPINAR (SEGOVIA),False,False,
5846903UL9154N,5846903,UL9154N,40.775511,-4.236025,11485.0,EL ESPINAR,Agrario,,,,CL CERRO DE LA RINCONADA 45(S) Suelo 40400 EL ESPINAR (SEGOVIA),False,False,
5846905UL9154N,5846905,UL9154N,40.777054,-4.234822,9472.0,EL ESPINAR,"Obras de urbanización y jardineria, suelos sin edificar",CL,CERRO DE LA RINCONADA,43,CL CERRO DE LA RINCONADA 43 Suelo 40400 EL ESPINAR (SEGOVIA),False,False,
5846907UL9154N,5846907,UL9154N,40.774546,-4.234735,10927.0,EL ESPINAR,Agrario,,,,CL DE LA COLMADA 52 Suelo 40400 EL ESPINAR (SEGOVIA),False,False,
5846908UL9154N,5846908,UL9154N,40.773651,-4.234667,9934.0,EL ESPINAR,Agrario,,,,CL DE LA COLMADA 51 Suelo A 40400 EL ESPINAR (SEGOVIA),False,False,
5846909UL9154N,5846909,UL9154N,40.77275,-4.234855,10475.0,EL ESPINAR,Agrario,,,,CL DE LA COLMADA 50 Suelo A 40400 EL ESPINAR (SEGOVIA),False,False,
5846910UL9154N,5846910,UL9154N,40.773144,-4.235847,10519.0,EL ESPINAR,Agrario,,,,CL B-A.SAN RAF. 49 Suelo A 40400 EL ESPINAR (SEGOVIA),False,False,
5846911UL9154N,5846911,UL9154N,40.773398,-4.236738,10264.0,EL ESPINAR,Agrario,,,,CL B-A.SAN RAF. 48 Suelo A 40400 EL ESPINAR (SEGOVIA),False,False,
5846999UL9154N,5846999,UL9154N,40.774365,-4.235777,9997.0,EL ESPINAR,Agrario,,,,CL CERRO DE LA RINCONADA  Suelo 40400 EL ESPINAR (SEGOVIA),False,False,
5851501UL9155S,5851501,UL9155S,40.781307,-4.235906,571.0,VEGAS DE MATUTE,"Obras de urbanización y jardineria, suelos sin edificar",CL,TORDESILLAS,,CL TORDESILLAS  Suelo 40423 VEGAS DE MATUTE (SEGOVIA),False,False,
5851502UL9155S,5851502,UL9155S,40.78117,-4.235775,490.0,VEGAS DE MATUTE,"Obras de urbanización y jardineria, suelos sin edificar",CL,TORDESILLAS,0,CL TORDESILLAS  Suelo 40423 VEGAS DE MATUTE (SEGOVIA),False,False,
5851503UL9155S,5851503,UL9155S,40.781025,-4.235661,475.0,VEGAS DE MATUTE,"Obras de urbanización y jardineria, suelos sin edificar",CL,TORDESILLAS,0,CL TORDESILLAS  Suelo 40423 VEGAS DE MATUTE (SEGOVIA),False,False,
5851504UL9155S,5851504,UL9155S,40.780902,-4.235524,566.0,VEGAS DE MATUTE,"Obras de urbanización y jardineria, suelos sin edificar",CL,TORDESILLAS,0,CL TORDESILLAS  Suelo 40423 VEGAS DE MATUTE (SEGOVIA),False,False,
5851505UL9155S,5851505,UL9155S,40.780765,-4.23541,566.0,VEGAS DE MATUTE,"Obras de urbanización y jardineria, suelos sin edificar",CL,TORDESILLAS,0,CL TORDESILLAS  Suelo 40423 VEGAS DE MATUTE (SEGOVIA),False,False,
5851506UL9155S,5851506,UL9155S,40.780628,-4.235297,566.0,VEGAS DE MATUTE,"Obras de urbanización y jardineria, suelos sin edificar",CL,TORDESILLAS,0,CL TORDESILLAS  Suelo 40423 VEGAS DE MATUTE (SEGOVIA),False,False,
5851507UL9155S,5851507,UL9155S,40.780491,-4.235183,566.0,VEGAS DE MATUTE,"Obras de urbanización y jardineria, suelos sin edificar",CL,TORDESILLAS,0,CL TORDESILLAS  Suelo 40423 VEGAS DE MATUTE (SEGOVIA),False,False,
5851508UL9155S,5851508,UL9155S,40.780325,-4.23507,691.0,VEGAS DE MATUTE,"Obras de urbanización y jardineria, suelos sin edificar",CL,TORDESILLAS,0,CL TORDESILLAS  Suelo 40423 VEGAS DE MATUTE (SEGOVIA),False,False,
5851509UL9155S,5851509,UL9155S,40.780258,-4.234832,686.0,VEGAS DE MATUTE,"Obras de urbanización y jardineria, suelos sin edificar",AV,VALLADOLID,0,AV VALLADOLID  Suelo 40423 VEGAS DE MATUTE (SEGOVIA),False,False,
5851510UL9155S,5851510,UL9155S,40.780336,-4.234614,581.0,VEGAS DE MATUTE,"Obras de urbanización y jardineria, suelos sin edificar",AV,VALLADOLID,0,AV VALLADOLID  Suelo 40423 VEGAS DE MATUTE (SEGOVIA),False,False,
5851511UL9155S,5851511,UL9155S,40.780392,-4.234413,581.0,VEGAS DE MATUTE,"Obras de urbanización y jardineria, suelos sin edificar",AV,VALLADOLID,0,AV VALLADOLID  Suelo 40423 VEGAS DE MATUTE (SEGOVIA),False,False,
5851512UL9155S,5851512,UL9155S,40.780447,-4.234213,581.0,VEGAS DE MATUTE,"Obras de urbanización y jardineria, suelos sin edificar",AV,VALLADOLID,0,AV VALLADOLID  Suelo 40423 VEGAS DE MATUTE (SEGOVIA),False,False,
5851513UL9155S,5851513,UL9155S,40.780503,-4.234012,581.0,VEGAS DE MATUTE,"Obras de urbanización y jardineria, suelos sin edificar",AV,VALLADOLID,0,AV VALLADOLID  Suelo 40423 VEGAS DE MATUTE (SEGOVIA),False,False,
5851514UL9155S,5851514,UL9155S,40.780559,-4.233812,581.0,VEGAS DE MATUTE,"Obras de urbanización y jardineria, suelos sin edificar",AV,VALLADOLID,0,AV VALLADOLID  Suelo 40423 VEGAS DE MATUTE (SEGOVIA),False,False,
5851515UL9155S,5851515,UL9155S,40.780614,-4.233612,581.0,VEGAS DE MATUTE,"Obras de urbanización y jardineria, suelos sin edificar",AV,VALLADOLID,0,AV VALLADOLID  Suelo 40423 VEGAS DE MATUTE (SEGOVIA),False,False,
5851516UL9155S,5851516,UL9155S,40.78067,-4.233411,581.0,VEGAS DE MATUTE,"Obras de urbanización y jardineria, suelos sin edificar",AV,VALLADOLID,0,AV VALLADOLID  Suelo 40423 VEGAS DE MATUTE (SEGOVIA),False,False,
5851517UL9155S,5851517,UL9155S,40.780725,-4.233211,579.0,VEGAS DE MATUTE,"Obras de urbanización y jardineria, suelos sin edificar",AV,VALLADOLID,0,AV VALLADOLID  Suelo 40423 VEGAS DE MATUTE (SEGOVIA),False,False,
5851518UL9155S,5851518,UL9155S,40.780744,-4.232946,596.0,VEGAS DE MATUTE,"Obras de urbanización y jardineria, suelos sin edificar",AV,VALLADOLID,0,AV VALLADOLID  Suelo 40423 VEGAS DE MATUTE (SEGOVIA),False,False,
5851519UL9155S,5851519,UL9155S,40.7809,-4.233583,579.0,VEGAS DE MATUTE,"Obras de urbanización y jardineria, suelos sin edificar",AV,LOS ANGELES,0,AV LOS ANGELES  Suelo 40423 VEGAS DE MATUTE (SEGOVIA),False,False,
5851520UL9155S,5851520,UL9155S,40.780889,-4.23386,600.0,VEGAS DE MATUTE,"Obras de urbanización y jardineria, suelos sin edificar",AV,LOS ANGELES,0,AV LOS ANGELES  Suelo 40423 VEGAS DE MATUTE (SEGOVIA),False,False,
5851521UL9155S,5851521,UL9155S,40.78084,-4.23406,625.0,VEGAS DE MATUTE,"Obras de urbanización y jardineria, suelos sin edificar",AV,LOS ANGELES,0,AV LOS ANGELES  Suelo 40423 VEGAS DE MATUTE (SEGOVIA),False,False,
5851522UL9155S,5851522,UL9155S,40.780784,-4.234261,625.0,VEGAS DE MATUTE,"Obras de urbanización y jardineria, suelos sin edificar",AV,LOS ANGELES,0,AV LOS ANGELES  Suelo 40423 VEGAS DE MATUTE (SEGOVIA),False,False,
5851523UL9155S,5851523,UL9155S,40.780729,-4.234461,625.0,VEGAS DE MATUTE,"Obras de urbanización y jardineria, suelos sin edificar",AV,LOS ANGELES,0,AV LOS ANGELES  Suelo 40423 VEGAS DE MATUTE (SEGOVIA),False,False,
5851524UL9155S,5851524,UL9155S,40.780673,-4.234662,625.0,VEGAS DE MATUTE,"Obras de urbanización y jardineria, suelos sin edificar",AV,LOS ANGELES,0,AV LOS ANGELES  Suelo 40423 VEGAS DE MATUTE (SEGOVIA),False,False,
5851525UL9155S,5851525,UL9155S,40.780605,-4.234875,654.0,VEGAS DE MATUTE,"Obras de urbanización y jardineria, suelos sin edificar",AV,LOS ANGELES,0,AV LOS ANGELES  Suelo 40423 VEGAS DE MATUTE (SEGOVIA),False,False,
5851526UL9155S,5851526,UL9155S,40.780928,-4.235075,693.0,VEGAS DE MATUTE,"Obras de urbanización y jardineria, suelos sin edificar",AV,LOS ANGELES,0,AV LOS ANGELES  Suelo 40423 VEGAS DE MATUTE (SEGOVIA),False,False,
5851527UL9155S,5851527,UL9155S,40.781066,-4.234421,400.0,VEGAS DE MATUTE,"Obras de urbanización y jardineria, suelos sin edificar",AV,LOS ANGELES,0,AV LOS ANGELES  Suelo 40423 VEGAS DE MATUTE (SEGOVIA),False,False,
5851528UL9155S,5851528,UL9155S,40.781073,-4.23465,462.0,VEGAS DE MATUTE,"Obras de urbanización y jardineria, suelos sin edificar",AV,LOS ANGELES,0,AV LOS ANGELES  Suelo 40423 VEGAS DE MATUTE (SEGOVIA),False,False,
5851529UL9155S,5851529,UL9155S,40.781109,-4.234858,467.0,VEGAS DE MATUTE,"Obras de urbanización y jardineria, suelos sin edificar",AV,LOS ANGELES,0,AV LOS ANGELES  Suelo 40423 VEGAS DE MATUTE (SEGOVIA),False,False,
5851530UL9155S,5851530,UL9155S,40.781143,-4.235066,468.0,VEGAS DE MATUTE,Residencial,AV,LOS ANGELES,30,AV LOS ANGELES 30 40423 VEGAS DE MATUTE (SEGOVIA),True,False,
5851531UL9155S,5851531,UL9155S,40.781177,-4.235274,464.0,VEGAS DE MATUTE,Residencial,AV,LOS ANGELES,31,AV LOS ANGELES 31 40423 VEGAS DE MATUTE (SEGOVIA),True,False,
5851532UL9155S,5851532,UL9155S,40.781222,-4.235484,458.0,VEGAS DE MATUTE,"Obras de urbanización y jardineria, suelos sin edificar",AV,LOS ANGELES,0,AV LOS ANGELES  Suelo 40423 VEGAS DE MATUTE (SEGOVIA),False,False,
5851533UL9155S,5851533,UL9155S,40.781152,-4.235603,1022.0,VEGAS DE MATUTE,"Obras de urbanización y jardineria, suelos sin edificar",AV,LOS ANGELES,0,AV LOS ANGELES  Suelo 40423 VEGAS DE MATUTE (SEGOVIA),False,False,
5852201UL9155S,5852201,UL9155S,40.780949,-4.232323,552.0,VEGAS DE MATUTE,"Obras de urbanización y jardineria, suelos sin edificar",AV,LOS ANGELES,0,AV LOS ANGELES  Suelo 40423 VEGAS DE MATUTE (SEGOVIA),False,False,
5852202UL9155S,5852202,UL9155S,40.780987,-4.232643,444.0,VEGAS DE MATUTE,"Obras de urbanización y jardineria, suelos sin edificar",AV,LOS ANGELES,0,AV LOS ANGELES  Suelo 40423 VEGAS DE MATUTE (SEGOVIA),False,False,
5852203UL9155S,5852203,UL9155S,40.781039,-4.232844,457.0,VEGAS DE MATUTE,"Obras de urbanización y jardineria, suelos sin edificar",AV,LOS ANGELES,0,AV LOS ANGELES  Suelo 40423 VEGAS DE MATUTE (SEGOVIA),False,False,
5852204UL9155S,5852204,UL9155S,40.78109,-4.233046,462.0,VEGAS DE MATUTE,"Obras de urbanización y jardineria, suelos sin edificar",AV,LOS ANGELES,0,AV LOS ANGELES  Suelo 40423 VEGAS DE MATUTE (SEGOVIA),False,False,
5852205UL9155S,5852205,UL9155S,40.781139,-4.23325,459.0,VEGAS DE MATUTE,"Obras de urbanización y jardineria, suelos sin edificar",AV,LOS ANGELES,0,AV LOS ANGELES  Suelo 40423 VEGAS DE MATUTE (SEGOVIA),False,False,
5852206UL9155S,5852206,UL9155S,40.781187,-4.233454,458.0,VEGAS DE MATUTE,"Obras de urbanización y jardineria, suelos sin edificar",AV,LOS ANGELES,0,AV LOS ANGELES  Suelo 40423 VEGAS DE MATUTE (SEGOVIA),False,False,
5852207UL9155S,5852207,UL9155S,40.781232,-4.233658,456.0,VEGAS DE MATUTE,"Obras de urbanización y jardineria, suelos sin edificar",AV,LOS ANGELES,0,AV LOS ANGELES  Suelo 40423 VEGAS DE MATUTE (SEGOVIA),False,False,
5852208UL9155S,5852208,UL9155S,40.781279,-4.233868,478.0,VEGAS DE MATUTE,"Obras de urbanización y jardineria, suelos sin edificar",AV,LOS ANGELES,0,AV LOS ANGELES  Suelo 40423 VEGAS DE MATUTE (SEGOVIA),False,False,
5852209UL9155S,5852209,UL9155S,40.781321,-4.234079,459.0,VEGAS DE MATUTE,"Obras de urbanización y jardineria, suelos sin edificar",AV,LOS ANGELES,0,AV LOS ANGELES  Suelo 40423 VEGAS DE MATUTE (SEGOVIA),False,False,
5852210UL9155S,5852210,UL9155S,40.781362,-4.234285,457.0,VEGAS DE MATUTE,"Obras de urbanización y jardineria, suelos sin edificar",AV,LOS ANGELES,0,AV LOS ANGELES  Suelo 40423 VEGAS DE MATUTE (SEGOVIA),False,False,
5852211UL9155S,5852211,UL9155S,40.781401,-4.234492,458.0,VEGAS DE MATUTE,"Obras de urbanización y jardineria, suelos sin edificar",AV,LOS ANGELES,0,AV LOS ANGELES  Suelo 40423 VEGAS DE MATUTE (SEGOVIA),False,False,
5852212UL9155S,5852212,UL9155S,40.781437,-4.2347,456.0,VEGAS DE MATUTE,"Obras de urbanización y jardineria, suelos sin edificar",AV,LOS ANGELES,0,AV LOS ANGELES  Suelo 40423 VEGAS DE MATUTE (SEGOVIA),False,False,
5852213UL9155S,5852213,UL9155S,40.781476,-4.234914,482.0,VEGAS DE MATUTE,"Obras de urbanización y jardineria, suelos sin edificar",AV,LOS ANGELES,0,AV LOS ANGELES  Suelo 40423 VEGAS DE MATUTE (SEGOVIA),False,False,
5852214UL9155S,5852214,UL9155S,40.781509,-4.235129,458.0,VEGAS DE MATUTE,"Obras de urbanización y jardineria, suelos sin edificar",AV,LOS ANGELES,0,AV LOS ANGELES  Suelo 40423 VEGAS DE MATUTE (SEGOVIA),False,False,
5852215UL9155S,5852215,UL9155S,40.78154,-4.235339,455.0,VEGAS DE MATUTE,"Obras de urbanización y jardineria, suelos sin edificar",AV,LOS ANGELES,0,AV LOS ANGELES  Suelo 40423 VEGAS DE MATUTE (SEGOVIA),False,False,
5852216UL9155S,5852216,UL9155S,40.78157,-4.235548,454.0,VEGAS DE MATUTE,Residencial,AV,LOS ANGELES,16,AV LOS ANGELES 16 40423 VEGAS DE MATUTE (SEGOVIA),True,False,
5852217UL9155S,5852217,UL9155S,40.781598,-4.235758,456.0,VEGAS DE MATUTE,Residencial,AV,LOS ANGELES,0,AV LOS ANGELES 40423 VEGAS DE MATUTE (SEGOVIA),True,False,
5852218UL9155S,5852218,UL9155S,40.781624,-4.235969,454.0,VEGAS DE MATUTE,Residencial,AV,LOS ANGELES,18,AV LOS ANGELES 18 40423 VEGAS DE MATUTE (SEGOVIA),True,False,
5852219UL9155S,5852219,UL9155S,40.78165,-4.236196,513.0,VEGAS DE MATUTE,Residencial,CL,TORDESILLAS,19,CL TORDESILLAS 19 40423 VEGAS DE MATUTE (SEGOVIA),True,False,
5852220UL9155S,5852220,UL9155S,40.781798,-4.236327,417.0,VEGAS DE MATUTE,"Obras de urbanización y jardineria, suelos sin edificar",CL,TORDESILLAS,0,CL TORDESILLAS  Suelo 40423 VEGAS DE MATUTE (SEGOVIA),False,False,
5852221UL9155S,5852221,UL9155S,40.781953,-4.236469,544.0,VEGAS DE MATUTE,"Obras de urbanización y jardineria, suelos sin edificar",CL,TORDESILLAS,0,CL TORDESILLAS  Suelo 40423 VEGAS DE MATUTE (SEGOVIA),False,False,
5852401UL9155S,5852401,UL9155S,40.782317,-4.236711,520.0,VEGAS DE MATUTE,"Obras de urbanización y jardineria, suelos sin edificar",CL,OLMEDO,0,CL OLMEDO  Suelo 40423 VEGAS DE MATUTE (SEGOVIA),False,False,
5852402UL9155S,5852402,UL9155S,40.78233,-4.236519,360.0,VEGAS DE MATUTE,"Obras de urbanización y jardineria, suelos sin edificar",CL,OLMEDO,0,CL OLMEDO  Suelo 40423 VEGAS DE MATUTE (SEGOVIA),False,False,
5852403UL9155S,5852403,UL9155S,40.782341,-4.236388,420.0,VEGAS DE MATUTE,"Obras de urbanización y jardineria, suelos sin edificar",CL,OLMEDO,0,CL OLMEDO  Suelo 40423 VEGAS DE MATUTE (SEGOVIA),False,False,
5852404UL9155S,5852404,UL9155S,40.782344,-4.236262,420.0,VEGAS DE MATUTE,"Obras de urbanización y jardineria, suelos sin edificar",CL,OLMEDO,0,CL OLMEDO  Suelo 40423 VEGAS DE MATUTE (SEGOVIA),False,False,
5852405UL9155S,5852405,UL9155S,40.78234,-4.236145,420.0,VEGAS DE MATUTE,"Obras de urbanización y jardineria, suelos sin edificar",CL,OLMEDO,0,CL OLMEDO  Suelo 40423 VEGAS DE MATUTE (SEGOVIA),False,False,
5852406UL9155S,5852406,UL9155S,40.782333,-4.236032,420.0,VEGAS DE MATUTE,"Obras de urbanización y jardineria, suelos sin edificar",CL,OLMEDO,0,CL OLMEDO  Suelo 40423 VEGAS DE MATUTE (SEGOVIA),False,False,
5852407UL9155S,5852407,UL9155S,40.782314,-4.235921,401.0,VEGAS DE MATUTE,"Obras de urbanización y jardineria, suelos sin edificar",CL,OLMEDO,0,CL OLMEDO  Suelo 40423 VEGAS DE MATUTE (SEGOVIA),False,False,
5852408UL9155S,5852408,UL9155S,40.782295,-4.235813,381.0,VEGAS DE MATUTE,"Obras de urbanización y jardineria, suelos sin edificar",CL,OLMEDO,0,CL OLMEDO  Suelo 40423 VEGAS DE MATUTE (SEGOVIA),False,False,
5852409UL9155S,5852409,UL9155S,40.782276,-4.235707,360.0,VEGAS DE MATUTE,"Obras de urbanización y jardineria, suelos sin edificar",CL,OLMEDO,0,CL OLMEDO  Suelo 40423 VEGAS DE MATUTE (SEGOVIA),False,False,
5852410UL9155S,5852410,UL9155S,40.782255,-4.235602,350.0,VEGAS DE MATUTE,"Obras de urbanización y jardineria, suelos sin edificar",CL,OLMEDO,0,CL OLMEDO  Suelo 40423 VEGAS DE MATUTE (SEGOVIA),False,False,
5852411UL9155S,5852411,UL9155S,40.782236,-4.235494,350.0,VEGAS DE MATUTE,"Obras de urbanización y jardineria, suelos sin edificar",CL,OLMEDO,0,CL OLMEDO  Suelo 40423 VEGAS DE MATUTE (SEGOVIA),False,False,
5852412UL9155S,5852412,UL9155S,40.782215,-4.235387,326.0,VEGAS DE MATUTE,"Obras de urbanización y jardineria, suelos sin edificar",CL,OLMEDO,0,CL OLMEDO  Suelo 40423 VEGAS DE MATUTE (SEGOVIA),False,False,
5852413UL9155S,5852413,UL9155S,40.782194,-4.235279,325.0,VEGAS DE MATUTE,"Obras de urbanización y jardineria, suelos sin edificar",CL,OLMEDO,0,CL OLMEDO  Suelo 40423 VEGAS DE MATUTE (SEGOVIA),False,False,
5852414UL9155S,5852414,UL9155S,40.782173,-4.23517,310.0,VEGAS DE MATUTE,"Obras de urbanización y jardineria, suelos sin edificar",CL,OLMEDO,0,CL OLMEDO  Suelo 40423 VEGAS DE MATUTE (SEGOVIA),False,False,
5852415UL9155S,5852415,UL9155S,40.782152,-4.23506,311.0,VEGAS DE MATUTE,"Obras de urbanización y jardineria, suelos sin edificar",CL,OLMEDO,0,CL OLMEDO  Suelo 40423 VEGAS DE MATUTE (SEGOVIA),False,False,
5852416UL9155S,5852416,UL9155S,40.782134,-4.234945,310.0,VEGAS DE MATUTE,"Obras de urbanización y jardineria, suelos sin edificar",CL,OLMEDO,0,CL OLMEDO  Suelo 40423 VEGAS DE MATUTE (SEGOVIA),False,False,
5852417UL9155S,5852417,UL9155S,40.782106,-4.234836,271.0,VEGAS DE MATUTE,"Obras de urbanización y jardineria, suelos sin edificar",CL,OLMEDO,0,CL OLMEDO  Suelo 40423 VEGAS DE MATUTE (SEGOVIA),False,False,
5852418UL9155S,5852418,UL9155S,40.782084,-4.234729,270.0,VEGAS DE MATUTE,"Obras de urbanización y jardineria, suelos sin edificar",CL,OLMEDO,0,CL OLMEDO  Suelo 40423 VEGAS DE MATUTE (SEGOVIA),False,False,
5852419UL9155S,5852419,UL9155S,40.782062,-4.234623,250.0,VEGAS DE MATUTE,"Obras de urbanización y jardineria, suelos sin edificar",CL,OLMEDO,0,CL OLMEDO  Suelo 40423 VEGAS DE MATUTE (SEGOVIA),False,False,
5852420UL9155S,5852420,UL9155S,40.782041,-4.234518,250.0,VEGAS DE MATUTE,"Obras de urbanización y jardineria, suelos sin edificar",CL,OLMEDO,0,CL OLMEDO  Suelo 40423 VEGAS DE MATUTE (SEGOVIA),False,False,
5852421UL9155S,5852421,UL9155S,40.782018,-4.23441,251.0,VEGAS DE MATUTE,"Obras de urbanización y jardineria, suelos sin edificar",CL,OLMEDO,0,CL OLMEDO  Suelo 40423 VEGAS DE MATUTE (SEGOVIA),False,False,
5852422UL9155S,5852422,UL9155S,40.781994,-4.234299,245.0,VEGAS DE MATUTE,"Obras de urbanización y jardineria, suelos sin edificar",CL,OLMEDO,0,CL OLMEDO  Suelo 40423 VEGAS DE MATUTE (SEGOVIA),False,False,
5852423UL9155S,5852423,UL9155S,40.78197,-4.234188,241.0,VEGAS DE MATUTE,"Obras de urbanización y jardineria, suelos sin edificar",CL,OLMEDO,0,CL OLMEDO  Suelo 40423 VEGAS DE MATUTE (SEGOVIA),False,False,
5852424UL9155S,5852424,UL9155S,40.781948,-4.234073,240.0,VEGAS DE MATUTE,"Obras de urbanización y jardineria, suelos sin edificar",CL,OLMEDO,0,CL OLMEDO  Suelo 40423 VEGAS DE MATUTE (SEGOVIA),False,False,
5852425UL9155S,5852425,UL9155S,40.78192,-4.23396,230.0,VEGAS DE MATUTE,"Obras de urbanización y jardineria, suelos sin edificar",CL,OLMEDO,0,CL OLMEDO  Suelo 40423 VEGAS DE MATUTE (SEGOVIA),False,False,
5852426UL9155S,5852426,UL9155S,40.781894,-4.233847,225.0,VEGAS DE MATUTE,"Obras de urbanización y jardineria, suelos sin edificar",CL,OLMEDO,0,CL OLMEDO  Suelo 40423 VEGAS DE MATUTE (SEGOVIA),False,False,
5852427UL9155S,5852427,UL9155S,40.781869,-4.233733,221.0,VEGAS DE MATUTE,"Obras de urbanización y jardineria, suelos sin edificar",CL,OLMEDO,0,CL OLMEDO  Suelo 40423 VEGAS DE MATUTE (SEGOVIA),False,False,
5852428UL9155S,5852428,UL9155S,40.781842,-4.233616,229.0,VEGAS DE MATUTE,"Obras de urbanización y jardineria, suelos sin edificar",CL,OLMEDO,0,CL OLMEDO  Suelo 40423 VEGAS DE MATUTE (SEGOVIA),False,False,
5852429UL9155S,5852429,UL9155S,40.781814,-4.233496,225.0,VEGAS DE MATUTE,"Obras de urbanización y jardineria, suelos sin edificar",CL,OLMEDO,0,CL OLMEDO  Suelo 40423 VEGAS DE MATUTE (SEGOVIA),False,False,
5852430UL9155S,5852430,UL9155S,40.781786,-4.233375,222.0,VEGAS DE MATUTE,"Obras de urbanización y jardineria, suelos sin edificar",CL,OLMEDO,0,CL OLMEDO  Suelo 40423 VEGAS DE MATUTE (SEGOVIA),False,False,
5852431UL9155S,5852431,UL9155S,40.781758,-4.233254,221.0,VEGAS DE MATUTE,"Obras de urbanización y jardineria, suelos sin edificar",CL,OLMEDO,0,CL OLMEDO  Suelo 40423 VEGAS DE MATUTE (SEGOVIA),False,False,
5852432UL9155S,5852432,UL9155S,40.781728,-4.233131,229.0,VEGAS DE MATUTE,"Obras de urbanización y jardineria, suelos sin edificar",CL,OLMEDO,0,CL OLMEDO  Suelo 40423 VEGAS DE MATUTE (SEGOVIA),False,False,
5852433UL9155S,5852433,UL9155S,40.781698,-4.233005,227.0,VEGAS DE MATUTE,"Obras de urbanización y jardineria, suelos sin edificar",CL,OLMEDO,0,CL OLMEDO  Suelo 40423 VEGAS DE MATUTE (SEGOVIA),False,False,
5852434UL9155S,5852434,UL9155S,40.781667,-4.232879,226.0,VEGAS DE MATUTE,"Obras de urbanización y jardineria, suelos sin edificar",CL,OLMEDO,0,CL OLMEDO  Suelo 40423 VEGAS DE MATUTE (SEGOVIA),False,False,
5852435UL9155S,5852435,UL9155S,40.781636,-4.232754,225.0,VEGAS DE MATUTE,"Obras de urbanización y jardineria, suelos sin edificar",CL,OLMEDO,0,CL OLMEDO  Suelo 40423 VEGAS DE MATUTE (SEGOVIA),False,False,
5852436UL9155S,5852436,UL9155S,40.781604,-4.232629,225.0,VEGAS DE MATUTE,"Obras de urbanización y jardineria, suelos sin edificar",CL,OLMEDO,0,CL OLMEDO  Suelo 40423 VEGAS DE MATUTE (SEGOVIA),False,False,
5852437UL9155S,5852437,UL9155S,40.781573,-4.232506,226.0,VEGAS DE MATUTE,"Obras de urbanización y jardineria, suelos sin edificar",CL,OLMEDO,0,CL OLMEDO  Suelo 40423 VEGAS DE MATUTE (SEGOVIA),False,False,
5852438UL9155S,5852438,UL9155S,40.781542,-4.232383,227.0,VEGAS DE MATUTE,"Obras de urbanización y jardineria, suelos sin edificar",CL,OLMEDO,0,CL OLMEDO  Suelo 40423 VEGAS DE MATUTE (SEGOVIA),False,False,
5852439UL9155S,5852439,UL9155S,40.781511,-4.232258,240.0,VEGAS DE MATUTE,"Obras de urbanización y jardineria, suelos sin edificar",CL,OLMEDO,0,CL OLMEDO  Suelo 40423 VEGAS DE MATUTE (SEGOVIA),False,False,
5852440UL9155S,5852440,UL9155S,40.781477,-4.232133,240.0,VEGAS DE MATUTE,"Obras de urbanización y jardineria, suelos sin edificar",CL,OLMEDO,0,CL OLMEDO  Suelo 40423 VEGAS DE MATUTE (SEGOVIA),False,False,
5852441UL9155S,5852441,UL9155S,40.781443,-4.232007,253.0,VEGAS DE MATUTE,"Obras de urbanización y jardineria, suelos sin edificar",CL,OLMEDO,0,CL OLMEDO  Suelo 40423 VEGAS DE MATUTE (SEGOVIA),False,False,
5852442UL9155S,5852442,UL9155S,40.78141,-4.231884,241.0,VEGAS DE MATUTE,"Obras de urbanización y jardineria, suelos sin edificar",CL,OLMEDO,0,CL OLMEDO  Suelo 40423 VEGAS DE MATUTE (SEGOVIA),False,False,
5852443UL9155S,5852443,UL9155S,40.781376,-4.231761,269.0,VEGAS DE MATUTE,"Obras de urbanización y jardineria, suelos sin edificar",CL,OLMEDO,0,CL OLMEDO  Suelo 40423 VEGAS DE MATUTE (SEGOVIA),False,False,
5852444UL9155S,5852444,UL9155S,40.781342,-4.231635,270.0,VEGAS DE MATUTE,"Obras de urbanización y jardineria, suelos sin edificar",CL,OLMEDO,0,CL OLMEDO  Suelo 40423 VEGAS DE MATUTE (SEGOVIA),False,False,
5852445UL9155S,5852445,UL9155S,40.781272,-4.231309,1101.0,VEGAS DE MATUTE,"Obras de urbanización y jardineria, suelos sin edificar",CL,OLMEDO,0,CL OLMEDO  Suelo 40423 VEGAS DE MATUTE (SEGOVIA),False,False,
5852601UL9155S,5852601,UL9155S,40.781046,-4.231819,565.0,VEGAS DE MATUTE,"Obras de urbanización y jardineria, suelos sin edificar",CL,OLMEDO,0,CL OLMEDO  Suelo 40423 VEGAS DE MATUTE (SEGOVIA),False,False,
5852602UL9155S,5852602,UL9155S,40.781095,-4.232064,461.0,VEGAS DE MATUTE,"Obras de urbanización y jardineria, suelos sin edificar",CL,OLMEDO,0,CL OLMEDO  Suelo 40423 VEGAS DE MATUTE (SEGOVIA),False,False,
5852603UL9155S,5852603,UL9155S,40.781152,-4.232264,464.0,VEGAS DE MATUTE,"Obras de urbanización y jardineria, suelos sin edificar",CL,OLMEDO,0,CL OLMEDO  Suelo 40423 VEGAS DE MATUTE (SEGOVIA),False,False,
5852604UL9155S,5852604,UL9155S,40.781207,-4.232464,464.0,VEGAS DE MATUTE,"Obras de urbanización y jardineria, suelos sin edificar",CL,OLMEDO,0,CL OLMEDO  Suelo 40423 VEGAS DE MATUTE (SEGOVIA),False,False,
5852605UL9155S,5852605,UL9155S,40.781262,-4.232665,460.0,VEGAS DE MATUTE,"Obras de urbanización y jardineria, suelos sin edificar",CL,OLMEDO,0,CL OLMEDO  Suelo 40423 VEGAS DE MATUTE (SEGOVIA),False,False,
5852606UL9155S,5852606,UL9155S,40.781316,-4.232867,454.0,VEGAS DE MATUTE,"Obras de urbanización y jardineria, suelos sin edificar",CL,OLMEDO,0,CL OLMEDO  Suelo 40423 VEGAS DE MATUTE (SEGOVIA),False,False,
5852607UL9155S,5852607,UL9155S,40.781365,-4.23307,458.0,VEGAS DE MATUTE,"Obras de urbanización y jardineria, suelos sin edificar",CL,OLMEDO,0,CL OLMEDO  Suelo 40423 VEGAS DE MATUTE (SEGOVIA),False,False,
5852608UL9155S,5852608,UL9155S,40.781413,-4.233273,460.0,VEGAS DE MATUTE,"Obras de urbanización y jardineria, suelos sin edificar",CL,OLMEDO,0,CL OLMEDO  Suelo 40423 VEGAS DE MATUTE (SEGOVIA),False,False,
5852609UL9155S,5852609,UL9155S,40.78146,-4.233478,462.0,VEGAS DE MATUTE,"Obras de urbanización y jardineria, suelos sin edificar",CL,OLMEDO,0,CL OLMEDO  Suelo 40423 VEGAS DE MATUTE (SEGOVIA),False,False,
5852610UL9155S,5852610,UL9155S,40.781505,-4.233683,463.0,VEGAS DE MATUTE,"Obras de urbanización y jardineria, suelos sin edificar",CL,OLMEDO,0,CL OLMEDO  Suelo 40423 VEGAS DE MATUTE (SEGOVIA),False,False,
5852611UL9155S,5852611,UL9155S,40.781542,-4.23384,251.0,VEGAS DE MATUTE,"Obras de urbanización y jardineria, suelos sin edificar",CL,OLMEDO,0,CL OLMEDO  Suelo 40423 VEGAS DE MATUTE (SEGOVIA),False,False,
5852612UL9155S,5852612,UL9155S,40.781561,-4.233949,230.0,VEGAS DE MATUTE,"Obras de urbanización y jardineria, suelos sin edificar",CL,OLMEDO,0,CL OLMEDO  Suelo 40423 VEGAS DE MATUTE (SEGOVIA),False,False,
5852613UL9155S,5852613,UL9155S,40.781582,-4.234052,231.0,VEGAS DE MATUTE,"Obras de urbanización y jardineria, suelos sin edificar",CL,OLMEDO,0,CL OLMEDO  Suelo 40423 VEGAS DE MATUTE (SEGOVIA),False,False,
5852614UL9155S,5852614,UL9155S,40.781602,-4.234156,231.0,VEGAS DE MATUTE,"Obras de urbanización y jardineria, suelos sin edificar",CL,OLMEDO,0,CL OLMEDO  Suelo 40423 VEGAS DE MATUTE (SEGOVIA),False,False,
5852615UL9155S,5852615,UL9155S,40.781622,-4.234259,231.0,VEGAS DE MATUTE,"Obras de urbanización y jardineria, suelos sin edificar",CL,OLMEDO,0,CL OLMEDO  Suelo 40423 VEGAS DE MATUTE (SEGOVIA),False,False,
5852616UL9155S,5852616,UL9155S,40.781641,-4.234362,231.0,VEGAS DE MATUTE,"Obras de urbanización y jardineria, suelos sin edificar",CL,OLMEDO,0,CL OLMEDO  Suelo 40423 VEGAS DE MATUTE (SEGOVIA),False,False,
5852617UL9155S,5852617,UL9155S,40.78166,-4.234466,230.0,VEGAS DE MATUTE,"Obras de urbanización y jardineria, suelos sin edificar",CL,OLMEDO,0,CL OLMEDO  Suelo 40423 VEGAS DE MATUTE (SEGOVIA),False,False,
5852618UL9155S,5852618,UL9155S,40.781679,-4.23457,231.0,VEGAS DE MATUTE,"Obras de urbanización y jardineria, suelos sin edificar",CL,OLMEDO,0,CL OLMEDO  Suelo 40423 VEGAS DE MATUTE (SEGOVIA),False,False,
5852619UL9155S,5852619,UL9155S,40.781696,-4.234674,232.0,VEGAS DE MATUTE,"Obras de urbanización y jardineria, suelos sin edificar",CL,OLMEDO,0,CL OLMEDO  Suelo 40423 VEGAS DE MATUTE (SEGOVIA),False,False,
5852620UL9155S,5852620,UL9155S,40.781714,-4.234778,232.0,VEGAS DE MATUTE,"Obras de urbanización y jardineria, suelos sin edificar",CL,OLMEDO,0,CL OLMEDO  Suelo 40423 VEGAS DE MATUTE (SEGOVIA),False,False,
5852621UL9155S,5852621,UL9155S,40.781735,-4.234881,231.0,VEGAS DE MATUTE,"Obras de urbanización y jardineria, suelos sin edificar",CL,OLMEDO,0,CL OLMEDO  Suelo 40423 VEGAS DE MATUTE (SEGOVIA),False,False,
5852622UL9155S,5852622,UL9155S,40.781748,-4.234987,231.0,VEGAS DE MATUTE,"Obras de urbanización y jardineria, suelos sin edificar",CL,OLMEDO,0,CL OLMEDO  Suelo 40423 VEGAS DE MATUTE (SEGOVIA),False,False,
5852623UL9155S,5852623,UL9155S,40.781765,-4.235091,230.0,VEGAS DE MATUTE,"Obras de urbanización y jardineria, suelos sin edificar",CL,OLMEDO,0,CL OLMEDO  Suelo 40423 VEGAS DE MATUTE (SEGOVIA),False,False,
5852624UL9155S,5852624,UL9155S,40.78178,-4.235196,231.0,VEGAS DE MATUTE,"Obras de urbanización y jardineria, suelos sin edificar",CL,OLMEDO,0,CL OLMEDO  Suelo 40423 VEGAS DE MATUTE (SEGOVIA),False,False,
5852625UL9155S,5852625,UL9155S,40.781795,-4.235301,231.0,VEGAS DE MATUTE,"Obras de urbanización y jardineria, suelos sin edificar",CL,OLMEDO,0,CL OLMEDO  Suelo 40423 VEGAS DE MATUTE (SEGOVIA),False,False,
5852626UL9155S,5852626,UL9155S,40.78181,-4.235406,231.0,VEGAS DE MATUTE,"Obras de urbanización y jardineria, suelos sin edificar",CL,OLMEDO,0,CL OLMEDO  Suelo 40423 VEGAS DE MATUTE (SEGOVIA),False,False,
5852627UL9155S,5852627,UL9155S,40.781825,-4.235511,231.0,VEGAS DE MATUTE,"Obras de urbanización y jardineria, suelos sin edificar",CL,OLMEDO,0,CL OLMEDO  Suelo 40423 VEGAS DE MATUTE (SEGOVIA),False,False,
5852628UL9155S,5852628,UL9155S,40.781839,-4.235616,230.0,VEGAS DE MATUTE,"Obras de urbanización y jardineria, suelos sin edificar",CL,OLMEDO,0,CL OLMEDO  Suelo 40423 VEGAS DE MATUTE (SEGOVIA),False,False,
5852629UL9155S,5852629,UL9155S,40.781853,-4.235721,229.0,VEGAS DE MATUTE,Residencial,CL,OLMEDO,29,CL OLMEDO 29 40423 VEGAS DE MATUTE (SEGOVIA),True,False,
5852630UL9155S,5852630,UL9155S,40.781866,-4.235826,229.0,VEGAS DE MATUTE,Residencial,CL,OLMEDO,0,CL OLMEDO 40423 VEGAS DE MATUTE (SEGOVIA),True,False,
5852631UL9155S,5852631,UL9155S,40.781878,-4.235931,230.0,VEGAS DE MATUTE,Residencial,CL,OLMEDO,0,CL OLMEDO 40423 VEGAS DE MATUTE (SEGOVIA),True,False,
5852632UL9155S,5852632,UL9155S,40.78192,-4.236108,506.0,VEGAS DE MATUTE,Residencial,CL,OLMEDO,32,CL OLMEDO 32 40423 VEGAS DE MATUTE (SEGOVIA),True,False,
5853701UL9155S,5853701,UL9155S,40.7814,-4.230694,434.0,VEGAS DE MATUTE,"Obras de urbanización y jardineria, suelos sin edificar",CL,N,,CL N  Suelo 40423 VEGAS DE MATUTE (SEGOVIA),False,False,
5853702UL9155S,5853702,UL9155S,40.781441,-4.23097,675.0,VEGAS DE MATUTE,"Obras de urbanización y jardineria, suelos sin edificar",CL,N,,CL N  Suelo 40423 VEGAS DE MATUTE (SEGOVIA),False,False,
5853703UL9155S,5853703,UL9155S,40.781491,-4.231173,225.0,VEGAS DE MATUTE,"Obras de urbanización y jardineria, suelos sin edificar",CL,N,,CL N  Suelo 40423 VEGAS DE MATUTE (SEGOVIA),False,False,
5853704UL9155S,5853704,UL9155S,40.781519,-4.231273,225.0,VEGAS DE MATUTE,"Obras de urbanización y jardineria, suelos sin edificar",CL,N,,CL N  Suelo 40423 VEGAS DE MATUTE (SEGOVIA),False,False,
5853705UL9155S,5853705,UL9155S,40.78154,-4.23138,240.0,VEGAS DE MATUTE,"Obras de urbanización y jardineria, suelos sin edificar",CL,N,,CL N  Suelo 40423 VEGAS DE MATUTE (SEGOVIA),False,False,
5853706UL9155S,5853706,UL9155S,40.781568,-4.231484,225.0,VEGAS DE MATUTE,"Obras de urbanización y jardineria, suelos sin edificar",CL,N,,CL N  Suelo 40423 VEGAS DE MATUTE (SEGOVIA),False,False,
5853707UL9155S,5853707,UL9155S,40.781594,-4.231585,225.0,VEGAS DE MATUTE,"Obras de urbanización y jardineria, suelos sin edificar",CL,N,,CL N  Suelo 40423 VEGAS DE MATUTE (SEGOVIA),False,False,
5853708UL9155S,5853708,UL9155S,40.781619,-4.231686,225.0,VEGAS DE MATUTE,"Obras de urbanización y jardineria, suelos sin edificar",CL,N,,CL N  Suelo 40423 VEGAS DE MATUTE (SEGOVIA),False,False,
5853709UL9155S,5853709,UL9155S,40.781644,-4.231788,225.0,VEGAS DE MATUTE,"Obras de urbanización y jardineria, suelos sin edificar",CL,N,,CL N  Suelo 40423 VEGAS DE MATUTE (SEGOVIA),False,False,
5853710UL9155S,5853710,UL9155S,40.781671,-4.231888,225.0,VEGAS DE MATUTE,"Obras de urbanización y jardineria, suelos sin edificar",CL,N,,CL N  Suelo 40423 VEGAS DE MATUTE (SEGOVIA),False,False,
5853711UL9155S,5853711,UL9155S,40.781693,-4.231994,240.0,VEGAS DE MATUTE,"Obras de urbanización y jardineria, suelos sin edificar",CL,N,,CL N  Suelo 40423 VEGAS DE MATUTE (SEGOVIA),False,False,
5853712UL9155S,5853712,UL9155S,40.781721,-4.232098,225.0,VEGAS DE MATUTE,"Obras de urbanización y jardineria, suelos sin edificar",CL,N,,CL N  Suelo 40423 VEGAS DE MATUTE (SEGOVIA),False,False,
5853713UL9155S,5853713,UL9155S,40.781746,-4.2322,225.0,VEGAS DE MATUTE,"Obras de urbanización y jardineria, suelos sin edificar",CL,N,,CL N  Suelo 40423 VEGAS DE MATUTE (SEGOVIA),False,False,
5853714UL9155S,5853714,UL9155S,40.781771,-4.232301,225.0,VEGAS DE MATUTE,"Obras de urbanización y jardineria, suelos sin edificar",CL,N,,CL N  Suelo 40423 VEGAS DE MATUTE (SEGOVIA),False,False,
5853715UL9155S,5853715,UL9155S,40.781797,-4.232402,225.0,VEGAS DE MATUTE,"Obras de urbanización y jardineria, suelos sin edificar",CL,N,,CL N  Suelo 40423 VEGAS DE MATUTE (SEGOVIA),False,False,
5853716UL9155S,5853716,UL9155S,40.781824,-4.232503,225.0,VEGAS DE MATUTE,"Obras de urbanización y jardineria, suelos sin edificar",CL,N,,CL N  Suelo 40423 VEGAS DE MATUTE (SEGOVIA),False,False,
5853717UL9155S,5853717,UL9155S,40.781846,-4.232609,240.0,VEGAS DE MATUTE,"Obras de urbanización y jardineria, suelos sin edificar",CL,N,,CL N  Suelo 40423 VEGAS DE MATUTE (SEGOVIA),False,False,
5853718UL9155S,5853718,UL9155S,40.781874,-4.232713,225.0,VEGAS DE MATUTE,"Obras de urbanización y jardineria, suelos sin edificar",CL,N,,CL N  Suelo 40423 VEGAS DE MATUTE (SEGOVIA),False,False,
5853719UL9155S,5853719,UL9155S,40.781899,-4.232814,225.0,VEGAS DE MATUTE,"Obras de urbanización y jardineria, suelos sin edificar",CL,N,,CL N  Suelo 40423 VEGAS DE MATUTE (SEGOVIA),False,False,
5853720UL9155S,5853720,UL9155S,40.781924,-4.232916,225.0,VEGAS DE MATUTE,"Obras de urbanización y jardineria, suelos sin edificar",CL,N,,CL N  Suelo 40423 VEGAS DE MATUTE (SEGOVIA),False,False,
5853721UL9155S,5853721,UL9155S,40.781949,-4.233017,225.0,VEGAS DE MATUTE,"Obras de urbanización y jardineria, suelos sin edificar",CL,N,,CL N  Suelo 40423 VEGAS DE MATUTE (SEGOVIA),False,False,
5853722UL9155S,5853722,UL9155S,40.781974,-4.233119,225.0,VEGAS DE MATUTE,"Obras de urbanización y jardineria, suelos sin edificar",CL,N,,CL N  Suelo 40423 VEGAS DE MATUTE (SEGOVIA),False,False,
5853723UL9155S,5853723,UL9155S,40.782,-4.23322,225.0,VEGAS DE MATUTE,"Obras de urbanización y jardineria, suelos sin edificar",CL,N,,CL N  Suelo 40423 VEGAS DE MATUTE (SEGOVIA),False,False,
5853724UL9155S,5853724,UL9155S,40.782025,-4.233321,225.0,VEGAS DE MATUTE,"Obras de urbanización y jardineria, suelos sin edificar",CL,N,,CL N  Suelo 40423 VEGAS DE MATUTE (SEGOVIA),False,False,
5853725UL9155S,5853725,UL9155S,40.78205,-4.233423,225.0,VEGAS DE MATUTE,"Obras de urbanización y jardineria, suelos sin edificar",CL,N,,CL N  Suelo 40423 VEGAS DE MATUTE (SEGOVIA),False,False,
5853726UL9155S,5853726,UL9155S,40.782075,-4.233524,225.0,VEGAS DE MATUTE,"Obras de urbanización y jardineria, suelos sin edificar",CL,N,,CL N  Suelo 40423 VEGAS DE MATUTE (SEGOVIA),False,False,
5853727UL9155S,5853727,UL9155S,40.7821,-4.233625,225.0,VEGAS DE MATUTE,"Obras de urbanización y jardineria, suelos sin edificar",CL,N,,CL N  Suelo 40423 VEGAS DE MATUTE (SEGOVIA),False,False,
5853728UL9155S,5853728,UL9155S,40.782125,-4.233727,225.0,VEGAS DE MATUTE,"Obras de urbanización y jardineria, suelos sin edificar",CL,N,,CL N  Suelo 40423 VEGAS DE MATUTE (SEGOVIA),False,False,
5853729UL9155S,5853729,UL9155S,40.782151,-4.233828,225.0,VEGAS DE MATUTE,"Obras de urbanización y jardineria, suelos sin edificar",CL,N,,CL N  Suelo 40423 VEGAS DE MATUTE (SEGOVIA),False,False,
5853730UL9155S,5853730,UL9155S,40.782176,-4.23393,225.0,VEGAS DE MATUTE,"Obras de urbanización y jardineria, suelos sin edificar",CL,N,,CL N  Suelo 40423 VEGAS DE MATUTE (SEGOVIA),False,False,
5853731UL9155S,5853731,UL9155S,40.782201,-4.234031,225.0,VEGAS DE MATUTE,"Obras de urbanización y jardineria, suelos sin edificar",CL,N,,CL N  Suelo 40423 VEGAS DE MATUTE (SEGOVIA),False,False,
5853732UL9155S,5853732,UL9155S,40.782226,-4.234132,225.0,VEGAS DE MATUTE,"Obras de urbanización y jardineria, suelos sin edificar",CL,N,,CL N  Suelo 40423 VEGAS DE MATUTE (SEGOVIA),False,False,
5853733UL9155S,5853733,UL9155S,40.782251,-4.234234,225.0,VEGAS DE MATUTE,"Obras de urbanización y jardineria, suelos sin edificar",CL,N,,CL N  Suelo 40423 VEGAS DE MATUTE (SEGOVIA),False,False,
5853734UL9155S,5853734,UL9155S,40.782276,-4.234335,225.0,VEGAS DE MATUTE,"Obras de urbanización y jardineria, suelos sin edificar",CL,N,,CL N  Suelo 40423 VEGAS DE MATUTE (SEGOVIA),False,False,
5853735UL9155S,5853735,UL9155S,40.782302,-4.234436,225.0,VEGAS DE MATUTE,"Obras de urbanización y jardineria, suelos sin edificar",CL,N,,CL N  Suelo 40423 VEGAS DE MATUTE (SEGOVIA),False,False,
5853736UL9155S,5853736,UL9155S,40.782327,-4.234538,225.0,VEGAS DE MATUTE,"Obras de urbanización y jardineria, suelos sin edificar",CL,N,,CL N  Suelo 40423 VEGAS DE MATUTE (SEGOVIA),False,False,
5853737UL9155S,5853737,UL9155S,40.782352,-4.234639,225.0,VEGAS DE MATUTE,"Obras de urbanización y jardineria, suelos sin edificar",CL,N,,CL N  Suelo 40423 VEGAS DE MATUTE (SEGOVIA),False,False,
5853738UL9155S,5853738,UL9155S,40.782377,-4.234741,225.0,VEGAS DE MATUTE,"Obras de urbanización y jardineria, suelos sin edificar",CL,N,,CL N  Suelo 40423 VEGAS DE MATUTE (SEGOVIA),False,False,
5853739UL9155S,5853739,UL9155S,40.782402,-4.234842,225.0,VEGAS DE MATUTE,"Obras de urbanización y jardineria, suelos sin edificar",CL,N,,CL N  Suelo 40423 VEGAS DE MATUTE (SEGOVIA),False,False,
5853740UL9155S,5853740,UL9155S,40.782427,-4.234943,225.0,VEGAS DE MATUTE,"Obras de urbanización y jardineria, suelos sin edificar",CL,N,,CL N  Suelo 40423 VEGAS DE MATUTE (SEGOVIA),False,False,
5853741UL9155S,5853741,UL9155S,40.782453,-4.235045,225.0,VEGAS DE MATUTE,"Obras de urbanización y jardineria, suelos sin edificar",CL,N,,CL N  Suelo 40423 VEGAS DE MATUTE (SEGOVIA),False,False,
5853742UL9155S,5853742,UL9155S,40.782478,-4.235146,225.0,VEGAS DE MATUTE,"Obras de urbanización y jardineria, suelos sin edificar",CL,N,,CL N  Suelo 40423 VEGAS DE MATUTE (SEGOVIA),False,False,
5853743UL9155S,5853743,UL9155S,40.782503,-4.235248,225.0,VEGAS DE MATUTE,"Obras de urbanización y jardineria, suelos sin edificar",CL,N,,CL N  Suelo 40423 VEGAS DE MATUTE (SEGOVIA),False,False,
5853744UL9155S,5853744,UL9155S,40.782528,-4.235349,225.0,VEGAS DE MATUTE,"Obras de urbanización y jardineria, suelos sin edificar",CL,N,,CL N  Suelo 40423 VEGAS DE MATUTE (SEGOVIA),False,False,
5853745UL9155S,5853745,UL9155S,40.782553,-4.23545,225.0,VEGAS DE MATUTE,"Obras de urbanización y jardineria, suelos sin edificar",CL,N,,CL N  Suelo 40423 VEGAS DE MATUTE (SEGOVIA),False,False,
5853746UL9155S,5853746,UL9155S,40.782578,-4.235552,225.0,VEGAS DE MATUTE,"Obras de urbanización y jardineria, suelos sin edificar",CL,N,,CL N  Suelo 40423 VEGAS DE MATUTE (SEGOVIA),False,False,
5853747UL9155S,5853747,UL9155S,40.782625,-4.235738,450.0,VEGAS DE MATUTE,"Obras de urbanización y jardineria, suelos sin edificar",CL,N,,CL N  Suelo 40423 VEGAS DE MATUTE (SEGOVIA),False,False,
5853748UL9155S,5853748,UL9155S,40.782674,-4.235946,470.0,VEGAS DE MATUTE,"Obras de urbanización y jardineria, suelos sin edificar",CL,N,,CL N  Suelo 40423 VEGAS DE MATUTE (SEGOVIA),False,False,
5853749UL9155S,5853749,UL9155S,40.782692,-4.236164,453.0,VEGAS DE MATUTE,"Obras de urbanización y jardineria, suelos sin edificar",CL,N,,CL N  Suelo 40423 VEGAS DE MATUTE (SEGOVIA),False,False,
5853750UL9155S,5853750,UL9155S,40.782667,-4.236377,452.0,VEGAS DE MATUTE,"Obras de urbanización y jardineria, suelos sin edificar",CL,N,,CL N  Suelo 40423 VEGAS DE MATUTE (SEGOVIA),False,False,
5853751UL9155S,5853751,UL9155S,40.782616,-4.236589,485.0,VEGAS DE MATUTE,"Obras de urbanización y jardineria, suelos sin edificar",CL,N,,CL N  Suelo 40423 VEGAS DE MATUTE (SEGOVIA),False,False,
5853752UL9155S,5853752,UL9155S,40.782492,-4.236849,749.0,VEGAS DE MATUTE,"Obras de urbanización y jardineria, suelos sin edificar",CL,N,,CL N  Suelo 40423 VEGAS DE MATUTE (SEGOVIA),False,False,
5856601UL9155N,5856601,UL9155N,40.786396,-4.234505,1125.0,VEGAS DE MATUTE,"Obras de urbanización y jardineria, suelos sin edificar",AV,SALAMANCA,209,AV SALAMANCA 209(9) Suelo 40423 VEGAS DE MATUTE (SEGOVIA),False,False,
5856602UL9155N,5856602,UL9155N,40.786369,-4.2341,1044.0,VEGAS DE MATUTE,"Obras de urbanización y jardineria, suelos sin edificar",CL,G,119,CL G 119(9) Suelo 40423 VEGAS DE MATUTE (SEGOVIA),False,False,
5856603UL9155N,5856603,UL9155N,40.786119,-4.234086,820.0,VEGAS DE MATUTE,"Obras de urbanización y jardineria, suelos sin edificar",CL,G,118,CL G 118(9) Suelo 40423 VEGAS DE MATUTE (SEGOVIA),False,False,
5856604UL9155N,5856604,UL9155N,40.785948,-4.234077,425.0,VEGAS DE MATUTE,"Obras de urbanización y jardineria, suelos sin edificar",CL,G,117,CL G 117(9) Suelo 40423 VEGAS DE MATUTE (SEGOVIA),False,False,
5856605UL9155N,5856605,UL9155N,40.785832,-4.23406,441.0,VEGAS DE MATUTE,"Obras de urbanización y jardineria, suelos sin edificar",CL,G,116,CL G 116(9) Suelo 40423 VEGAS DE MATUTE (SEGOVIA),False,False,
5856606UL9155N,5856606,UL9155N,40.78572,-4.234024,412.0,VEGAS DE MATUTE,"Obras de urbanización y jardineria, suelos sin edificar",CL,G,115,CL G 115(9) Suelo 40423 VEGAS DE MATUTE (SEGOVIA),False,False,
5856607UL9155N,5856607,UL9155N,40.785606,-4.233994,429.0,VEGAS DE MATUTE,"Obras de urbanización y jardineria, suelos sin edificar",CL,G,114,CL G 114(9) Suelo 40423 VEGAS DE MATUTE (SEGOVIA),False,False,
5856608UL9155N,5856608,UL9155N,40.785493,-4.233954,429.0,VEGAS DE MATUTE,"Obras de urbanización y jardineria, suelos sin edificar",CL,G,113,CL G 113(9) Suelo 40423 VEGAS DE MATUTE (SEGOVIA),False,False,
5856609UL9155N,5856609,UL9155N,40.785385,-4.233903,412.0,VEGAS DE MATUTE,"Obras de urbanización y jardineria, suelos sin edificar",CL,G,112,CL G 112(9) Suelo 40423 VEGAS DE MATUTE (SEGOVIA),False,False,
5856610UL9155N,5856610,UL9155N,40.785279,-4.233854,412.0,VEGAS DE MATUTE,"Obras de urbanización y jardineria, suelos sin edificar",CL,G,111,CL G 111(9) Suelo 40423 VEGAS DE MATUTE (SEGOVIA),False,False,
5856611UL9155N,5856611,UL9155N,40.785172,-4.233805,412.0,VEGAS DE MATUTE,"Obras de urbanización y jardineria, suelos sin edificar",CL,G,110,CL G 110(9) Suelo 40423 VEGAS DE MATUTE (SEGOVIA),False,False,
5856612UL9155N,5856612,UL9155N,40.785066,-4.233757,408.0,VEGAS DE MATUTE,"Obras de urbanización y jardineria, suelos sin edificar",CL,G,109,CL G 109(9) Suelo 40423 VEGAS DE MATUTE (SEGOVIA),False,False,
5856613UL9155N,5856613,UL9155N,40.78496,-4.233706,418.0,VEGAS DE MATUTE,"Obras de urbanización y jardineria, suelos sin edificar",CL,G,108,CL G 108(9) Suelo 40423 VEGAS DE MATUTE (SEGOVIA),False,False,
5856614UL9155N,5856614,UL9155N,40.784854,-4.233649,408.0,VEGAS DE MATUTE,"Obras de urbanización y jardineria, suelos sin edificar",CL,G,107,CL G 107(9) Suelo 40423 VEGAS DE MATUTE (SEGOVIA),False,False,
5856615UL9155N,5856615,UL9155N,40.78475,-4.233593,409.0,VEGAS DE MATUTE,"Obras de urbanización y jardineria, suelos sin edificar",CL,G,106,CL G 106(9) Suelo 40423 VEGAS DE MATUTE (SEGOVIA),False,False,
5856616UL9155N,5856616,UL9155N,40.784647,-4.233533,409.0,VEGAS DE MATUTE,"Obras de urbanización y jardineria, suelos sin edificar",CL,G,105,CL G 105(9) Suelo 40423 VEGAS DE MATUTE (SEGOVIA),False,False,
5856617UL9155N,5856617,UL9155N,40.784544,-4.233472,410.0,VEGAS DE MATUTE,"Obras de urbanización y jardineria, suelos sin edificar",CL,G,104,CL G 104(9) Suelo 40423 VEGAS DE MATUTE (SEGOVIA),False,False,
5856618UL9155N,5856618,UL9155N,40.784443,-4.233408,415.0,VEGAS DE MATUTE,"Obras de urbanización y jardineria, suelos sin edificar",CL,G,103,CL G 103(9) Suelo 40423 VEGAS DE MATUTE (SEGOVIA),False,False,
5856619UL9155N,5856619,UL9155N,40.784342,-4.23334,413.0,VEGAS DE MATUTE,"Obras de urbanización y jardineria, suelos sin edificar",CL,G,102,CL G 102(9) Suelo 40423 VEGAS DE MATUTE (SEGOVIA),False,False,
5856620UL9155N,5856620,UL9155N,40.784185,-4.233189,894.0,VEGAS DE MATUTE,"Obras de urbanización y jardineria, suelos sin edificar",CL,G,101,CL G 101(9) Suelo 40423 VEGAS DE MATUTE (SEGOVIA),False,False,
5856621UL9155N,5856621,UL9155N,40.784434,-4.233818,1322.0,VEGAS DE MATUTE,"Obras de urbanización y jardineria, suelos sin edificar",AV,SALAMANCA,201,AV SALAMANCA 201(9) Suelo 40423 VEGAS DE MATUTE (SEGOVIA),False,False,
5856622UL9155N,5856622,UL9155N,40.784768,-4.234063,1169.0,VEGAS DE MATUTE,"Obras de urbanización y jardineria, suelos sin edificar",AV,SALAMANCA,202,AV SALAMANCA 202(9) Suelo 40423 VEGAS DE MATUTE (SEGOVIA),False,False,
5856623UL9155N,5856623,UL9155N,40.785029,-4.23423,1144.0,VEGAS DE MATUTE,"Obras de urbanización y jardineria, suelos sin edificar",AV,SALAMANCA,203,AV SALAMANCA 203(9) Suelo 40423 VEGAS DE MATUTE (SEGOVIA),False,False,
5856624UL9155N,5856624,UL9155N,40.785258,-4.234355,1081.0,VEGAS DE MATUTE,"Obras de urbanización y jardineria, suelos sin edificar",AV,SALAMANCA,204,AV SALAMANCA 204(9) Suelo 40423 VEGAS DE MATUTE (SEGOVIA),False,False,
5856625UL9155N,5856625,UL9155N,40.785478,-4.23445,1112.0,VEGAS DE MATUTE,"Obras de urbanización y jardineria, suelos sin edificar",AV,SALAMANCA,205,AV SALAMANCA 205(9) Suelo 40423 VEGAS DE MATUTE (SEGOVIA),False,False,
5856626UL9155N,5856626,UL9155N,40.785694,-4.234528,1043.0,VEGAS DE MATUTE,"Obras de urbanización y jardineria, suelos sin edificar",AV,SALAMANCA,206,AV SALAMANCA 206(9) Suelo 40423 VEGAS DE MATUTE (SEGOVIA),False,False,
5856627UL9155N,5856627,UL9155N,40.78592,-4.234559,1115.0,VEGAS DE MATUTE,"Obras de urbanización y jardineria, suelos sin edificar",AV,SALAMANCA,207,AV SALAMANCA 207(9) Suelo 40423 VEGAS DE MATUTE (SEGOVIA),False,False,
5856628UL9155N,5856628,UL9155N,40.786151,-4.234565,1047.0,VEGAS DE MATUTE,"Obras de urbanización y jardineria, suelos sin edificar",AV,SALAMANCA,208,AV SALAMANCA 208(9) Suelo 40423 VEGAS DE MATUTE (SEGOVIA),False,False,
5856629UL9155N,5856629,UL9155N,40.784177,-4.233512,17.0,VEGAS DE MATUTE,"Obras de urbanización y jardineria, suelos sin edificar",AV,SALAMANCA,6,AV SALAMANCA 6(T) Suelo 40423 VEGAS DE MATUTE (SEGOVIA),False,False,
5863701UL9156S,5863701,UL9156S,40.791747,-4.234897,627.0,VEGAS DE MATUTE,"Obras de urbanización y jardineria, suelos sin edificar",CL,K,5801,CL K 5801 Suelo 40423 VEGAS DE MATUTE (SEGOVIA),False,False,
5863702UL9156S,5863702,UL9156S,40.791647,-4.234845,630.0,VEGAS DE MATUTE,"Obras de urbanización y jardineria, suelos sin edificar",CL,K,5802,CL K 5802 Suelo 40423 VEGAS DE MATUTE (SEGOVIA),False,False,
5863703UL9156S,5863703,UL9156S,40.791547,-4.234791,628.0,VEGAS DE MATUTE,"Obras de urbanización y jardineria, suelos sin edificar",CL,K,5803,CL K 5803 Suelo 40423 VEGAS DE MATUTE (SEGOVIA),False,False,
5863704UL9156S,5863704,UL9156S,40.791447,-4.234737,625.0,VEGAS DE MATUTE,"Obras de urbanización y jardineria, suelos sin edificar",CL,K,5804,CL K 5804 Suelo 40423 VEGAS DE MATUTE (SEGOVIA),False,False,
5863705UL9156S,5863705,UL9156S,40.791258,-4.234818,460.0,VEGAS DE MATUTE,"Obras de urbanización y jardineria, suelos sin edificar",CL,K,5805,CL K 5805 Suelo 40423 VEGAS DE MATUTE (SEGOVIA),False,False,
5863706UL9156S,5863706,UL9156S,40.791303,-4.234598,446.0,VEGAS DE MATUTE,"Obras de urbanización y jardineria, suelos sin edificar",AV,VENECIA,5806,AV VENECIA 5806 Suelo 40423 VEGAS DE MATUTE (SEGOVIA),False,False,
5863707UL9156S,5863707,UL9156S,40.791335,-4.234426,411.0,VEGAS DE MATUTE,"Obras de urbanización y jardineria, suelos sin edificar",AV,VENECIA,5807,AV VENECIA 5807 Suelo 40423 VEGAS DE MATUTE (SEGOVIA),False,False,
5950901UL9155S,5950901,UL9155S,40.780352,-4.232945,2052.0,VEGAS DE MATUTE,"Obras de urbanización y jardineria, suelos sin edificar",AV,VALLADOLID,0,AV VALLADOLID  Suelo 40423 VEGAS DE MATUTE (SEGOVIA),False,False,
5950902UL9155S,5950902,UL9155S,40.78044,-4.232952,410.0,VEGAS DE MATUTE,"Obras de urbanización y jardineria, suelos sin edificar",AV,VALLADOLID,0,AV VALLADOLID  Suelo 40423 VEGAS DE MATUTE (SEGOVIA),False,False,
5950903UL9155S,5950903,UL9155S,40.780361,-4.23323,419.0,VEGAS DE MATUTE,"Obras de urbanización y jardineria, suelos sin edificar",AV,VALLADOLID,0,AV VALLADOLID  Suelo 40423 VEGAS DE MATUTE (SEGOVIA),False,False,
5950904UL9155S,5950904,UL9155S,40.780284,-4.233502,411.0,VEGAS DE MATUTE,"Obras de urbanización y jardineria, suelos sin edificar",AV,VALLADOLID,0,AV VALLADOLID  Suelo 40423 VEGAS DE MATUTE (SEGOVIA),False,False,
5950905UL9155S,5950905,UL9155S,40.780209,-4.233769,419.0,VEGAS DE MATUTE,"Obras de urbanización y jardineria, suelos sin edificar",AV,VALLADOLID,0,AV VALLADOLID  Suelo 40423 VEGAS DE MATUTE (SEGOVIA),False,False,
5950906UL9155S,5950906,UL9155S,40.780128,-4.234035,450.0,VEGAS DE MATUTE,"Obras de urbanización y jardineria, suelos sin edificar",AV,VALLADOLID,0,AV VALLADOLID  Suelo 40423 VEGAS DE MATUTE (SEGOVIA),False,False,
5950907UL9155S,5950907,UL9155S,40.780049,-4.23428,443.0,VEGAS DE MATUTE,"Obras de urbanización y jardineria, suelos sin edificar",AV,VALLADOLID,0,AV VALLADOLID  Suelo 40423 VEGAS DE MATUTE (SEGOVIA),False,False,
5950908UL9155S,5950908,UL9155S,40.779979,-4.234495,430.0,VEGAS DE MATUTE,"Obras de urbanización y jardineria, suelos sin edificar",AV,VALLADOLID,0,AV VALLADOLID  Suelo 40423 VEGAS DE MATUTE (SEGOVIA),False,False,
5950909UL9155S,5950909,UL9155S,40.779895,-4.234755,653.0,VEGAS DE MATUTE,"Obras de urbanización y jardineria, suelos sin edificar",AV,VALLADOLID,0,AV VALLADOLID  Suelo 40423 VEGAS DE MATUTE (SEGOVIA),False,False,
5952604UL9155S,5952604,UL9155S,40.779268,-4.233769,472.0,EL ESPINAR,Industrial,CL,VEGAS DE MATUTE,236,CL VEGAS DE MATUTE 236 Es:1 Pl:00 Pt:01 40400 EL ESPINAR (SEGOVIA),False,False,
5952605UL9165S,5952605,UL9165S,40.779116,-4.234294,1162.0,EL ESPINAR,"Obras de urbanización y jardineria, suelos sin edificar",CL,VEGAS DE MATUTE,1,CL VEGAS DE MATUTE 1 Suelo 40400 EL ESPINAR (SEGOVIA),False,False,
5952606UL9165S,5952606,UL9165S,40.779341,-4.233528,468.0,EL ESPINAR,"Obras de urbanización y jardineria, suelos sin edificar",CL,VEGAS DE MATUTE,2,CL VEGAS DE MATUTE 2 Suelo 40400 EL ESPINAR (SEGOVIA),False,False,
5952607UL9165S,5952607,UL9165S,40.779396,-4.233343,402.0,EL ESPINAR,"Obras de urbanización y jardineria, suelos sin edificar",CL,VEGAS DE MATUTE,3,CL VEGAS DE MATUTE 3 Suelo 40400 EL ESPINAR (SEGOVIA),False,False,
5952608UL9165S,5952608,UL9165S,40.77944,-4.233176,411.0,EL ESPINAR,"Obras de urbanización y jardineria, suelos sin edificar",CL,VEGAS DE MATUTE,4,CL VEGAS DE MATUTE 4 Suelo 40400 EL ESPINAR (SEGOVIA),False,False,
5952609UL9165S,5952609,UL9165S,40.779482,-4.233015,403.0,EL ESPINAR,"Obras de urbanización y jardineria, suelos sin edificar",CL,VEGAS DE MATUTE,5,CL VEGAS DE MATUTE 5 Suelo 40400 EL ESPINAR (SEGOVIA),False,False,
5952610UL9165S,5952610,UL9165S,40.779523,-4.232858,416.0,EL ESPINAR,"Obras de urbanización y jardineria, suelos sin edificar",CL,VEGAS DE MATUTE,6,CL VEGAS DE MATUTE 6 Suelo 40400 EL ESPINAR (SEGOVIA),False,False,
5952611UL9165S,5952611,UL9165S,40.779564,-4.232701,432.0,EL ESPINAR,"Obras de urbanización y jardineria, suelos sin edificar",CL,VEGAS DE MATUTE,7,CL VEGAS DE MATUTE 7 Suelo 40400 EL ESPINAR (SEGOVIA),False,False,
5952612UL9165S,5952612,UL9165S,40.779605,-4.232542,448.0,EL ESPINAR,"Obras de urbanización y jardineria, suelos sin edificar",CL,VEGAS DE MATUTE,8,CL VEGAS DE MATUTE 8 Suelo 40400 EL ESPINAR (SEGOVIA),False,False,
5952613UL9165S,5952613,UL9165S,40.77965,-4.232378,500.0,EL ESPINAR,"Obras de urbanización y jardineria, suelos sin edificar",CL,VEGAS DE MATUTE,9,CL VEGAS DE MATUTE 9 Suelo 40400 EL ESPINAR (SEGOVIA),False,False,
5952614UL9165S,5952614,UL9165S,40.779687,-4.232211,498.0,EL ESPINAR,"Obras de urbanización y jardineria, suelos sin edificar",CL,VEGAS DE MATUTE,10,CL VEGAS DE MATUTE 10 Suelo 40400 EL ESPINAR (SEGOVIA),False,False,
5952615UL9165S,5952615,UL9165S,40.779724,-4.232048,528.0,EL ESPINAR,"Obras de urbanización y jardineria, suelos sin edificar",CL,VEGAS DE MATUTE,11,CL VEGAS DE MATUTE 11 Suelo 40400 EL ESPINAR (SEGOVIA),False,False,
5952616UL9165S,5952616,UL9165S,40.77976,-4.231885,565.0,EL ESPINAR,"Obras de urbanización y jardineria, suelos sin edificar",CL,VEGAS DE MATUTE,12,CL VEGAS DE MATUTE 12 Suelo 40400 EL ESPINAR (SEGOVIA),False,False,
5952617UL9165S,5952617,UL9165S,40.779795,-4.231722,604.0,EL ESPINAR,"Obras de urbanización y jardineria, suelos sin edificar",CL,VEGAS DE MATUTE,13,CL VEGAS DE MATUTE 13 Suelo 40400 EL ESPINAR (SEGOVIA),False,False,
5952618UL9165S,5952618,UL9165S,40.77983,-4.231558,646.0,EL ESPINAR,"Obras de urbanización y jardineria, suelos sin edificar",CL,VEGAS DE MATUTE,14,CL VEGAS DE MATUTE 14 Suelo EL ESPINAR (SEGOVIA),False,False,
5952619UL9165S,5952619,UL9165S,40.779865,-4.231393,687.0,EL ESPINAR,"Obras de urbanización y jardineria, suelos sin edificar",CL,VEGAS DE MATUTE,15,CL VEGAS DE MATUTE 15 Suelo EL ESPINAR (SEGOVIA),False,False,
5952620UL9165S,5952620,UL9165S,40.779899,-4.231228,741.0,EL ESPINAR,"Obras de urbanización y jardineria, suelos sin edificar",CL,VEGAS DE MATUTE,16,CL VEGAS DE MATUTE 16 Suelo EL ESPINAR (SEGOVIA),False,False,
5952621UL9165S,5952621,UL9165S,40.780103,-4.231005,585.0,EL ESPINAR,"Obras de urbanización y jardineria, suelos sin edificar",CL,VEGAS DE MATUTE,19,CL VEGAS DE MATUTE 19 Suelo EL ESPINAR (SEGOVIA),False,False,
5952622UL9165S,5952622,UL9165S,40.78006,-4.230804,420.0,EL ESPINAR,"Obras de urbanización y jardineria, suelos sin edificar",CL,VEGAS DE MATUTE,20,CL VEGAS DE MATUTE 20 Suelo 40400 EL ESPINAR (SEGOVIA),False,False,
5952623UL9165S,5952623,UL9165S,40.78001,-4.230645,449.0,EL ESPINAR,"Obras de urbanización y jardineria, suelos sin edificar",CL,VEGAS DE MATUTE,21,CL VEGAS DE MATUTE 21 Suelo 40400 EL ESPINAR (SEGOVIA),False,False,
5952624UL9165S,5952624,UL9165S,40.779795,-4.230769,423.0,EL ESPINAR,"Obras de urbanización y jardineria, suelos sin edificar",CL,VEGAS DE MATUTE,18,CL VEGAS DE MATUTE 18 Suelo 40400 EL ESPINAR (SEGOVIA),False,False,
5952625UL9165S,5952625,UL9165S,40.779845,-4.23101,707.0,EL ESPINAR,"Obras de urbanización y jardineria, suelos sin edificar",CL,VEGAS DE MATUTE,17,CL VEGAS DE MATUTE 17 Suelo 40400 EL ESPINAR (SEGOVIA),False,False,
5953701UL9155S,5953701,UL9155S,40.781764,-4.229775,1112.0,VEGAS DE MATUTE,"Obras de urbanización y jardineria, suelos sin edificar",CL,L,,CL L  Suelo 40423 VEGAS DE MATUTE (SEGOVIA),False,False,
5953702UL9155S,5953702,UL9155S,40.78184,-4.230152,444.0,VEGAS DE MATUTE,"Obras de urbanización y jardineria, suelos sin edificar",CL,L,,CL L  Suelo 40423 VEGAS DE MATUTE (SEGOVIA),False,False,
5953703UL9155S,5953703,UL9155S,40.781889,-4.230355,444.0,VEGAS DE MATUTE,"Obras de urbanización y jardineria, suelos sin edificar",CL,L,,CL L  Suelo 40423 VEGAS DE MATUTE (SEGOVIA),False,False,
5953704UL9155S,5953704,UL9155S,40.781939,-4.230558,444.0,VEGAS DE MATUTE,"Obras de urbanización y jardineria, suelos sin edificar",CL,L,,CL L  Suelo 40423 VEGAS DE MATUTE (SEGOVIA),False,False,
5953705UL9155S,5953705,UL9155S,40.781988,-4.230761,444.0,VEGAS DE MATUTE,"Obras de urbanización y jardineria, suelos sin edificar",CL,L,,CL L  Suelo 40423 VEGAS DE MATUTE (SEGOVIA),False,False,
5953706UL9155S,5953706,UL9155S,40.782038,-4.230964,444.0,VEGAS DE MATUTE,"Obras de urbanización y jardineria, suelos sin edificar",CL,L,,CL L  Suelo 40423 VEGAS DE MATUTE (SEGOVIA),False,False,
5953707UL9155S,5953707,UL9155S,40.782087,-4.231167,444.0,VEGAS DE MATUTE,"Obras de urbanización y jardineria, suelos sin edificar",CL,L,,CL L  Suelo 40423 VEGAS DE MATUTE (SEGOVIA),False,False,
5953708UL9155S,5953708,UL9155S,40.782137,-4.23137,444.0,VEGAS DE MATUTE,"Obras de urbanización y jardineria, suelos sin edificar",CL,L,,CL L  Suelo 40423 VEGAS DE MATUTE (SEGOVIA),False,False,
5953709UL9155S,5953709,UL9155S,40.782186,-4.231573,444.0,VEGAS DE MATUTE,"Obras de urbanización y jardineria, suelos sin edificar",CL,L,,CL L  Suelo 40423 VEGAS DE MATUTE (SEGOVIA),False,False,
5953710UL9155S,5953710,UL9155S,40.782236,-4.231777,444.0,VEGAS DE MATUTE,"Obras de urbanización y jardineria, suelos sin edificar",CL,L,,CL L  Suelo 40423 VEGAS DE MATUTE (SEGOVIA),False,False,
5953711UL9155S,5953711,UL9155S,40.782286,-4.23198,444.0,VEGAS DE MATUTE,"Obras de urbanización y jardineria, suelos sin edificar",CL,L,,CL L  Suelo 40423 VEGAS DE MATUTE (SEGOVIA),False,False,
5953712UL9155S,5953712,UL9155S,40.782335,-4.232183,443.0,VEGAS DE MATUTE,"Obras de urbanización y jardineria, suelos sin edificar",CL,L,,CL L  Suelo 40423 VEGAS DE MATUTE (SEGOVIA),False,False,
5953713UL9155S,5953713,UL9155S,40.782383,-4.23238,419.0,VEGAS DE MATUTE,"Obras de urbanización y jardineria, suelos sin edificar",CL,L,,CL L  Suelo 40423 VEGAS DE MATUTE (SEGOVIA),False,False,
5953714UL9155S,5953714,UL9155S,40.78243,-4.232572,419.0,VEGAS DE MATUTE,"Obras de urbanización y jardineria, suelos sin edificar",CL,L,,CL L  Suelo 40423 VEGAS DE MATUTE (SEGOVIA),False,False,
5953715UL9155S,5953715,UL9155S,40.782477,-4.232764,419.0,VEGAS DE MATUTE,"Obras de urbanización y jardineria, suelos sin edificar",CL,L,,CL L  Suelo 40423 VEGAS DE MATUTE (SEGOVIA),False,False,
5953716UL9155S,5953716,UL9155S,40.782524,-4.232956,419.0,VEGAS DE MATUTE,"Obras de urbanización y jardineria, suelos sin edificar",CL,L,,CL L  Suelo 40423 VEGAS DE MATUTE (SEGOVIA),False,False,
5953717UL9155S,5953717,UL9155S,40.782571,-4.233147,419.0,VEGAS DE MATUTE,"Obras de urbanización y jardineria, suelos sin edificar",CL,L,,CL L  Suelo 40423 VEGAS DE MATUTE (SEGOVIA),False,False,
5953718UL9155S,5953718,UL9155S,40.782617,-4.233339,419.0,VEGAS DE MATUTE,"Obras de urbanización y jardineria, suelos sin edificar",CL,L,,CL L  Suelo 40423 VEGAS DE MATUTE (SEGOVIA),False,False,
5953719UL9155S,5953719,UL9155S,40.782664,-4.233531,419.0,VEGAS DE MATUTE,"Obras de urbanización y jardineria, suelos sin edificar",CL,L,,CL L  Suelo 40423 VEGAS DE MATUTE (SEGOVIA),False,False,
5953720UL9155S,5953720,UL9155S,40.782711,-4.233723,419.0,VEGAS DE MATUTE,"Obras de urbanización y jardineria, suelos sin edificar",CL,L,,CL L  Suelo 40423 VEGAS DE MATUTE (SEGOVIA),False,False,
5953721UL9155S,5953721,UL9155S,40.782758,-4.233915,419.0,VEGAS DE MATUTE,"Obras de urbanización y jardineria, suelos sin edificar",CL,L,,CL L  Suelo 40423 VEGAS DE MATUTE (SEGOVIA),False,False,
5953722UL9155S,5953722,UL9155S,40.782804,-4.234107,419.0,VEGAS DE MATUTE,"Obras de urbanización y jardineria, suelos sin edificar",CL,L,,CL L  Suelo 40423 VEGAS DE MATUTE (SEGOVIA),False,False,
5953723UL9155S,5953723,UL9155S,40.782856,-4.234314,484.0,VEGAS DE MATUTE,"Obras de urbanización y jardineria, suelos sin edificar",CL,L,,CL L  Suelo 40423 VEGAS DE MATUTE (SEGOVIA),False,False,
5953724UL9155S,5953724,UL9155S,40.782862,-4.234682,861.0,VEGAS DE MATUTE,"Obras de urbanización y jardineria, suelos sin edificar",CL,M,,CL M  Suelo 40423 VEGAS DE MATUTE (SEGOVIA),False,False,
5953725UL9155S,5953725,UL9155S,40.782818,-4.235156,1169.0,VEGAS DE MATUTE,"Obras de urbanización y jardineria, suelos sin edificar",CL,M,,CL M  Suelo 40423 VEGAS DE MATUTE (SEGOVIA),False,False,
5953726UL9155S,5953726,UL9155S,40.78268,-4.234681,414.0,VEGAS DE MATUTE,"Obras de urbanización y jardineria, suelos sin edificar",CL,N,,CL N  Suelo 40423 VEGAS DE MATUTE (SEGOVIA),False,False,
5953727UL9155S,5953727,UL9155S,40.782651,-4.234479,242.0,VEGAS DE MATUTE,"Obras de urbanización y jardineria, suelos sin edificar",CL,N,,CL N  Suelo 40423 VEGAS DE MATUTE (SEGOVIA),False,False,
5953728UL9155S,5953728,UL9155S,40.782619,-4.23435,243.0,VEGAS DE MATUTE,"Obras de urbanización y jardineria, suelos sin edificar",CL,N,,CL N  Suelo 40423 VEGAS DE MATUTE (SEGOVIA),False,False,
5953729UL9155S,5953729,UL9155S,40.782587,-4.23422,243.0,VEGAS DE MATUTE,"Obras de urbanización y jardineria, suelos sin edificar",CL,N,,CL N  Suelo 40423 VEGAS DE MATUTE (SEGOVIA),False,False,
5953730UL9155S,5953730,UL9155S,40.782555,-4.23409,244.0,VEGAS DE MATUTE,"Obras de urbanización y jardineria, suelos sin edificar",CL,N,,CL N  Suelo 40423 VEGAS DE MATUTE (SEGOVIA),False,False,
5953731UL9155S,5953731,UL9155S,40.782523,-4.233961,245.0,VEGAS DE MATUTE,"Obras de urbanización y jardineria, suelos sin edificar",CL,N,,CL N  Suelo 40423 VEGAS DE MATUTE (SEGOVIA),False,False,
5953732UL9155S,5953732,UL9155S,40.782492,-4.233831,245.0,VEGAS DE MATUTE,"Obras de urbanización y jardineria, suelos sin edificar",CL,N,,CL N  Suelo 40423 VEGAS DE MATUTE (SEGOVIA),False,False,
5953733UL9155S,5953733,UL9155S,40.78246,-4.233701,246.0,VEGAS DE MATUTE,"Obras de urbanización y jardineria, suelos sin edificar",CL,N,,CL N  Suelo 40423 VEGAS DE MATUTE (SEGOVIA),False,False,
5953734UL9155S,5953734,UL9155S,40.782428,-4.233572,247.0,VEGAS DE MATUTE,"Obras de urbanización y jardineria, suelos sin edificar",CL,N,,CL N  Suelo 40423 VEGAS DE MATUTE (SEGOVIA),False,False,
5953735UL9155S,5953735,UL9155S,40.782396,-4.233442,247.0,VEGAS DE MATUTE,"Obras de urbanización y jardineria, suelos sin edificar",CL,N,,CL N  Suelo 40423 VEGAS DE MATUTE (SEGOVIA),False,False,
5953736UL9155S,5953736,UL9155S,40.782364,-4.233313,248.0,VEGAS DE MATUTE,"Obras de urbanización y jardineria, suelos sin edificar",CL,N,,CL N  Suelo 40423 VEGAS DE MATUTE (SEGOVIA),False,False,
5953737UL9155S,5953737,UL9155S,40.782332,-4.233183,249.0,VEGAS DE MATUTE,"Obras de urbanización y jardineria, suelos sin edificar",CL,N,,CL N  Suelo 40423 VEGAS DE MATUTE (SEGOVIA),False,False,
5953738UL9155S,5953738,UL9155S,40.7823,-4.233053,249.0,VEGAS DE MATUTE,"Obras de urbanización y jardineria, suelos sin edificar",CL,N,,CL N  Suelo 40423 VEGAS DE MATUTE (SEGOVIA),False,False,
5953739UL9155S,5953739,UL9155S,40.782268,-4.232924,250.0,VEGAS DE MATUTE,"Obras de urbanización y jardineria, suelos sin edificar",CL,N,,CL N  Suelo 40423 VEGAS DE MATUTE (SEGOVIA),False,False,
5953740UL9155S,5953740,UL9155S,40.782236,-4.232794,251.0,VEGAS DE MATUTE,"Obras de urbanización y jardineria, suelos sin edificar",CL,N,,CL N  Suelo 40423 VEGAS DE MATUTE (SEGOVIA),False,False,
5953741UL9155S,5953741,UL9155S,40.782204,-4.232664,251.0,VEGAS DE MATUTE,"Obras de urbanización y jardineria, suelos sin edificar",CL,N,,CL N  Suelo 40423 VEGAS DE MATUTE (SEGOVIA),False,False,
5953742UL9155S,5953742,UL9155S,40.782172,-4.232535,252.0,VEGAS DE MATUTE,"Obras de urbanización y jardineria, suelos sin edificar",CL,N,,CL N  Suelo 40423 VEGAS DE MATUTE (SEGOVIA),False,False,
5953743UL9155S,5953743,UL9155S,40.782141,-4.232405,253.0,VEGAS DE MATUTE,"Obras de urbanización y jardineria, suelos sin edificar",CL,N,,CL N  Suelo 40423 VEGAS DE MATUTE (SEGOVIA),False,False,
5953744UL9155S,5953744,UL9155S,40.782109,-4.232275,254.0,VEGAS DE MATUTE,"Obras de urbanización y jardineria, suelos sin edificar",CL,N,,CL N  Suelo 40423 VEGAS DE MATUTE (SEGOVIA),False,False,
5953745UL9155S,5953745,UL9155S,40.782077,-4.232146,254.0,VEGAS DE MATUTE,"Obras de urbanización y jardineria, suelos sin edificar",CL,N,,CL N  Suelo 40423 VEGAS DE MATUTE (SEGOVIA),False,False,
5953746UL9155S,5953746,UL9155S,40.782045,-4.232016,255.0,VEGAS DE MATUTE,"Obras de urbanización y jardineria, suelos sin edificar",CL,N,,CL N  Suelo 40423 VEGAS DE MATUTE (SEGOVIA),False,False,
5953747UL9155S,5953747,UL9155S,40.782013,-4.231886,255.0,VEGAS DE MATUTE,"Obras de urbanización y jardineria, suelos sin edificar",CL,N,,CL N  Suelo 40423 VEGAS DE MATUTE (SEGOVIA),False,False,
5953748UL9155S,5953748,UL9155S,40.781981,-4.231757,256.0,VEGAS DE MATUTE,"Obras de urbanización y jardineria, suelos sin edificar",CL,N,,CL N  Suelo 40423 VEGAS DE MATUTE (SEGOVIA),False,False,
5953749UL9155S,5953749,UL9155S,40.781949,-4.231627,257.0,VEGAS DE MATUTE,"Obras de urbanización y jardineria, suelos sin edificar",CL,N,,CL N  Suelo 40423 VEGAS DE MATUTE (SEGOVIA),False,False,
5953750UL9155S,5953750,UL9155S,40.781917,-4.231497,257.0,VEGAS DE MATUTE,"Obras de urbanización y jardineria, suelos sin edificar",CL,N,,CL N  Suelo 40423 VEGAS DE MATUTE (SEGOVIA),False,False,
5953751UL9155S,5953751,UL9155S,40.781885,-4.231368,258.0,VEGAS DE MATUTE,"Obras de urbanización y jardineria, suelos sin edificar",CL,N,,CL N  Suelo 40423 VEGAS DE MATUTE (SEGOVIA),False,False,
5953752UL9155S,5953752,UL9155S,40.781853,-4.231238,259.0,VEGAS DE MATUTE,"Obras de urbanización y jardineria, suelos sin edificar",CL,N,,CL N  Suelo 40423 VEGAS DE MATUTE (SEGOVIA),False,False,
5953753UL9155S,5953753,UL9155S,40.781821,-4.231109,259.0,VEGAS DE MATUTE,"Obras de urbanización y jardineria, suelos sin edificar",CL,N,,CL N  Suelo 40423 VEGAS DE MATUTE (SEGOVIA),False,False,
5953754UL9155S,5953754,UL9155S,40.781789,-4.230979,260.0,VEGAS DE MATUTE,"Obras de urbanización y jardineria, suelos sin edificar",CL,N,,CL N  Suelo 40423 VEGAS DE MATUTE (SEGOVIA),False,False,
5953755UL9155S,5953755,UL9155S,40.781758,-4.230849,261.0,VEGAS DE MATUTE,"Obras de urbanización y jardineria, suelos sin edificar",CL,N,,CL N  Suelo 40423 VEGAS DE MATUTE (SEGOVIA),False,False,
5953756UL9155S,5953756,UL9155S,40.781726,-4.23072,262.0,VEGAS DE MATUTE,"Obras de urbanización y jardineria, suelos sin edificar",CL,N,,CL N  Suelo 40423 VEGAS DE MATUTE (SEGOVIA),False,False,
5953757UL9155S,5953757,UL9155S,40.781694,-4.23059,262.0,VEGAS DE MATUTE,"Obras de urbanización y jardineria, suelos sin edificar",CL,N,,CL N  Suelo 40423 VEGAS DE MATUTE (SEGOVIA),False,False,
5953758UL9155S,5953758,UL9155S,40.781662,-4.23046,263.0,VEGAS DE MATUTE,"Obras de urbanización y jardineria, suelos sin edificar",CL,N,,CL N  Suelo 40423 VEGAS DE MATUTE (SEGOVIA),False,False,
5953759UL9155S,5953759,UL9155S,40.78162,-4.230215,645.0,VEGAS DE MATUTE,"Obras de urbanización y jardineria, suelos sin edificar",CL,N,,CL N  Suelo 40423 VEGAS DE MATUTE (SEGOVIA),False,False,
5953760UL9155S,5953760,UL9155S,40.781619,-4.229915,18.0,VEGAS DE MATUTE,"Obras de urbanización y jardineria, suelos sin edificar",AV,VALLADOLID,,AV VALLADOLID  Suelo 40423 VEGAS DE MATUTE (SEGOVIA),False,False,
5956601UL9155N,5956601,UL9155N,40.786282,-4.233669,555.0,VEGAS DE MATUTE,"Obras de urbanización y jardineria, suelos sin edificar",AV,SALAMANCA,28,AV SALAMANCA 28(8) Suelo 40423 VEGAS DE MATUTE (SEGOVIA),False,False,
5956602UL9155N,5956602,UL9155N,40.786246,-4.23351,420.0,VEGAS DE MATUTE,"Obras de urbanización y jardineria, suelos sin edificar",AV,SALAMANCA,27,AV SALAMANCA 27(8) Suelo 40423 VEGAS DE MATUTE (SEGOVIA),False,False,
5956603UL9155N,5956603,UL9155N,40.786222,-4.233371,420.0,VEGAS DE MATUTE,"Obras de urbanización y jardineria, suelos sin edificar",AV,SALAMANCA,26,AV SALAMANCA 26(8) Suelo 40423 VEGAS DE MATUTE (SEGOVIA),False,False,
5956604UL9155N,5956604,UL9155N,40.786199,-4.233232,420.0,VEGAS DE MATUTE,"Obras de urbanización y jardineria, suelos sin edificar",AV,SALAMANCA,25,AV SALAMANCA 25(8) Suelo 40423 VEGAS DE MATUTE (SEGOVIA),False,False,
5956605UL9155N,5956605,UL9155N,40.786175,-4.233093,419.0,VEGAS DE MATUTE,"Obras de urbanización y jardineria, suelos sin edificar",AV,SALAMANCA,24,AV SALAMANCA 24(8) Suelo 40423 VEGAS DE MATUTE (SEGOVIA),False,False,
5956606UL9155N,5956606,UL9155N,40.786137,-4.232921,624.0,VEGAS DE MATUTE,"Obras de urbanización y jardineria, suelos sin edificar",AV,SALAMANCA,23,AV SALAMANCA 23(8) Suelo 40423 VEGAS DE MATUTE (SEGOVIA),False,False,
5956607UL9155N,5956607,UL9155N,40.785939,-4.233044,594.0,VEGAS DE MATUTE,"Obras de urbanización y jardineria, suelos sin edificar",CL,F,22,CL F 22(8) Suelo 40423 VEGAS DE MATUTE (SEGOVIA),False,False,
5956608UL9155N,5956608,UL9155N,40.785805,-4.232994,546.0,VEGAS DE MATUTE,"Obras de urbanización y jardineria, suelos sin edificar",CL,F,21,CL F 21(8) Suelo 40423 VEGAS DE MATUTE (SEGOVIA),False,False,
5956609UL9155N,5956609,UL9155N,40.785686,-4.232944,508.0,VEGAS DE MATUTE,"Obras de urbanización y jardineria, suelos sin edificar",CL,F,20,CL F 20(8) Suelo 40423 VEGAS DE MATUTE (SEGOVIA),False,False,
5956610UL9155N,5956610,UL9155N,40.785579,-4.23289,458.0,VEGAS DE MATUTE,"Obras de urbanización y jardineria, suelos sin edificar",CL,F,19,CL F 19(8) Suelo 40423 VEGAS DE MATUTE (SEGOVIA),False,False,
5956611UL9155N,5956611,UL9155N,40.785477,-4.232844,458.0,VEGAS DE MATUTE,"Obras de urbanización y jardineria, suelos sin edificar",CL,F,18,CL F 18(8) Suelo 40423 VEGAS DE MATUTE (SEGOVIA),False,False,
5956612UL9155N,5956612,UL9155N,40.785375,-4.232796,458.0,VEGAS DE MATUTE,"Obras de urbanización y jardineria, suelos sin edificar",CL,F,17,CL F 17(8) Suelo 40423 VEGAS DE MATUTE (SEGOVIA),False,False,
5956613UL9155N,5956613,UL9155N,40.785274,-4.232744,459.0,VEGAS DE MATUTE,"Obras de urbanización y jardineria, suelos sin edificar",CL,F,16,CL F 16(8) Suelo 40423 VEGAS DE MATUTE (SEGOVIA),False,False,
5956614UL9155N,5956614,UL9155N,40.785166,-4.232696,510.0,VEGAS DE MATUTE,"Obras de urbanización y jardineria, suelos sin edificar",CL,F,15,CL F 15(8) Suelo 40423 VEGAS DE MATUTE (SEGOVIA),False,False,
5956615UL9155N,5956615,UL9155N,40.785062,-4.232631,458.0,VEGAS DE MATUTE,"Obras de urbanización y jardineria, suelos sin edificar",CL,F,14,CL F 14(8) Suelo 40423 VEGAS DE MATUTE (SEGOVIA),False,False,
5956616UL9155N,5956616,UL9155N,40.784964,-4.232573,458.0,VEGAS DE MATUTE,"Obras de urbanización y jardineria, suelos sin edificar",CL,F,13,CL F 13(8) Suelo 40423 VEGAS DE MATUTE (SEGOVIA),False,False,
5956617UL9155N,5956617,UL9155N,40.784865,-4.232513,459.0,VEGAS DE MATUTE,"Obras de urbanización y jardineria, suelos sin edificar",CL,F,12,CL F 12(8) Suelo 40423 VEGAS DE MATUTE (SEGOVIA),False,False,
5956618UL9155N,5956618,UL9155N,40.784768,-4.232451,459.0,VEGAS DE MATUTE,"Obras de urbanización y jardineria, suelos sin edificar",CL,F,11,CL F 11(8) Suelo 40423 VEGAS DE MATUTE (SEGOVIA),False,False,
5956619UL9155N,5956619,UL9155N,40.784671,-4.232387,460.0,VEGAS DE MATUTE,"Obras de urbanización y jardineria, suelos sin edificar",CL,F,10,CL F 10(8) Suelo 40423 VEGAS DE MATUTE (SEGOVIA),False,False,
5956620UL9155N,5956620,UL9155N,40.784569,-4.232322,499.0,VEGAS DE MATUTE,"Obras de urbanización y jardineria, suelos sin edificar",CL,F,9,CL F 9(8) Suelo 40423 VEGAS DE MATUTE (SEGOVIA),False,False,
5956621UL9155N,5956621,UL9155N,40.784466,-4.232249,494.0,VEGAS DE MATUTE,"Obras de urbanización y jardineria, suelos sin edificar",CL,F,8,CL F 8(8) Suelo 40423 VEGAS DE MATUTE (SEGOVIA),False,False,
5956622UL9155N,5956622,UL9155N,40.78437,-4.232172,458.0,VEGAS DE MATUTE,"Obras de urbanización y jardineria, suelos sin edificar",CL,F,7,CL F 7(8) Suelo 40423 VEGAS DE MATUTE (SEGOVIA),False,False,
5956623UL9155N,5956623,UL9155N,40.784277,-4.232099,459.0,VEGAS DE MATUTE,"Obras de urbanización y jardineria, suelos sin edificar",CL,F,6,CL F 6(8) Suelo 40423 VEGAS DE MATUTE (SEGOVIA),False,False,
5956624UL9155N,5956624,UL9155N,40.784185,-4.232024,459.0,VEGAS DE MATUTE,"Obras de urbanización y jardineria, suelos sin edificar",CL,F,5,CL F 5(8) Suelo 40423 VEGAS DE MATUTE (SEGOVIA),False,False,
5956625UL9155N,5956625,UL9155N,40.784093,-4.231947,460.0,VEGAS DE MATUTE,"Obras de urbanización y jardineria, suelos sin edificar",CL,F,4,CL F 4(8) Suelo 40423 VEGAS DE MATUTE (SEGOVIA),False,False,
5956626UL9155N,5956626,UL9155N,40.784003,-4.231868,462.0,VEGAS DE MATUTE,"Obras de urbanización y jardineria, suelos sin edificar",CL,F,3,CL F 3(8) Suelo 40423 VEGAS DE MATUTE (SEGOVIA),False,False,
5956627UL9155N,5956627,UL9155N,40.783913,-4.231787,462.0,VEGAS DE MATUTE,"Obras de urbanización y jardineria, suelos sin edificar",CL,F,2,CL F 2(8) Suelo 40423 VEGAS DE MATUTE (SEGOVIA),False,False,
5956628UL9155N,5956628,UL9155N,40.783774,-4.231577,984.0,VEGAS DE MATUTE,"Obras de urbanización y jardineria, suelos sin edificar",CL,F,1,CL F 1(8) Suelo 40423 VEGAS DE MATUTE (SEGOVIA),False,False,
5956629UL9155N,5956629,UL9155N,40.783952,-4.232323,857.0,VEGAS DE MATUTE,"Obras de urbanización y jardineria, suelos sin edificar",CL,G,49,CL G 49(8) Suelo 40423 VEGAS DE MATUTE (SEGOVIA),False,False,
5956630UL9155N,5956630,UL9155N,40.78409,-4.232518,460.0,VEGAS DE MATUTE,"Obras de urbanización y jardineria, suelos sin edificar",CL,G,48,CL G 48(8) Suelo 40423 VEGAS DE MATUTE (SEGOVIA),False,False,
5956631UL9155N,5956631,UL9155N,40.784183,-4.232594,465.0,VEGAS DE MATUTE,"Obras de urbanización y jardineria, suelos sin edificar",CL,G,47,CL G 47(8) Suelo 40423 VEGAS DE MATUTE (SEGOVIA),False,False,
5956632UL9155N,5956632,UL9155N,40.784277,-4.232665,466.0,VEGAS DE MATUTE,"Obras de urbanización y jardineria, suelos sin edificar",CL,G,46,CL G 46(8) Suelo 40423 VEGAS DE MATUTE (SEGOVIA),False,False,
5956633UL9155N,5956633,UL9155N,40.784372,-4.232736,467.0,VEGAS DE MATUTE,"Obras de urbanización y jardineria, suelos sin edificar",CL,G,45,CL G 45(8) Suelo 40423 VEGAS DE MATUTE (SEGOVIA),False,False,
5956634UL9155N,5956634,UL9155N,40.784468,-4.232803,469.0,VEGAS DE MATUTE,"Obras de urbanización y jardineria, suelos sin edificar",CL,G,44,CL G 44(8) Suelo 40423 VEGAS DE MATUTE (SEGOVIA),False,False,
5956635UL9155N,5956635,UL9155N,40.784564,-4.232869,470.0,VEGAS DE MATUTE,"Obras de urbanización y jardineria, suelos sin edificar",CL,G,43,CL G 43(8) Suelo 40423 VEGAS DE MATUTE (SEGOVIA),False,False,
5956636UL9155N,5956636,UL9155N,40.784661,-4.232933,470.0,VEGAS DE MATUTE,"Obras de urbanización y jardineria, suelos sin edificar",CL,G,42,CL G 42(8) Suelo 40423 VEGAS DE MATUTE (SEGOVIA),False,False,
5956637UL9155N,5956637,UL9155N,40.784759,-4.232993,471.0,VEGAS DE MATUTE,"Obras de urbanización y jardineria, suelos sin edificar",CL,G,41,CL G 41(8) Suelo 40423 VEGAS DE MATUTE (SEGOVIA),False,False,
5956638UL9155N,5956638,UL9155N,40.784858,-4.233052,471.0,VEGAS DE MATUTE,"Obras de urbanización y jardineria, suelos sin edificar",CL,G,40,CL G 40(8) Suelo 40423 VEGAS DE MATUTE (SEGOVIA),False,False,
5956639UL9155N,5956639,UL9155N,40.784957,-4.233108,470.0,VEGAS DE MATUTE,"Obras de urbanización y jardineria, suelos sin edificar",CL,G,39,CL G 39(8) Suelo 40423 VEGAS DE MATUTE (SEGOVIA),False,False,
5956640UL9155N,5956640,UL9155N,40.785057,-4.233162,468.0,VEGAS DE MATUTE,"Obras de urbanización y jardineria, suelos sin edificar",CL,G,38,CL G 38(8) Suelo 40423 VEGAS DE MATUTE (SEGOVIA),False,False,
5956641UL9155N,5956641,UL9155N,40.785155,-4.233221,461.0,VEGAS DE MATUTE,"Obras de urbanización y jardineria, suelos sin edificar",CL,G,37,CL G 37(8) Suelo 40423 VEGAS DE MATUTE (SEGOVIA),False,False,
5956642UL9155N,5956642,UL9155N,40.785258,-4.233262,463.0,VEGAS DE MATUTE,"Obras de urbanización y jardineria, suelos sin edificar",CL,G,36,CL G 36(8) Suelo 40423 VEGAS DE MATUTE (SEGOVIA),False,False,
5956643UL9155N,5956643,UL9155N,40.78536,-4.233309,462.0,VEGAS DE MATUTE,"Obras de urbanización y jardineria, suelos sin edificar",CL,G,35,CL G 35(8) Suelo 40423 VEGAS DE MATUTE (SEGOVIA),False,False,
5956644UL9155N,5956644,UL9155N,40.785463,-4.233356,463.0,VEGAS DE MATUTE,"Obras de urbanización y jardineria, suelos sin edificar",CL,G,34,CL G 34(8) Suelo 40423 VEGAS DE MATUTE (SEGOVIA),False,False,
5956645UL9155N,5956645,UL9155N,40.785563,-4.233408,465.0,VEGAS DE MATUTE,"Obras de urbanización y jardineria, suelos sin edificar",CL,G,33,CL G 33(8) Suelo 40423 VEGAS DE MATUTE (SEGOVIA),False,False,
5956646UL9155N,5956646,UL9155N,40.785667,-4.23345,466.0,VEGAS DE MATUTE,"Obras de urbanización y jardineria, suelos sin edificar",CL,G,32,CL G 32(8) Suelo 40423 VEGAS DE MATUTE (SEGOVIA),False,False,
5956647UL9155N,5956647,UL9155N,40.785774,-4.233476,464.0,VEGAS DE MATUTE,"Obras de urbanización y jardineria, suelos sin edificar",CL,G,31,CL G 31(8) Suelo 40423 VEGAS DE MATUTE (SEGOVIA),False,False,
5956648UL9155N,5956648,UL9155N,40.78588,-4.233503,465.0,VEGAS DE MATUTE,"Obras de urbanización y jardineria, suelos sin edificar",CL,G,30,CL G 30(8) Suelo 40423 VEGAS DE MATUTE (SEGOVIA),False,False,
5956649UL9155N,5956649,UL9155N,40.785997,-4.233568,551.0,VEGAS DE MATUTE,"Obras de urbanización y jardineria, suelos sin edificar",CL,G,29,CL G 29(8) Suelo 40423 VEGAS DE MATUTE (SEGOVIA),False,False,
5962301UL9156S,5962301,UL9156S,40.790315,-4.233853,44656.0,VEGAS DE MATUTE,"Obras de urbanización y jardineria, suelos sin edificar",AV,VENECIA,5701,AV VENECIA 5701 Suelo 40423 VEGAS DE MATUTE (SEGOVIA),False,False,
6047201UL9164N,6047201,UL9164N,40.772547,-4.233619,11087.0,EL ESPINAR,Agrario,,,,CL DE LA COLMADA 39 Suelo 40400 EL ESPINAR (SEGOVIA),False,False,
6047202UL9164N,6047202,UL9164N,40.773568,-4.23332,12012.0,EL ESPINAR,Agrario,,,,CL DE LA COLMADA 38 Suelo 40400 EL ESPINAR (SEGOVIA),False,False,
6047203UL9164N,6047203,UL9164N,40.774549,-4.233363,10468.0,EL ESPINAR,Agrario,,,,CL DE LA COLMADA 37 Suelo A 40400 EL ESPINAR (SEGOVIA),False,False,
6047204UL9164N,6047204,UL9164N,40.774945,-4.23394,127.0,EL ESPINAR,Industrial agrario,,,,CL DE LA COLMADA 37(D) Es:1 Pl:00 Pt:01 40400 EL ESPINAR (SEGOVIA),False,False,
6047205UL9164N,6047205,UL9164N,40.77557,-4.233476,10606.0,EL ESPINAR,Agrario,,,,CL DE LA COLMADA 36 Suelo 40400 EL ESPINAR (SEGOVIA),False,False,
6047206UL9164N,6047206,UL9164N,40.776596,-4.233515,10236.0,EL ESPINAR,Agrario,,,,CL DE LA COLMADA 35 Suelo J 40400 EL ESPINAR (SEGOVIA),False,False,
6047210UL9164N,6047210,UL9164N,40.776629,-4.232427,10446.0,EL ESPINAR,Agrario,,,,CL CERRO DEL CALOQUILLO 42 Suelo A 40424 EL ESPINAR (SEGOVIA),False,False,
6047211UL9164N,6047211,UL9164N,40.775592,-4.232437,9750.0,EL ESPINAR,Agrario,,,,CL CERRO DEL CALOQUILLO 41 Suelo A 40424 EL ESPINAR (SEGOVIA),False,False,
6047212UL9164N,6047212,UL9164N,40.772367,-4.232562,11208.0,EL ESPINAR,Agrario,,,,CL CERRO DEL CALOQUILLO 40 Suelo A 40424 EL ESPINAR (SEGOVIA),False,False,
6047298UL9164N,6047298,UL9164N,40.777749,-4.232352,10355.0,EL ESPINAR,"Obras de urbanización y jardineria, suelos sin edificar",CL,CERRO DEL CALOQUILLO,,CL CERRO DEL CALOQUILLO  Suelo 40424 EL ESPINAR (SEGOVIA),False,False,
6047299UL9164N,6047299,UL9164N,40.773983,-4.232334,16060.0,EL ESPINAR,Agrario,,,,CL CERRO DEL CALOQUILLO 40(B) Suelo 40424 EL ESPINAR (SEGOVIA),False,False,
6058701UL9165N,6058701,UL9165N,40.786433,-4.228714,1079.0,VEGAS DE MATUTE,"Obras de urbanización y jardineria, suelos sin edificar",AV,SALAMANCA,1,AV SALAMANCA 1(7) Suelo . 40423 VEGAS DE MATUTE (SEGOVIA),False,False,
6058702UL9165N,6058702,UL9165N,40.786446,-4.228977,1062.0,VEGAS DE MATUTE,"Obras de urbanización y jardineria, suelos sin edificar",AV,SALAMANCA,2,AV SALAMANCA 2(7) Suelo 40423 VEGAS DE MATUTE (SEGOVIA),False,False,
6058703UL9165N,6058703,UL9165N,40.786447,-4.229216,1164.0,VEGAS DE MATUTE,"Obras de urbanización y jardineria, suelos sin edificar",AV,SALAMANCA,3,AV SALAMANCA 3(7) Suelo 40423 VEGAS DE MATUTE (SEGOVIA),False,False,
6058704UL9165N,6058704,UL9165N,40.786431,-4.229449,1196.0,VEGAS DE MATUTE,"Obras de urbanización y jardineria, suelos sin edificar",AV,SALAMANCA,4,AV SALAMANCA 4(7) Suelo 40423 VEGAS DE MATUTE (SEGOVIA),False,False,
6058705UL9165N,6058705,UL9165N,40.786385,-4.229679,1097.0,VEGAS DE MATUTE,"Obras de urbanización y jardineria, suelos sin edificar",AV,SALAMANCA,5,AV SALAMANCA 5(7) Suelo 40423 VEGAS DE MATUTE (SEGOVIA),False,False,
6058706UL9165N,6058706,UL9165N,40.786338,-4.229916,1045.0,VEGAS DE MATUTE,Residencial,AV,SALAMANCA,6,AV SALAMANCA 6(7) 40423 VEGAS DE MATUTE (SEGOVIA),True,False,
6058707UL9165N,6058707,UL9165N,40.786286,-4.230169,1021.0,VEGAS DE MATUTE,"Obras de urbanización y jardineria, suelos sin edificar",AV,SALAMANCA,7,AV SALAMANCA 7(7) Suelo 40423 VEGAS DE MATUTE (SEGOVIA),False,False,
6058708UL9165N,6058708,UL9165N,40.786263,-4.230446,1049.0,VEGAS DE MATUTE,Residencial,AV,SALAMANCA,8,AV SALAMANCA 8(7) 40423 VEGAS DE MATUTE (SEGOVIA),True,False,
6058709UL9165N,6058709,UL9165N,40.786234,-4.230718,1160.0,VEGAS DE MATUTE,"Obras de urbanización y jardineria, suelos sin edificar",AV,SALAMANCA,9,AV SALAMANCA 9(7) Suelo 40423 VEGAS DE MATUTE (SEGOVIA),False,False,
6058710UL9165N,6058710,UL9165N,40.786291,-4.230969,997.0,VEGAS DE MATUTE,"Obras de urbanización y jardineria, suelos sin edificar",AV,SALAMANCA,10,AV SALAMANCA 10(7) Suelo 40423 VEGAS DE MATUTE (SEGOVIA),False,False,
6058711UL9165N,6058711,UL9165N,40.786332,-4.231202,995.0,VEGAS DE MATUTE,"Obras de urbanización y jardineria, suelos sin edificar",AV,SALAMANCA,11,AV SALAMANCA 11(7) Suelo 40423 VEGAS DE MATUTE (SEGOVIA),False,False,
6058712UL9165N,6058712,UL9165N,40.786416,-4.231421,1192.0,VEGAS DE MATUTE,"Obras de urbanización y jardineria, suelos sin edificar",AV,SALAMANCA,12,AV SALAMANCA 12(7) Suelo 40423 VEGAS DE MATUTE (SEGOVIA),False,False,
6058713UL9165N,6058713,UL9165N,40.786503,-4.231636,1407.0,VEGAS DE MATUTE,"Obras de urbanización y jardineria, suelos sin edificar",AV,SALAMANCA,13,AV SALAMANCA 13(7) Suelo 40423 VEGAS DE MATUTE (SEGOVIA),False,False,
6058714UL9165N,6058714,UL9165N,40.786546,-4.231863,1419.0,VEGAS DE MATUTE,Residencial,AV,SALAMANCA,14,AV SALAMANCA 14(7) 40423 VEGAS DE MATUTE (SEGOVIA),True,False,
6058715UL9165N,6058715,UL9165N,40.786574,-4.232098,1361.0,VEGAS DE MATUTE,Residencial,AV,SALAMANCA,15,AV SALAMANCA 15(7) 40423 VEGAS DE MATUTE (SEGOVIA),True,False,
6058716UL9165N,6058716,UL9165N,40.786624,-4.232329,1401.0,VEGAS DE MATUTE,Residencial,AV,SALAMANCA,16,AV SALAMANCA 16(7) 40423 VEGAS DE MATUTE (SEGOVIA),True,False,
6058717UL9165N,6058717,UL9165N,40.786692,-4.232551,1525.0,VEGAS DE MATUTE,Residencial,AV,SALAMANCA,17,AV SALAMANCA 17(7) 40423 VEGAS DE MATUTE (SEGOVIA),True,False,
6058718UL9165N,6058718,UL9165N,40.786715,-4.232782,1444.0,VEGAS DE MATUTE,Residencial,AV,SALAMANCA,18,AV SALAMANCA 18(7) 40423 VEGAS DE MATUTE (SEGOVIA),True,False,
6058719UL9165N,6058719,UL9165N,40.786692,-4.233031,1156.0,VEGAS DE MATUTE,Residencial,AV,SALAMANCA,19,AV SALAMANCA 19(7) 40423 VEGAS DE MATUTE (SEGOVIA),True,False,
6058720UL9165N,6058720,UL9165N,40.786675,-4.233305,1056.0,VEGAS DE MATUTE,"Obras de urbanización y jardineria, suelos sin edificar",AV,SALAMANCA,20,AV SALAMANCA 20(7) Suelo 40423 VEGAS DE MATUTE (SEGOVIA),False,False,
6058721UL9165N,6058721,UL9165N,40.786724,-4.233585,1048.0,VEGAS DE MATUTE,Residencial,AV,SALAMANCA,21,AV SALAMANCA 21(7) 40423 VEGAS DE MATUTE (SEGOVIA),True,False,
6058722UL9165N,6058722,UL9165N,40.786786,-4.23384,1026.0,VEGAS DE MATUTE,"Obras de urbanización y jardineria, suelos sin edificar",AV,SALAMANCA,22,AV SALAMANCA 22(7) Suelo 40423 VEGAS DE MATUTE (SEGOVIA),False,False,
6058723UL9165N,6058723,UL9165N,40.786863,-4.234095,1219.0,VEGAS DE MATUTE,Residencial,AV,SALAMANCA,23,AV SALAMANCA 23(7) 40423 VEGAS DE MATUTE (SEGOVIA),True,False,
6058724UL9165N,6058724,UL9165N,40.786905,-4.234386,1349.0,VEGAS DE MATUTE,Residencial,AV,SALAMANCA,24,AV SALAMANCA 24(7) 40423 VEGAS DE MATUTE (SEGOVIA),True,False,
6058725UL9165N,6058725,UL9165N,40.786938,-4.234763,2080.0,VEGAS DE MATUTE,Residencial,AV,SALAMANCA,25,AV SALAMANCA 25(7) 40423 VEGAS DE MATUTE (SEGOVIA),True,False,
6058726UL9165N,6058726,UL9165N,40.787043,-4.231991,24094.0,VEGAS DE MATUTE,"Obras de urbanización y jardineria, suelos sin edificar",AV,VENECIA,0,AV VENECIA  Suelo 40423 VEGAS DE MATUTE (SEGOVIA),False,False,
6058727UL9165N,6058727,UL9165N,40.786237,-4.228793,12.0,VEGAS DE MATUTE,"Obras de urbanización y jardineria, suelos sin edificar",AV,SALAMANCA,3,AV SALAMANCA 3(T) Suelo 40423 VEGAS DE MATUTE (SEGOVIA),False,False,
6058728UL9165N,6058728,UL9165N,40.786061,-4.230895,12.0,VEGAS DE MATUTE,"Obras de urbanización y jardineria, suelos sin edificar",AV,SALAMANCA,4,AV SALAMANCA 4(T) Suelo 40423 VEGAS DE MATUTE (SEGOVIA),False,False,
6058729UL9165N,6058729,UL9165N,40.786562,-4.234744,13.0,VEGAS DE MATUTE,"Obras de urbanización y jardineria, suelos sin edificar",AV,SALAMANCA,5,AV SALAMANCA 5(T) Suelo 40423 VEGAS DE MATUTE (SEGOVIA),False,False,
6062401UL9166S,6062401,UL9166S,40.790901,-4.232045,45756.0,VEGAS DE MATUTE,"Obras de urbanización y jardineria, suelos sin edificar",AV,VENECIA,3,AV VENECIA 3(1) Suelo 40423 VEGAS DE MATUTE (SEGOVIA),False,False,
6155301UL9165N,6155301,UL9165N,40.786099,-4.232583,566.0,VEGAS DE MATUTE,"Obras de urbanización y jardineria, suelos sin edificar",AV,SALAMANCA,34,AV SALAMANCA 34(5) Suelo 40423 VEGAS DE MATUTE (SEGOVIA),False,False,
6155302UL9165N,6155302,UL9165N,40.786057,-4.232421,417.0,VEGAS DE MATUTE,"Obras de urbanización y jardineria, suelos sin edificar",AV,SALAMANCA,33,AV SALAMANCA 33(5) Suelo 40423 VEGAS DE MATUTE (SEGOVIA),False,False,
6155303UL9165N,6155303,UL9165N,40.786033,-4.232282,416.0,VEGAS DE MATUTE,"Obras de urbanización y jardineria, suelos sin edificar",AV,SALAMANCA,32,AV SALAMANCA 32(5) Suelo 40423 VEGAS DE MATUTE (SEGOVIA),False,False,
6155304UL9165N,6155304,UL9165N,40.786009,-4.232144,416.0,VEGAS DE MATUTE,"Obras de urbanización y jardineria, suelos sin edificar",AV,SALAMANCA,31,AV SALAMANCA 31(5) Suelo 40423 VEGAS DE MATUTE (SEGOVIA),False,False,
6155305UL9165N,6155305,UL9165N,40.785985,-4.232005,415.0,VEGAS DE MATUTE,"Obras de urbanización y jardineria, suelos sin edificar",AV,SALAMANCA,30,AV SALAMANCA 30(5) Suelo 40423 VEGAS DE MATUTE (SEGOVIA),False,False,
6155306UL9165N,6155306,UL9165N,40.785945,-4.231821,658.0,VEGAS DE MATUTE,"Obras de urbanización y jardineria, suelos sin edificar",AV,SALAMANCA,29,AV SALAMANCA 29(5) Suelo 40423 VEGAS DE MATUTE (SEGOVIA),False,False,
6155307UL9165N,6155307,UL9165N,40.785759,-4.23187,562.0,VEGAS DE MATUTE,"Obras de urbanización y jardineria, suelos sin edificar",CL,VALDECARROS,28,CL VALDECARROS 28(5) Suelo 40423 VEGAS DE MATUTE (SEGOVIA),False,False,
6155308UL9165N,6155308,UL9165N,40.785649,-4.231787,458.0,VEGAS DE MATUTE,"Obras de urbanización y jardineria, suelos sin edificar",CL,VALDECARROS,27,CL VALDECARROS 27(5) Suelo 40423 VEGAS DE MATUTE (SEGOVIA),False,False,
6155309UL9165N,6155309,UL9165N,40.785548,-4.231736,457.0,VEGAS DE MATUTE,"Obras de urbanización y jardineria, suelos sin edificar",CL,VALDECARROS,26,CL VALDECARROS 26(5) Suelo 40423 VEGAS DE MATUTE (SEGOVIA),False,False,
6155310UL9165N,6155310,UL9165N,40.785447,-4.231682,459.0,VEGAS DE MATUTE,"Obras de urbanización y jardineria, suelos sin edificar",CL,VALDECARROS,25,CL VALDECARROS 25(5) Suelo 40423 VEGAS DE MATUTE (SEGOVIA),False,False,
6155311UL9165N,6155311,UL9165N,40.78534,-4.231629,511.0,VEGAS DE MATUTE,"Obras de urbanización y jardineria, suelos sin edificar",CL,VALDECARROS,24,CL VALDECARROS 24(5) Suelo 40423 VEGAS DE MATUTE (SEGOVIA),False,False,
6155312UL9165N,6155312,UL9165N,40.785228,-4.231564,525.0,VEGAS DE MATUTE,"Obras de urbanización y jardineria, suelos sin edificar",CL,VALDECARROS,23,CL VALDECARROS 23(5) Suelo 40423 VEGAS DE MATUTE (SEGOVIA),False,False,
6155313UL9165N,6155313,UL9165N,40.785126,-4.231489,459.0,VEGAS DE MATUTE,"Obras de urbanización y jardineria, suelos sin edificar",CL,VALDECARROS,22,CL VALDECARROS 22(5) Suelo 40423 VEGAS DE MATUTE (SEGOVIA),False,False,
6155314UL9165N,6155314,UL9165N,40.78503,-4.231425,460.0,VEGAS DE MATUTE,"Obras de urbanización y jardineria, suelos sin edificar",CL,VALDECARROS,21,CL VALDECARROS 21(5) Suelo 40423 VEGAS DE MATUTE (SEGOVIA),False,False,
6155315UL9165N,6155315,UL9165N,40.784931,-4.231355,498.0,VEGAS DE MATUTE,"Obras de urbanización y jardineria, suelos sin edificar",CL,VALDECARROS,20,CL VALDECARROS 20(5) Suelo 40423 VEGAS DE MATUTE (SEGOVIA),False,False,
6155316UL9165N,6155316,UL9165N,40.784832,-4.231283,462.0,VEGAS DE MATUTE,"Obras de urbanización y jardineria, suelos sin edificar",CL,VALDECARROS,19,CL VALDECARROS 19(5) Suelo 40423 VEGAS DE MATUTE (SEGOVIA),False,False,
6155317UL9165N,6155317,UL9165N,40.784739,-4.231211,463.0,VEGAS DE MATUTE,"Obras de urbanización y jardineria, suelos sin edificar",CL,VALDECARROS,18,CL VALDECARROS 18(5) Suelo 40423 VEGAS DE MATUTE (SEGOVIA),False,False,
6155318UL9165N,6155318,UL9165N,40.784636,-4.23114,535.0,VEGAS DE MATUTE,"Obras de urbanización y jardineria, suelos sin edificar",CL,VALDECARROS,17,CL VALDECARROS 17(5) Suelo 40423 VEGAS DE MATUTE (SEGOVIA),False,False,
6155319UL9165N,6155319,UL9165N,40.784541,-4.231049,466.0,VEGAS DE MATUTE,"Obras de urbanización y jardineria, suelos sin edificar",CL,VALDECARROS,16,CL VALDECARROS 16(5) Suelo 40423 VEGAS DE MATUTE (SEGOVIA),False,False,
6155320UL9165N,6155320,UL9165N,40.784452,-4.23097,468.0,VEGAS DE MATUTE,"Obras de urbanización y jardineria, suelos sin edificar",CL,VALDECARROS,15,CL VALDECARROS 15(5) Suelo 40423 VEGAS DE MATUTE (SEGOVIA),False,False,
6155321UL9165N,6155321,UL9165N,40.784363,-4.230888,470.0,VEGAS DE MATUTE,"Obras de urbanización y jardineria, suelos sin edificar",CL,VALDECARROS,14,CL VALDECARROS 14(5) Suelo 40423 VEGAS DE MATUTE (SEGOVIA),False,False,
6155322UL9165N,6155322,UL9165N,40.784275,-4.230804,471.0,VEGAS DE MATUTE,"Obras de urbanización y jardineria, suelos sin edificar",CL,VALDECARROS,13,CL VALDECARROS 13(5) Suelo 40423 VEGAS DE MATUTE (SEGOVIA),False,False,
6155323UL9165N,6155323,UL9165N,40.784189,-4.230719,472.0,VEGAS DE MATUTE,"Obras de urbanización y jardineria, suelos sin edificar",CL,VALDECARROS,12,CL VALDECARROS 12(5) Suelo 40423 VEGAS DE MATUTE (SEGOVIA),False,False,
6155324UL9165N,6155324,UL9165N,40.784105,-4.230628,463.0,VEGAS DE MATUTE,"Obras de urbanización y jardineria, suelos sin edificar",CL,VALDECARROS,11,CL VALDECARROS 11(5) Suelo 40423 VEGAS DE MATUTE (SEGOVIA),False,False,
6155325UL9165N,6155325,UL9165N,40.784024,-4.230531,448.0,VEGAS DE MATUTE,"Obras de urbanización y jardineria, suelos sin edificar",CL,VALDECARROS,10,CL VALDECARROS 10(5) Suelo 40423 VEGAS DE MATUTE (SEGOVIA),False,False,
6155326UL9165N,6155326,UL9165N,40.783943,-4.230433,434.0,VEGAS DE MATUTE,"Obras de urbanización y jardineria, suelos sin edificar",CL,VALDECARROS,9,CL VALDECARROS 9(5) Suelo 40423 VEGAS DE MATUTE (SEGOVIA),False,False,
6155327UL9165N,6155327,UL9165N,40.783863,-4.230335,423.0,VEGAS DE MATUTE,"Obras de urbanización y jardineria, suelos sin edificar",CL,VALDECARROS,8,CL VALDECARROS 8(5) Suelo 40423 VEGAS DE MATUTE (SEGOVIA),False,False,
6155328UL9165N,6155328,UL9165N,40.783781,-4.230238,421.0,VEGAS DE MATUTE,"Obras de urbanización y jardineria, suelos sin edificar",CL,VALDECARROS,7,CL VALDECARROS 7(5) Suelo 40423 VEGAS DE MATUTE (SEGOVIA),False,False,
6155329UL9165N,6155329,UL9165N,40.783699,-4.230143,427.0,VEGAS DE MATUTE,"Obras de urbanización y jardineria, suelos sin edificar",CL,VALDECARROS,6,CL VALDECARROS 6(5) Suelo 40423 VEGAS DE MATUTE (SEGOVIA),False,False,
6155330UL9165N,6155330,UL9165N,40.783618,-4.230046,435.0,VEGAS DE MATUTE,"Obras de urbanización y jardineria, suelos sin edificar",CL,VALDECARROS,5,CL VALDECARROS 5(5) Suelo 40423 VEGAS DE MATUTE (SEGOVIA),False,False,
6155331UL9165N,6155331,UL9165N,40.783537,-4.229949,445.0,VEGAS DE MATUTE,"Obras de urbanización y jardineria, suelos sin edificar",CL,VALDECARROS,4,CL VALDECARROS 4(5) Suelo 40423 VEGAS DE MATUTE (SEGOVIA),False,False,
6155332UL9165N,6155332,UL9165N,40.783457,-4.22985,458.0,VEGAS DE MATUTE,"Obras de urbanización y jardineria, suelos sin edificar",CL,VALDECARROS,3,CL VALDECARROS 3(5) Suelo 40423 VEGAS DE MATUTE (SEGOVIA),False,False,
6155333UL9165N,6155333,UL9165N,40.783374,-4.229741,523.0,VEGAS DE MATUTE,"Obras de urbanización y jardineria, suelos sin edificar",CL,VALDECARROS,2,CL VALDECARROS 2(5) Suelo 40423 VEGAS DE MATUTE (SEGOVIA),False,False,
6155334UL9165N,6155334,UL9165N,40.783225,-4.229401,1253.0,VEGAS DE MATUTE,"Obras de urbanización y jardineria, suelos sin edificar",CL,VALDECARROS,1,CL VALDECARROS 1(5) Suelo 40423 VEGAS DE MATUTE (SEGOVIA),False,False,
6155335UL9165N,6155335,UL9165N,40.783464,-4.230379,892.0,VEGAS DE MATUTE,"Obras de urbanización y jardineria, suelos sin edificar",CL,F,59,CL F 59(5) Suelo 40423 VEGAS DE MATUTE (SEGOVIA),False,False,
6155336UL9165N,6155336,UL9165N,40.783588,-4.230638,464.0,VEGAS DE MATUTE,"Obras de urbanización y jardineria, suelos sin edificar",CL,F,58,CL F 58(5) Suelo 40423 VEGAS DE MATUTE (SEGOVIA),False,False,
6155337UL9165N,6155337,UL9165N,40.783658,-4.230754,513.0,VEGAS DE MATUTE,"Obras de urbanización y jardineria, suelos sin edificar",CL,F,57,CL F 57(5) Suelo 40423 VEGAS DE MATUTE (SEGOVIA),False,False,
6155338UL9165N,6155338,UL9165N,40.783737,-4.230854,506.0,VEGAS DE MATUTE,"Obras de urbanización y jardineria, suelos sin edificar",CL,F,56,CL F 56(5) Suelo 40423 VEGAS DE MATUTE (SEGOVIA),False,False,
6155339UL9165N,6155339,UL9165N,40.783818,-4.230951,492.0,VEGAS DE MATUTE,"Obras de urbanización y jardineria, suelos sin edificar",CL,F,55,CL F 55(5) Suelo 40423 VEGAS DE MATUTE (SEGOVIA),False,False,
6155340UL9165N,6155340,UL9165N,40.783899,-4.231047,474.0,VEGAS DE MATUTE,"Obras de urbanización y jardineria, suelos sin edificar",CL,F,54,CL F 54(5) Suelo 40423 VEGAS DE MATUTE (SEGOVIA),False,False,
6155341UL9165N,6155341,UL9165N,40.783984,-4.231138,464.0,VEGAS DE MATUTE,"Obras de urbanización y jardineria, suelos sin edificar",CL,F,53,CL F 53(5) Suelo 40423 VEGAS DE MATUTE (SEGOVIA),False,False,
6155342UL9165N,6155342,UL9165N,40.784071,-4.231222,463.0,VEGAS DE MATUTE,"Obras de urbanización y jardineria, suelos sin edificar",CL,F,52,CL F 52(5) Suelo 40423 VEGAS DE MATUTE (SEGOVIA),False,False,
6155343UL9165N,6155343,UL9165N,40.784159,-4.231305,463.0,VEGAS DE MATUTE,"Obras de urbanización y jardineria, suelos sin edificar",CL,F,51,CL F 51(5) Suelo 40423 VEGAS DE MATUTE (SEGOVIA),False,False,
6155344UL9165N,6155344,UL9165N,40.784248,-4.231386,463.0,VEGAS DE MATUTE,"Obras de urbanización y jardineria, suelos sin edificar",CL,F,50,CL F 50(5) Suelo 40423 VEGAS DE MATUTE (SEGOVIA),False,False,
6155345UL9165N,6155345,UL9165N,40.784338,-4.231464,463.0,VEGAS DE MATUTE,"Obras de urbanización y jardineria, suelos sin edificar",CL,F,49,CL F 49(5) Suelo 40423 VEGAS DE MATUTE (SEGOVIA),False,False,
6155346UL9165N,6155346,UL9165N,40.78443,-4.231541,463.0,VEGAS DE MATUTE,"Obras de urbanización y jardineria, suelos sin edificar",CL,F,48,CL F 48(5) Suelo 40423 VEGAS DE MATUTE (SEGOVIA),False,False,
6155347UL9165N,6155347,UL9165N,40.784518,-4.231624,463.0,VEGAS DE MATUTE,"Obras de urbanización y jardineria, suelos sin edificar",CL,F,47,CL F 47(5) Suelo 40423 VEGAS DE MATUTE (SEGOVIA),False,False,
6155348UL9165N,6155348,UL9165N,40.784615,-4.231687,463.0,VEGAS DE MATUTE,"Obras de urbanización y jardineria, suelos sin edificar",CL,F,46,CL F 46(5) Suelo 40423 VEGAS DE MATUTE (SEGOVIA),False,False,
6155349UL9165N,6155349,UL9165N,40.784709,-4.231756,463.0,VEGAS DE MATUTE,"Obras de urbanización y jardineria, suelos sin edificar",CL,F,45,CL F 45(5) Suelo 40423 VEGAS DE MATUTE (SEGOVIA),False,False,
6155350UL9165N,6155350,UL9165N,40.784805,-4.231824,463.0,VEGAS DE MATUTE,"Obras de urbanización y jardineria, suelos sin edificar",CL,F,44,CL F 44(5) Suelo 40423 VEGAS DE MATUTE (SEGOVIA),False,False,
6155351UL9165N,6155351,UL9165N,40.784897,-4.231899,463.0,VEGAS DE MATUTE,"Obras de urbanización y jardineria, suelos sin edificar",CL,F,43,CL F 43(5) Suelo 40423 VEGAS DE MATUTE (SEGOVIA),False,False,
6155352UL9165N,6155352,UL9165N,40.784997,-4.231953,464.0,VEGAS DE MATUTE,"Obras de urbanización y jardineria, suelos sin edificar",CL,F,42,CL F 42(5) Suelo 40423 VEGAS DE MATUTE (SEGOVIA),False,False,
6155353UL9165N,6155353,UL9165N,40.785095,-4.232013,463.0,VEGAS DE MATUTE,"Obras de urbanización y jardineria, suelos sin edificar",CL,F,41,CL F 41(5) Suelo 40423 VEGAS DE MATUTE (SEGOVIA),False,False,
6155354UL9165N,6155354,UL9165N,40.785194,-4.232072,463.0,VEGAS DE MATUTE,"Obras de urbanización y jardineria, suelos sin edificar",CL,F,40,CL F 40(5) Suelo 40423 VEGAS DE MATUTE (SEGOVIA),False,False,
6155355UL9165N,6155355,UL9165N,40.785291,-4.232137,464.0,VEGAS DE MATUTE,"Obras de urbanización y jardineria, suelos sin edificar",CL,F,39,CL F 39(5) Suelo 40423 VEGAS DE MATUTE (SEGOVIA),False,False,
6155356UL9165N,6155356,UL9165N,40.785393,-4.232182,463.0,VEGAS DE MATUTE,"Obras de urbanización y jardineria, suelos sin edificar",CL,F,38,CL F 38(5) Suelo 40423 VEGAS DE MATUTE (SEGOVIA),False,False,
6155357UL9165N,6155357,UL9165N,40.785494,-4.232234,464.0,VEGAS DE MATUTE,"Obras de urbanización y jardineria, suelos sin edificar",CL,F,37,CL F 37(5) Suelo 40423 VEGAS DE MATUTE (SEGOVIA),False,False,
6155358UL9165N,6155358,UL9165N,40.785596,-4.232283,463.0,VEGAS DE MATUTE,"Obras de urbanización y jardineria, suelos sin edificar",CL,F,36,CL F 36(5) Suelo 40423 VEGAS DE MATUTE (SEGOVIA),False,False,
6155359UL9165N,6155359,UL9165N,40.785755,-4.23239,984.0,VEGAS DE MATUTE,"Obras de urbanización y jardineria, suelos sin edificar",CL,F,35,CL F 35(5) Suelo 40423 VEGAS DE MATUTE (SEGOVIA),False,False,
6155360UL9165N,6155360,UL9165N,40.783041,-4.228938,21.0,VEGAS DE MATUTE,"Obras de urbanización y jardineria, suelos sin edificar",AV,SALAMANCA,2,AV SALAMANCA 2(T) Suelo 40423 VEGAS DE MATUTE (SEGOVIA),False,False,
6155501UL9165N,6155501,UL9165N,40.785957,-4.231383,551.0,VEGAS DE MATUTE,"Obras de urbanización y jardineria, suelos sin edificar",CL,VALDECARROS,38,CL VALDECARROS 38 Suelo 40423 VEGAS DE MATUTE (SEGOVIA),False,False,
6155502UL9165N,6155502,UL9165N,40.785838,-4.23129,407.0,VEGAS DE MATUTE,"Obras de urbanización y jardineria, suelos sin edificar",CL,VALDECARROS,39,CL VALDECARROS 39 Suelo 40423 VEGAS DE MATUTE (SEGOVIA),False,False,
6155503UL9165N,6155503,UL9165N,40.785737,-4.231236,414.0,VEGAS DE MATUTE,"Obras de urbanización y jardineria, suelos sin edificar",CL,VALDECARROS,40,CL VALDECARROS 40 Suelo 40423 VEGAS DE MATUTE (SEGOVIA),False,False,
6155504UL9165N,6155504,UL9165N,40.785629,-4.231194,444.0,VEGAS DE MATUTE,"Obras de urbanización y jardineria, suelos sin edificar",CL,VALDECARROS,41,CL VALDECARROS 41 Suelo 40423 VEGAS DE MATUTE (SEGOVIA),False,False,
6155505UL9165N,6155505,UL9165N,40.785533,-4.231117,428.0,VEGAS DE MATUTE,"Obras de urbanización y jardineria, suelos sin edificar",CL,VALDECARROS,42,CL VALDECARROS 42 Suelo 40423 VEGAS DE MATUTE (SEGOVIA),False,False,
6155506UL9165N,6155506,UL9165N,40.785437,-4.231053,441.0,VEGAS DE MATUTE,"Obras de urbanización y jardineria, suelos sin edificar",CL,VALDECARROS,43,CL VALDECARROS 43 Suelo 40423 VEGAS DE MATUTE (SEGOVIA),False,False,
6155507UL9165N,6155507,UL9165N,40.785341,-4.230987,451.0,VEGAS DE MATUTE,"Obras de urbanización y jardineria, suelos sin edificar",CL,VALDECARROS,44,CL VALDECARROS 44 Suelo 40423 VEGAS DE MATUTE (SEGOVIA),False,False,
6155508UL9165N,6155508,UL9165N,40.785246,-4.230919,460.0,VEGAS DE MATUTE,"Obras de urbanización y jardineria, suelos sin edificar",CL,VALDECARROS,45,CL VALDECARROS 45 Suelo 40423 VEGAS DE MATUTE (SEGOVIA),False,False,
6155509UL9165N,6155509,UL9165N,40.785151,-4.23085,463.0,VEGAS DE MATUTE,"Obras de urbanización y jardineria, suelos sin edificar",CL,VALDECARROS,46,CL VALDECARROS 46 Suelo 40423 VEGAS DE MATUTE (SEGOVIA),False,False,
6155510UL9165N,6155510,UL9165N,40.785057,-4.230781,464.0,VEGAS DE MATUTE,"Obras de urbanización y jardineria, suelos sin edificar",CL,VALDECARROS,47,CL VALDECARROS 47 Suelo 40423 VEGAS DE MATUTE (SEGOVIA),False,False,
6155511UL9165N,6155511,UL9165N,40.784963,-4.230709,462.0,VEGAS DE MATUTE,"Obras de urbanización y jardineria, suelos sin edificar",CL,VALDECARROS,48,CL VALDECARROS 48 Suelo 40423 VEGAS DE MATUTE (SEGOVIA),False,False,
6155512UL9165N,6155512,UL9165N,40.784868,-4.230649,436.0,VEGAS DE MATUTE,"Obras de urbanización y jardineria, suelos sin edificar",CL,VALDECARROS,49,CL VALDECARROS 49 Suelo 40423 VEGAS DE MATUTE (SEGOVIA),False,False,
6155513UL9165N,6155513,UL9165N,40.784784,-4.230562,459.0,VEGAS DE MATUTE,"Obras de urbanización y jardineria, suelos sin edificar",CL,VALDECARROS,50,CL VALDECARROS 50 Suelo 40423 VEGAS DE MATUTE (SEGOVIA),False,False,
6155514UL9165N,6155514,UL9165N,40.784697,-4.230477,469.0,VEGAS DE MATUTE,"Obras de urbanización y jardineria, suelos sin edificar",CL,VALDECARROS,51,CL VALDECARROS 51 Suelo 40423 VEGAS DE MATUTE (SEGOVIA),False,False,
6155515UL9165N,6155515,UL9165N,40.78461,-4.230392,476.0,VEGAS DE MATUTE,"Obras de urbanización y jardineria, suelos sin edificar",CL,VALDECARROS,52,CL VALDECARROS 52 Suelo 40423 VEGAS DE MATUTE (SEGOVIA),False,False,
6155516UL9165N,6155516,UL9165N,40.784524,-4.230306,482.0,VEGAS DE MATUTE,"Obras de urbanización y jardineria, suelos sin edificar",CL,VALDECARROS,53,CL VALDECARROS 53 Suelo 40423 VEGAS DE MATUTE (SEGOVIA),False,False,
6155517UL9165N,6155517,UL9165N,40.784427,-4.230233,508.0,VEGAS DE MATUTE,"Obras de urbanización y jardineria, suelos sin edificar",CL,VALDECARROS,54,CL VALDECARROS 54 Suelo 40423 VEGAS DE MATUTE (SEGOVIA),False,False,
6155518UL9165N,6155518,UL9165N,40.78435,-4.230126,484.0,VEGAS DE MATUTE,"Obras de urbanización y jardineria, suelos sin edificar",CL,VALDECARROS,55,CL VALDECARROS 55 Suelo 40423 VEGAS DE MATUTE (SEGOVIA),False,False,
6155519UL9165N,6155519,UL9165N,40.784265,-4.230037,483.0,VEGAS DE MATUTE,"Obras de urbanización y jardineria, suelos sin edificar",CL,VALDECARROS,56,CL VALDECARROS 56 Suelo 40423 VEGAS DE MATUTE (SEGOVIA),False,False,
6155520UL9165N,6155520,UL9165N,40.784182,-4.229946,477.0,VEGAS DE MATUTE,"Obras de urbanización y jardineria, suelos sin edificar",CL,VALDECARROS,57,CL VALDECARROS 57 Suelo 40423 VEGAS DE MATUTE (SEGOVIA),False,False,
6155521UL9165N,6155521,UL9165N,40.784098,-4.229855,470.0,VEGAS DE MATUTE,"Obras de urbanización y jardineria, suelos sin edificar",CL,VALDECARROS,58,CL VALDECARROS 58 Suelo 40423 VEGAS DE MATUTE (SEGOVIA),False,False,
6155522UL9165N,6155522,UL9165N,40.784016,-4.229764,461.0,VEGAS DE MATUTE,"Obras de urbanización y jardineria, suelos sin edificar",CL,VALDECARROS,59,CL VALDECARROS 59 Suelo 40423 VEGAS DE MATUTE (SEGOVIA),False,False,
6155523UL9165N,6155523,UL9165N,40.783934,-4.229671,449.0,VEGAS DE MATUTE,"Obras de urbanización y jardineria, suelos sin edificar",CL,VALDECARROS,60,CL VALDECARROS 60 Suelo 40423 VEGAS DE MATUTE (SEGOVIA),False,False,
6155524UL9165N,6155524,UL9165N,40.783854,-4.229574,444.0,VEGAS DE MATUTE,"Obras de urbanización y jardineria, suelos sin edificar",CL,VALDECARROS,61,CL VALDECARROS 61 Suelo 40423 VEGAS DE MATUTE (SEGOVIA),False,False,
6155525UL9165N,6155525,UL9165N,40.783771,-4.229446,627.0,VEGAS DE MATUTE,"Obras de urbanización y jardineria, suelos sin edificar",CL,VALDECARROS,62,CL VALDECARROS 62 Suelo 40423 VEGAS DE MATUTE (SEGOVIA),False,False,
6241701UL9174S,6241701,UL9174S,40.769745,-4.230478,801.0,EL ESPINAR,Residencial,CL,VENEZUELA,704,CL VENEZUELA 704 40400 EL ESPINAR (SEGOVIA),True,True,
6241702UL9174S,6241702,UL9174S,40.769719,-4.230224,850.0,EL ESPINAR,Residencial,CL,VENEZUELA,703,CL VENEZUELA 703 40400 EL ESPINAR (SEGOVIA),True,True,
6241703UL9174S,6241703,UL9174S,40.769395,-4.230183,873.0,EL ESPINAR,Residencial,CL,MEJICO,638,CL MEJICO 638 40400 EL ESPINAR (SEGOVIA),True,True,
6241704UL9174S,6241704,UL9174S,40.769398,-4.230456,840.0,EL ESPINAR,Residencial,CL,MEJICO,637,CL MEJICO 637 40400 EL ESPINAR (SEGOVIA),True,True,
6248901UL9164N,6248901,UL9164N,40.772456,-4.231138,16980.0,EL ESPINAR,Agrario,,,,CL CERRO DEL CALOQUILLO 61 Suelo A 40424 EL ESPINAR (SEGOVIA),False,False,
6248902UL9164N,6248902,UL9164N,40.773401,-4.230843,13337.0,EL ESPINAR,Agrario,,,,CL CERRO DEL CALOQUILLO 60 Suelo A 40424 EL ESPINAR (SEGOVIA),False,False,
6248903UL9164N,6248903,UL9164N,40.774295,-4.23111,15352.0,EL ESPINAR,Agrario,,,,CL CERRO DEL CALOQUILLO 59 Suelo A 40424 EL ESPINAR (SEGOVIA),False,False,
6248904UL9164N,6248904,UL9164N,40.77562,-4.231305,10257.0,EL ESPINAR,Agrario,,,,CL CERRO DEL CALOQUILLO 58 Suelo A 40424 EL ESPINAR (SEGOVIA),False,False,
6248905UL9164N,6248905,UL9164N,40.776673,-4.231173,11475.0,EL ESPINAR,Agrario,,,,CL CERRO DEL CALOQUILLO 57 Suelo A 40424 EL ESPINAR (SEGOVIA),False,False,
6248907UL9164N,6248907,UL9164N,40.77846,-4.230953,13425.0,EL ESPINAR,"Obras de urbanización y jardineria, suelos sin edificar",CL,CERRO DEL CALOQUILLO,55,CL CERRO DEL CALOQUILLO 55 Suelo A 40424 EL ESPINAR (SEGOVIA),False,False,
6248908UL9164N,6248908,UL9164N,40.779231,-4.23076,14746.0,EL ESPINAR,"Obras de urbanización y jardineria, suelos sin edificar",CL,CERRO DEL CALOQUILLO,54,CL CERRO DEL CALOQUILLO 54 Suelo A 40424 EL ESPINAR (SEGOVIA),False,False,
6248909UL9164N,6248909,UL9164N,40.774676,-4.230867,476.0,EL ESPINAR,Residencial,CL,PARAGUAY,1517,CL PARAGUAY 1517 40400 EL ESPINAR (SEGOVIA),True,True,
6248910UL9164N,6248910,UL9164N,40.77477,-4.230739,491.0,EL ESPINAR,Residencial,CL,PARAGUAY,1518,CL PARAGUAY 1518 40400 EL ESPINAR (SEGOVIA),True,True,
6248911UL9164N,6248911,UL9164N,40.774813,-4.230577,465.0,EL ESPINAR,Residencial,CL,PARAGUAY,1519,CL PARAGUAY 1519 40400 EL ESPINAR (SEGOVIA),True,True,
6248912UL9164N,6248912,UL9164N,40.774899,-4.230438,512.0,EL ESPINAR,"Obras de urbanización y jardineria, suelos sin edificar",CL,ECUADOR,1520,CL ECUADOR 1520 Suelo 40400 EL ESPINAR (SEGOVIA),False,False,
6248913UL9164N,6248913,UL9164N,40.775034,-4.230548,664.0,EL ESPINAR,Residencial,CL,ECUADOR,1521,CL ECUADOR 1521 40400 EL ESPINAR (SEGOVIA),True,True,
6248914UL9164N,6248914,UL9164N,40.775141,-4.230528,661.0,EL ESPINAR,Residencial,CL,ECUADOR,1522,CL ECUADOR 1522 40400 EL ESPINAR (SEGOVIA),True,True,
6248915UL9164N,6248915,UL9164N,40.775248,-4.230507,659.0,EL ESPINAR,Residencial,CL,ECUADOR,1523,CL ECUADOR 1523 40400 EL ESPINAR (SEGOVIA),True,True,
6248916UL9164N,6248916,UL9164N,40.775355,-4.230487,656.0,EL ESPINAR,Residencial,CL,ECUADOR,1524,CL ECUADOR 1524 40400 EL ESPINAR (SEGOVIA),True,True,
6248917UL9164N,6248917,UL9164N,40.775462,-4.230467,655.0,EL ESPINAR,Residencial,CL,ECUADOR,1525,CL ECUADOR 1525 40400 EL ESPINAR (SEGOVIA),True,True,
6248918UL9164N,6248918,UL9164N,40.775569,-4.230447,654.0,EL ESPINAR,Residencial,CL,ECUADOR,1526,CL ECUADOR 1526 40400 EL ESPINAR (SEGOVIA),True,True,
6248919UL9164N,6248919,UL9164N,40.775676,-4.230427,650.0,EL ESPINAR,Residencial,CL,ECUADOR,1527,CL ECUADOR 1527 40400 EL ESPINAR (SEGOVIA),True,True,
6248920UL9164N,6248920,UL9164N,40.775783,-4.230407,650.0,EL ESPINAR,Residencial,CL,ECUADOR,1528,CL ECUADOR 1528 40400 EL ESPINAR (SEGOVIA),True,True,
6248921UL9164N,6248921,UL9164N,40.77589,-4.230387,649.0,EL ESPINAR,Residencial,CL,ECUADOR,1529,CL ECUADOR 1529 LOS ÁNGELES DE SAN RAFAEL 40400 EL ESPINAR (SEGOVIA),True,True,
6248922UL9164N,6248922,UL9164N,40.775997,-4.230368,647.0,EL ESPINAR,Residencial,CL,ECUADOR,1530,CL ECUADOR 1530 40400 EL ESPINAR (SEGOVIA),True,True,
6248923UL9164N,6248923,UL9164N,40.776104,-4.230348,645.0,EL ESPINAR,Residencial,CL,ECUADOR,1531,CL ECUADOR 1531 40400 EL ESPINAR (SEGOVIA),True,True,
6248924UL9164N,6248924,UL9164N,40.776211,-4.230328,646.0,EL ESPINAR,Residencial,CL,ECUADOR,1532,CL ECUADOR 1532 40400 EL ESPINAR (SEGOVIA),True,True,
6248925UL9164N,6248925,UL9164N,40.776318,-4.230308,641.0,EL ESPINAR,Residencial,CL,ECUADOR,1533,CL ECUADOR 1533 40400 EL ESPINAR (SEGOVIA),True,True,
6248926UL9164N,6248926,UL9164N,40.776425,-4.230288,642.0,EL ESPINAR,Residencial,CL,ECUADOR,1534,CL ECUADOR 1534 40400 EL ESPINAR (SEGOVIA),True,True,
6248927UL9164N,6248927,UL9164N,40.776532,-4.230269,641.0,EL ESPINAR,Residencial,CL,ECUADOR,1535,CL ECUADOR 1535 40400 EL ESPINAR (SEGOVIA),True,True,
6248928UL9164N,6248928,UL9164N,40.776639,-4.230249,640.0,EL ESPINAR,Residencial,CL,ECUADOR,1536,CL ECUADOR 1536 40400 EL ESPINAR (SEGOVIA),True,True,
6248929UL9164N,6248929,UL9164N,40.776746,-4.230229,637.0,EL ESPINAR,Residencial,CL,ECUADOR,1537,CL ECUADOR 1537 40400 EL ESPINAR (SEGOVIA),True,True,
6248930UL9164N,6248930,UL9164N,40.776853,-4.230209,637.0,EL ESPINAR,Residencial,CL,ECUADOR,1538,CL ECUADOR 1538 40400 EL ESPINAR (SEGOVIA),True,True,
6248931UL9164N,6248931,UL9164N,40.77696,-4.230189,635.0,EL ESPINAR,Residencial,CL,ECUADOR,1539,CL ECUADOR 1539 40400 EL ESPINAR (SEGOVIA),True,True,
6248932UL9164N,6248932,UL9164N,40.777066,-4.230162,618.0,EL ESPINAR,Residencial,CL,ECUADOR,1540,CL ECUADOR 1540 40400 EL ESPINAR (SEGOVIA),True,True,
6248933UL9164N,6248933,UL9164N,40.777236,-4.230142,1006.0,EL ESPINAR,Residencial,CL,ECUADOR,1541,CL ECUADOR 1541 40400 EL ESPINAR (SEGOVIA),True,True,
6248934UL9164N,6248934,UL9164N,40.777375,-4.230112,629.0,EL ESPINAR,Residencial,CL,ECUADOR,1542,CL ECUADOR 1542 40400 EL ESPINAR (SEGOVIA),True,True,
6248935UL9164N,6248935,UL9164N,40.777484,-4.230094,641.0,EL ESPINAR,Residencial,CL,ECUADOR,1543,CL ECUADOR 1543 40400 EL ESPINAR (SEGOVIA),True,True,
6248936UL9164N,6248936,UL9164N,40.777595,-4.230076,660.0,EL ESPINAR,Residencial,CL,ECUADOR,1544,CL ECUADOR 1544 40400 EL ESPINAR (SEGOVIA),True,True,
6248937UL9164N,6248937,UL9164N,40.777708,-4.230052,665.0,EL ESPINAR,Residencial,CL,ECUADOR,1545,CL ECUADOR 1545 40400 EL ESPINAR (SEGOVIA),True,True,
6248938UL9164N,6248938,UL9164N,40.77782,-4.230027,671.0,EL ESPINAR,Residencial,CL,ECUADOR,1546,CL ECUADOR 1546 40400 EL ESPINAR (SEGOVIA),True,True,
6248939UL9164N,6248939,UL9164N,40.777932,-4.23,684.0,EL ESPINAR,Residencial,CL,ECUADOR,1547,CL ECUADOR 1547 40400 EL ESPINAR (SEGOVIA),True,True,
6248940UL9164N,6248940,UL9164N,40.778043,-4.229965,686.0,EL ESPINAR,Residencial,CL,ECUADOR,1548,CL ECUADOR 1548 40400 EL ESPINAR (SEGOVIA),True,True,
6248941UL9164N,6248941,UL9164N,40.77815,-4.229915,662.0,EL ESPINAR,Residencial,CL,ECUADOR,1549,CL ECUADOR 1549 40400 EL ESPINAR (SEGOVIA),True,True,
6248942UL9164N,6248942,UL9164N,40.778258,-4.229864,644.0,EL ESPINAR,Residencial,CL,ECUADOR,1550,CL ECUADOR 1550 40400 EL ESPINAR (SEGOVIA),True,True,
6248943UL9164N,6248943,UL9164N,40.778364,-4.22981,626.0,EL ESPINAR,Residencial,CL,ECUADOR,1551,CL ECUADOR 1551 40400 EL ESPINAR (SEGOVIA),True,True,
6248944UL9164N,6248944,UL9164N,40.77847,-4.229756,619.0,EL ESPINAR,Residencial,CL,ECUADOR,1552,CL ECUADOR 1552 40400 EL ESPINAR (SEGOVIA),True,True,
6248945UL9164N,6248945,UL9164N,40.778573,-4.229698,589.0,EL ESPINAR,Residencial,CL,ECUADOR,1553,CL ECUADOR 1553 40400 EL ESPINAR (SEGOVIA),True,True,
6248946UL9164N,6248946,UL9164N,40.778673,-4.229643,576.0,EL ESPINAR,Residencial,CL,ECUADOR,1554,CL ECUADOR 1554 40400 EL ESPINAR (SEGOVIA),True,True,
6248947UL9164N,6248947,UL9164N,40.778779,-4.229594,614.0,EL ESPINAR,Residencial,CL,ECUADOR,1555,CL ECUADOR 1555 40400 EL ESPINAR (SEGOVIA),True,True,
6248948UL9164N,6248948,UL9164N,40.778882,-4.229531,586.0,EL ESPINAR,Residencial,CL,ECUADOR,1556,CL ECUADOR 1556 40400 EL ESPINAR (SEGOVIA),True,True,
6248949UL9164N,6248949,UL9164N,40.778985,-4.229444,718.0,EL ESPINAR,Residencial,CL,ECUADOR,1557,CL ECUADOR 1557 40400 EL ESPINAR (SEGOVIA),True,True,
6248950UL9164N,6248950,UL9164N,40.779099,-4.229349,791.0,EL ESPINAR,Residencial,CL,ECUADOR,1558,CL ECUADOR 1558 40400 EL ESPINAR (SEGOVIA),True,True,
6248951UL9164N,6248951,UL9164N,40.779212,-4.229247,897.0,EL ESPINAR,Residencial,CL,ECUADOR,1559,CL ECUADOR 1559 40400 EL ESPINAR (SEGOVIA),True,True,
6248952UL9164N,6248952,UL9164N,40.779353,-4.228741,438.0,EL ESPINAR,Residencial,CL,ECUADOR,1560,CL ECUADOR 1560 40400 EL ESPINAR (SEGOVIA),True,True,
6248953UL9164N,6248953,UL9164N,40.779367,-4.228906,401.0,EL ESPINAR,Residencial,AV,LOS ANGELES,1561,AV LOS ANGELES 1561 40424 EL ESPINAR (SEGOVIA),True,True,
6248954UL9164N,6248954,UL9164N,40.779393,-4.229054,424.0,EL ESPINAR,"Obras de urbanización y jardineria, suelos sin edificar",AV,LOS ANGELES,1562,AV LOS ANGELES 1562 Suelo 40400 EL ESPINAR (SEGOVIA),False,False,
6248955UL9164N,6248955,UL9164N,40.779419,-4.229203,425.0,EL ESPINAR,"Obras de urbanización y jardineria, suelos sin edificar",AV,LOS ANGELES,1563,AV LOS ANGELES 1563 Suelo 40400 EL ESPINAR (SEGOVIA),False,False,
6248956UL9164N,6248956,UL9164N,40.779444,-4.229353,422.0,EL ESPINAR,"Obras de urbanización y jardineria, suelos sin edificar",AV,LOS ANGELES,1564,AV LOS ANGELES 1564 Suelo 40424 EL ESPINAR (SEGOVIA),False,False,
6248957UL9164N,6248957,UL9164N,40.779468,-4.229504,412.0,EL ESPINAR,"Obras de urbanización y jardineria, suelos sin edificar",AV,LOS ANGELES,1565,AV LOS ANGELES 1565 Suelo 40424 EL ESPINAR (SEGOVIA),False,False,
6248958UL9164N,6248958,UL9164N,40.774167,-4.229751,434.0,EL ESPINAR,Residencial,CL,ECUADOR,1336,CL ECUADOR 1336 40400 EL ESPINAR (SEGOVIA),True,True,
6248959UL9164N,6248959,UL9164N,40.774044,-4.229738,354.0,EL ESPINAR,Residencial,CL,ECUADOR,1335,CL ECUADOR 1335 40400 EL ESPINAR (SEGOVIA),True,True,
6248960UL9164N,6248960,UL9164N,40.77393,-4.22972,361.0,EL ESPINAR,Residencial,CL,ECUADOR,1334,CL ECUADOR 1334 40400 EL ESPINAR (SEGOVIA),True,True,
6248961UL9164N,6248961,UL9164N,40.773815,-4.229718,357.0,EL ESPINAR,Residencial,CL,ECUADOR,1333,CL ECUADOR 1333 40400 EL ESPINAR (SEGOVIA),True,True,
6248962UL9164N,6248962,UL9164N,40.773706,-4.229712,346.0,EL ESPINAR,Residencial,CL,ECUADOR,1332,CL ECUADOR 1332 40400 EL ESPINAR (SEGOVIA),True,True,
6248963UL9164N,6248963,UL9164N,40.773599,-4.229709,364.0,EL ESPINAR,Residencial,CL,ECUADOR,1331,CL ECUADOR 1331 40400 EL ESPINAR (SEGOVIA),True,True,
6248964UL9164N,6248964,UL9164N,40.773386,-4.229686,444.0,EL ESPINAR,Residencial,CL,ECUADOR,1135,CL ECUADOR 1135 40400 EL ESPINAR (SEGOVIA),True,True,
6248965UL9164N,6248965,UL9164N,40.773256,-4.229666,386.0,EL ESPINAR,Residencial,CL,ECUADOR,1134,CL ECUADOR 1134 40400 EL ESPINAR (SEGOVIA),True,True,
6248966UL9164N,6248966,UL9164N,40.773135,-4.229653,381.0,EL ESPINAR,Almacen-Estacionamiento.Uso Industrial,CL,ECUADOR,1133,CL ECUADOR 1133 40400 EL ESPINAR (SEGOVIA),False,False,
6248967UL9164N,6248967,UL9164N,40.773016,-4.229666,384.0,EL ESPINAR,Residencial,CL,ECUADOR,1132,CL ECUADOR 1132 40400 EL ESPINAR (SEGOVIA),True,True,
6248968UL9164N,6248968,UL9164N,40.772911,-4.22967,416.0,EL ESPINAR,Residencial,CL,ECUADOR,1131,CL ECUADOR 1131 40400 EL ESPINAR (SEGOVIA),True,True,
6248969UL9164N,6248969,UL9164N,40.772803,-4.229654,404.0,EL ESPINAR,Residencial,CL,ECUADOR,1130,CL ECUADOR 1130 40400 EL ESPINAR (SEGOVIA),True,True,
6248970UL9164N,6248970,UL9164N,40.772689,-4.229645,437.0,EL ESPINAR,Residencial,CL,ECUADOR,1129,CL ECUADOR 1129 40400 EL ESPINAR (SEGOVIA),True,True,
6248971UL9164N,6248971,UL9164N,40.772791,-4.229924,542.0,EL ESPINAR,Residencial,CL,PAYSANDU,1128,CL PAYSANDU 1128 40400 EL ESPINAR (SEGOVIA),True,True,
6248972UL9164N,6248972,UL9164N,40.772767,-4.230063,544.0,EL ESPINAR,Residencial,CL,PAYSANDU,1127,CL PAYSANDU 1127(A) 40400 EL ESPINAR (SEGOVIA),True,True,
6248973UL9164N,6248973,UL9164N,40.777888,-4.231573,816.0,EL ESPINAR,"Obras de urbanización y jardineria, suelos sin edificar",CL,UNIDAD DE EJECUCION 4.10,1,CL UNIDAD DE EJECUCION 4.10 1 Suelo 40400 EL ESPINAR (SEGOVIA),False,False,
6248974UL9164N,6248974,UL9164N,40.777905,-4.231297,395.0,EL ESPINAR,"Obras de urbanización y jardineria, suelos sin edificar",CL,UNIDAD DE EJECUCION 4.10,3,CL UNIDAD DE EJECUCION 4.10 3 Suelo 40400 EL ESPINAR (SEGOVIA),False,False,
6248975UL9164N,6248975,UL9164N,40.777909,-4.231114,398.0,EL ESPINAR,"Obras de urbanización y jardineria, suelos sin edificar",CL,UNIDAD DE EJECUCION 4.10,5,CL UNIDAD DE EJECUCION 4.10 5 Suelo 40400 EL ESPINAR (SEGOVIA),False,False,
6248976UL9164N,6248976,UL9164N,40.777914,-4.23093,393.0,EL ESPINAR,"Obras de urbanización y jardineria, suelos sin edificar",CL,UNIDAD DE EJECUCION 4.10,7,CL UNIDAD DE EJECUCION 4.10 7 Suelo 40400 EL ESPINAR (SEGOVIA),False,False,
6248977UL9164N,6248977,UL9164N,40.77792,-4.230746,400.0,EL ESPINAR,"Obras de urbanización y jardineria, suelos sin edificar",CL,UNIDAD DE EJECUCION 4.10,9,CL UNIDAD DE EJECUCION 4.10 9 Suelo 40400 EL ESPINAR (SEGOVIA),False,False,
6248978UL9164N,6248978,UL9164N,40.777881,-4.230527,822.0,EL ESPINAR,"Obras de urbanización y jardineria, suelos sin edificar",CL,UNIDAD DE EJECUCION 4.10,11,CL UNIDAD DE EJECUCION 4.10 11 Suelo 40400 EL ESPINAR (SEGOVIA),False,False,
6248979UL9164N,6248979,UL9164N,40.777757,-4.230408,13.0,EL ESPINAR,"Obras de urbanización y jardineria, suelos sin edificar",CL,UNIDAD DE EJECUCION 4.10,13,CL UNIDAD DE EJECUCION 4.10 13(D) Suelo 40400 EL ESPINAR (SEGOVIA),False,False,
6248980UL9164N,6248980,UL9164N,40.777688,-4.230543,403.0,EL ESPINAR,"Obras de urbanización y jardineria, suelos sin edificar",CL,UNIDAD DE EJECUCION 4.10,13,CL UNIDAD DE EJECUCION 4.10 13 Suelo 40400 EL ESPINAR (SEGOVIA),False,False,
6248981UL9164N,6248981,UL9164N,40.777546,-4.230566,414.0,EL ESPINAR,"Obras de urbanización y jardineria, suelos sin edificar",CL,UNIDAD DE EJECUCION 4.10,15,CL UNIDAD DE EJECUCION 4.10 15 Suelo 40400 EL ESPINAR (SEGOVIA),False,False,
6248982UL9164N,6248982,UL9164N,40.777406,-4.230603,423.0,EL ESPINAR,"Obras de urbanización y jardineria, suelos sin edificar",CL,UNIDAD DE EJECUCION 4.10,17,CL UNIDAD DE EJECUCION 4.10 17 Suelo 40400 EL ESPINAR (SEGOVIA),False,False,
6248983UL9164N,6248983,UL9164N,40.777308,-4.230693,459.0,EL ESPINAR,"Obras de urbanización y jardineria, suelos sin edificar",CL,UNIDAD DE EJECUCION 4.10,19,CL UNIDAD DE EJECUCION 4.10 19 Suelo 40400 EL ESPINAR (SEGOVIA),False,False,
6248984UL9164N,6248984,UL9164N,40.7773,-4.230893,390.0,EL ESPINAR,"Obras de urbanización y jardineria, suelos sin edificar",CL,UNIDAD DE EJECUCION 4.10,21,CL UNIDAD DE EJECUCION 4.10 21 Suelo 40400 EL ESPINAR (SEGOVIA),False,False,
6248985UL9164N,6248985,UL9164N,40.777294,-4.231079,390.0,EL ESPINAR,"Obras de urbanización y jardineria, suelos sin edificar",CL,UNIDAD DE EJECUCION 4.10,23,CL UNIDAD DE EJECUCION 4.10 23 Suelo 40400 EL ESPINAR (SEGOVIA),False,False,
6248986UL9164N,6248986,UL9164N,40.777289,-4.231264,385.0,EL ESPINAR,"Obras de urbanización y jardineria, suelos sin edificar",CL,UNIDAD DE EJECUCION 4.10,25,CL UNIDAD DE EJECUCION 4.10 25 Suelo 40400 EL ESPINAR (SEGOVIA),False,False,
6248987UL9164N,6248987,UL9164N,40.777289,-4.231542,795.0,EL ESPINAR,"Obras de urbanización y jardineria, suelos sin edificar",CL,UNIDAD DE EJECUCION 4.10,27,CL UNIDAD DE EJECUCION 4.10 27 Suelo 40400 EL ESPINAR (SEGOVIA),False,False,
6248988UL9164N,6248988,UL9164N,40.777591,-4.231558,808.0,EL ESPINAR,"Obras de urbanización y jardineria, suelos sin edificar",CL,UNIDAD DE EJECUCION 4.10,2,CL UNIDAD DE EJECUCION 4.10 2 Suelo 40400 EL ESPINAR (SEGOVIA),False,False,
6248989UL9164N,6248989,UL9164N,40.777599,-4.231282,395.0,EL ESPINAR,"Obras de urbanización y jardineria, suelos sin edificar",CL,UNIDAD DE EJECUCION 4.10,4,CL UNIDAD DE EJECUCION 4.10 4 Suelo 40400 EL ESPINAR (SEGOVIA),False,False,
6248990UL9164N,6248990,UL9164N,40.77761,-4.231006,813.0,EL ESPINAR,"Obras de urbanización y jardineria, suelos sin edificar",CL,UNIDAD DE EJECUCION 4.10,6,CL UNIDAD DE EJECUCION 4.10 6 Suelo 40400 EL ESPINAR (SEGOVIA),False,False,
62489A0UL9164N,62489A0,UL9164N,40.774877,-4.230945,1624.0,EL ESPINAR,"Obras de urbanización y jardineria, suelos sin edificar",CL,ECUADOR,,CL ECUADOR  Suelo 40400 EL ESPINAR (SEGOVIA),False,False,
6252101UL9165S,6252101,UL9165S,40.780843,-4.231233,1405.0,VEGAS DE MATUTE,"Obras de urbanización y jardineria, suelos sin edificar",AV,VALLADOLID,,AV VALLADOLID  Suelo 40423 VEGAS DE MATUTE (SEGOVIA),False,False,
6252102UL9165S,6252102,UL9165S,40.780778,-4.231768,224.0,VEGAS DE MATUTE,"Obras de urbanización y jardineria, suelos sin edificar",AV,VALLADOLID,,AV VALLADOLID  Suelo 40423 VEGAS DE MATUTE (SEGOVIA),False,False,
6252103UL9165S,6252103,UL9165S,40.780826,-4.231601,221.0,VEGAS DE MATUTE,"Obras de urbanización y jardineria, suelos sin edificar",AV,VALLADOLID,,AV VALLADOLID  Suelo 40423 VEGAS DE MATUTE (SEGOVIA),False,False,
6252104UL9165S,6252104,UL9165S,40.780874,-4.231434,222.0,VEGAS DE MATUTE,"Obras de urbanización y jardineria, suelos sin edificar",AV,VALLADOLID,,AV VALLADOLID  Suelo 40423 VEGAS DE MATUTE (SEGOVIA),False,False,
6252105UL9165S,6252105,UL9165S,40.780923,-4.231271,220.0,VEGAS DE MATUTE,"Obras de urbanización y jardineria, suelos sin edificar",AV,VALLADOLID,,AV VALLADOLID  Suelo 40423 VEGAS DE MATUTE (SEGOVIA),False,False,
6252106UL9165S,6252106,UL9165S,40.780972,-4.231114,226.0,VEGAS DE MATUTE,"Obras de urbanización y jardineria, suelos sin edificar",AV,VALLADOLID,,AV VALLADOLID  Suelo 40423 VEGAS DE MATUTE (SEGOVIA),False,False,
6252107UL9165S,6252107,UL9165S,40.78102,-4.230966,221.0,VEGAS DE MATUTE,"Obras de urbanización y jardineria, suelos sin edificar",AV,VALLADOLID,,AV VALLADOLID  Suelo 40423 VEGAS DE MATUTE (SEGOVIA),False,False,
6252108UL9165S,6252108,UL9165S,40.781065,-4.230827,226.0,VEGAS DE MATUTE,"Obras de urbanización y jardineria, suelos sin edificar",AV,VALLADOLID,,AV VALLADOLID  Suelo 40423 VEGAS DE MATUTE (SEGOVIA),False,False,
6252109UL9165S,6252109,UL9165S,40.781109,-4.230695,227.0,VEGAS DE MATUTE,"Obras de urbanización y jardineria, suelos sin edificar",AV,VALLADOLID,,AV VALLADOLID  Suelo 40423 VEGAS DE MATUTE (SEGOVIA),False,False,
6252110UL9165S,6252110,UL9165S,40.781149,-4.230572,221.0,VEGAS DE MATUTE,"Obras de urbanización y jardineria, suelos sin edificar",AV,VALLADOLID,,AV VALLADOLID  Suelo 40423 VEGAS DE MATUTE (SEGOVIA),False,False,
6252111UL9165S,6252111,UL9165S,40.781188,-4.230455,223.0,VEGAS DE MATUTE,"Obras de urbanización y jardineria, suelos sin edificar",AV,VALLADOLID,,AV VALLADOLID  Suelo 40423 VEGAS DE MATUTE (SEGOVIA),False,False,
6252112UL9165S,6252112,UL9165S,40.781224,-4.230344,222.0,VEGAS DE MATUTE,"Obras de urbanización y jardineria, suelos sin edificar",AV,VALLADOLID,,AV VALLADOLID  Suelo 40423 VEGAS DE MATUTE (SEGOVIA),False,False,
6252113UL9165S,6252113,UL9165S,40.78126,-4.230237,224.0,VEGAS DE MATUTE,"Obras de urbanización y jardineria, suelos sin edificar",AV,VALLADOLID,,AV VALLADOLID  Suelo 40423 VEGAS DE MATUTE (SEGOVIA),False,False,
6252114UL9165S,6252114,UL9165S,40.781293,-4.230133,223.0,VEGAS DE MATUTE,"Obras de urbanización y jardineria, suelos sin edificar",AV,VALLADOLID,,AV VALLADOLID  Suelo 40423 VEGAS DE MATUTE (SEGOVIA),False,False,
6252115UL9165S,6252115,UL9165S,40.781326,-4.230034,223.0,VEGAS DE MATUTE,"Obras de urbanización y jardineria, suelos sin edificar",AV,VALLADOLID,,AV VALLADOLID  Suelo 40423 VEGAS DE MATUTE (SEGOVIA),False,False,
6252116UL9165S,6252116,UL9165S,40.781357,-4.229935,227.0,VEGAS DE MATUTE,"Obras de urbanización y jardineria, suelos sin edificar",AV,VALLADOLID,,AV VALLADOLID  Suelo 40423 VEGAS DE MATUTE (SEGOVIA),False,False,
6252117UL9165S,6252117,UL9165S,40.781387,-4.229836,227.0,VEGAS DE MATUTE,"Obras de urbanización y jardineria, suelos sin edificar",UR,ANGELES DE SAN RAFAEL,,UR ANGELES DE SAN RAFAEL  Suelo 40423 VEGAS DE MATUTE (SEGOVIA),False,False,
6252118UL9165S,6252118,UL9165S,40.781421,-4.229737,233.0,VEGAS DE MATUTE,"Obras de urbanización y jardineria, suelos sin edificar",AV,VALLADOLID,,AV VALLADOLID  Suelo 40423 VEGAS DE MATUTE (SEGOVIA),False,False,
6252119UL9165S,6252119,UL9165S,40.781458,-4.22958,439.0,VEGAS DE MATUTE,"Obras de urbanización y jardineria, suelos sin edificar",AV,VALLADOLID,,AV VALLADOLID  Suelo 40423 VEGAS DE MATUTE (SEGOVIA),False,False,
6252120UL9165S,6252120,UL9165S,40.781506,-4.229368,407.0,VEGAS DE MATUTE,"Obras de urbanización y jardineria, suelos sin edificar",AV,VALLADOLID,,AV VALLADOLID  Suelo 40423 VEGAS DE MATUTE (SEGOVIA),False,False,
6252121UL9165S,6252121,UL9165S,40.781561,-4.229131,422.0,VEGAS DE MATUTE,"Obras de urbanización y jardineria, suelos sin edificar",AV,VALLADOLID,,AV VALLADOLID  Suelo 40423 VEGAS DE MATUTE (SEGOVIA),False,False,
6252122UL9165S,6252122,UL9165S,40.781628,-4.228845,409.0,VEGAS DE MATUTE,"Obras de urbanización y jardineria, suelos sin edificar",AV,VALLADOLID,,AV VALLADOLID  Suelo 40423 VEGAS DE MATUTE (SEGOVIA),False,False,
6252123UL9165S,6252123,UL9165S,40.781765,-4.227779,4659.0,VEGAS DE MATUTE,"Obras de urbanización y jardineria, suelos sin edificar",AV,VALLADOLID,,AV VALLADOLID  Suelo 40423 VEGAS DE MATUTE (SEGOVIA),False,False,
6252124UL9165S,6252124,UL9165S,40.782215,-4.226797,2457.0,VEGAS DE MATUTE,"Obras de urbanización y jardineria, suelos sin edificar",AV,VALLADOLID,,AV VALLADOLID  Suelo 40423 VEGAS DE MATUTE (SEGOVIA),False,False,
6252601UL9165S,6252601,UL9165S,40.779904,-4.230466,643.0,EL ESPINAR,"Obras de urbanización y jardineria, suelos sin edificar",CL,VEGAS DE MATUTE,22,CL VEGAS DE MATUTE 22 Suelo 40400 EL ESPINAR (SEGOVIA),False,False,
6252602UL9165S,6252602,UL9165S,40.779885,-4.230286,515.0,EL ESPINAR,"Obras de urbanización y jardineria, suelos sin edificar",CL,VEGAS DE MATUTE,23,CL VEGAS DE MATUTE 23 Suelo 40400 EL ESPINAR (SEGOVIA),False,False,
6252603UL9165S,6252603,UL9165S,40.779867,-4.230108,408.0,EL ESPINAR,"Obras de urbanización y jardineria, suelos sin edificar",CL,VEGAS DE MATUTE,24,CL VEGAS DE MATUTE 24 Suelo 40400 EL ESPINAR (SEGOVIA),False,False,
6252604UL9165S,6252604,UL9165S,40.77984,-4.229829,558.0,EL ESPINAR,"Obras de urbanización y jardineria, suelos sin edificar",CL,VEGAS DE MATUTE,25,CL VEGAS DE MATUTE 25 Suelo 40400 EL ESPINAR (SEGOVIA),False,False,
6252605UL9165S,6252605,UL9165S,40.779806,-4.229498,13.0,EL ESPINAR,"Obras de urbanización y jardineria, suelos sin edificar",CL,VEGAS DE MATUTE,1,CL VEGAS DE MATUTE 1(C) Suelo 40400 EL ESPINAR (SEGOVIA),False,False,
6253701UL9165S,6253701,UL9165S,40.780309,-4.230498,156.0,EL ESPINAR,"Obras de urbanización y jardineria, suelos sin edificar",CL,VEGAS DE MATUTE,237,CL VEGAS DE MATUTE 237 Suelo EL ESPINAR (SEGOVIA),False,False,
6255701UL9165N,6255701,UL9165N,40.785996,-4.231161,2741.0,VEGAS DE MATUTE,"Obras de urbanización y jardineria, suelos sin edificar",AV,SALAMANCA,0,AV SALAMANCA  Suelo 40423 VEGAS DE MATUTE (SEGOVIA),False,False,
6255702UL9165N,6255702,UL9165N,40.785771,-4.230723,464.0,VEGAS DE MATUTE,"Obras de urbanización y jardineria, suelos sin edificar",CL,LEDESMA,36,CL LEDESMA 36 Suelo 40423 VEGAS DE MATUTE (SEGOVIA),False,False,
6255703UL9165N,6255703,UL9165N,40.785675,-4.230653,456.0,VEGAS DE MATUTE,"Obras de urbanización y jardineria, suelos sin edificar",CL,LEDESMA,35,CL LEDESMA 35 Suelo 40423 VEGAS DE MATUTE (SEGOVIA),False,False,
6255704UL9165N,6255704,UL9165N,40.785581,-4.230584,455.0,VEGAS DE MATUTE,"Obras de urbanización y jardineria, suelos sin edificar",CL,LEDESMA,34,CL LEDESMA 34 Suelo 40423 VEGAS DE MATUTE (SEGOVIA),False,False,
6255705UL9165N,6255705,UL9165N,40.785487,-4.230514,455.0,VEGAS DE MATUTE,"Obras de urbanización y jardineria, suelos sin edificar",CL,LEDESMA,33,CL LEDESMA 33 Suelo 40423 VEGAS DE MATUTE (SEGOVIA),False,False,
6255706UL9165N,6255706,UL9165N,40.785393,-4.230443,454.0,VEGAS DE MATUTE,"Obras de urbanización y jardineria, suelos sin edificar",CL,LEDESMA,32,CL LEDESMA 32 Suelo 40423 VEGAS DE MATUTE (SEGOVIA),False,False,
6255707UL9165N,6255707,UL9165N,40.7853,-4.230371,456.0,VEGAS DE MATUTE,"Obras de urbanización y jardineria, suelos sin edificar",CL,LEDESMA,31,CL LEDESMA 31 Suelo 40423 VEGAS DE MATUTE (SEGOVIA),False,False,
6255708UL9165N,6255708,UL9165N,40.785207,-4.230298,461.0,VEGAS DE MATUTE,"Obras de urbanización y jardineria, suelos sin edificar",CL,LEDESMA,30,CL LEDESMA 30 Suelo 40423 VEGAS DE MATUTE (SEGOVIA),False,False,
6255709UL9165N,6255709,UL9165N,40.785103,-4.230228,542.0,VEGAS DE MATUTE,"Obras de urbanización y jardineria, suelos sin edificar",CL,LEDESMA,29,CL LEDESMA 29 Suelo 40423 VEGAS DE MATUTE (SEGOVIA),False,False,
6255710UL9165N,6255710,UL9165N,40.78501,-4.230136,475.0,VEGAS DE MATUTE,"Obras de urbanización y jardineria, suelos sin edificar",CL,LEDESMA,28,CL LEDESMA 28 Suelo 40423 VEGAS DE MATUTE (SEGOVIA),False,False,
6255711UL9165N,6255711,UL9165N,40.784924,-4.23005,467.0,VEGAS DE MATUTE,"Obras de urbanización y jardineria, suelos sin edificar",CL,LEDESMA,27,CL LEDESMA 27 Suelo 40423 VEGAS DE MATUTE (SEGOVIA),False,False,
6255712UL9165N,6255712,UL9165N,40.784837,-4.229964,461.0,VEGAS DE MATUTE,"Obras de urbanización y jardineria, suelos sin edificar",CL,LEDESMA,26,CL LEDESMA 26 Suelo 40423 VEGAS DE MATUTE (SEGOVIA),False,False,
6255713UL9165N,6255713,UL9165N,40.784752,-4.229877,457.0,VEGAS DE MATUTE,"Obras de urbanización y jardineria, suelos sin edificar",CL,LEDESMA,25,CL LEDESMA 25 Suelo 40423 VEGAS DE MATUTE (SEGOVIA),False,False,
6255714UL9165N,6255714,UL9165N,40.784648,-4.229789,578.0,VEGAS DE MATUTE,"Obras de urbanización y jardineria, suelos sin edificar",CL,LEDESMA,24,CL LEDESMA 24 Suelo 40423 VEGAS DE MATUTE (SEGOVIA),False,False,
6255715UL9165N,6255715,UL9165N,40.78456,-4.229676,461.0,VEGAS DE MATUTE,"Obras de urbanización y jardineria, suelos sin edificar",CL,LEDESMA,23,CL LEDESMA 23 Suelo 40423 VEGAS DE MATUTE (SEGOVIA),False,False,
6255716UL9165N,6255716,UL9165N,40.784477,-4.229585,466.0,VEGAS DE MATUTE,"Obras de urbanización y jardineria, suelos sin edificar",CL,LEDESMA,22,CL LEDESMA 22 Suelo 40423 VEGAS DE MATUTE (SEGOVIA),False,False,
6255717UL9165N,6255717,UL9165N,40.784394,-4.229494,474.0,VEGAS DE MATUTE,"Obras de urbanización y jardineria, suelos sin edificar",CL,LEDESMA,21,CL LEDESMA 21 Suelo 40423 VEGAS DE MATUTE (SEGOVIA),False,False,
6255718UL9165N,6255718,UL9165N,40.784312,-4.229402,485.0,VEGAS DE MATUTE,"Obras de urbanización y jardineria, suelos sin edificar",CL,LEDESMA,20,CL LEDESMA 20 Suelo 40423 VEGAS DE MATUTE (SEGOVIA),False,False,
6255719UL9165N,6255719,UL9165N,40.78423,-4.229308,498.0,VEGAS DE MATUTE,"Obras de urbanización y jardineria, suelos sin edificar",CL,LEDESMA,19,CL LEDESMA 19 Suelo 40423 VEGAS DE MATUTE (SEGOVIA),False,False,
6255720UL9165N,6255720,UL9165N,40.784125,-4.229193,779.0,VEGAS DE MATUTE,"Obras de urbanización y jardineria, suelos sin edificar",CL,LEDESMA,18,CL LEDESMA 18 Suelo 40423 VEGAS DE MATUTE (SEGOVIA),False,False,
6255721UL9165N,6255721,UL9165N,40.784042,-4.229045,487.0,VEGAS DE MATUTE,"Obras de urbanización y jardineria, suelos sin edificar",CL,LEDESMA,17,CL LEDESMA 17 Suelo 40423 VEGAS DE MATUTE (SEGOVIA),False,False,
6255722UL9165N,6255722,UL9165N,40.783974,-4.228935,463.0,VEGAS DE MATUTE,"Obras de urbanización y jardineria, suelos sin edificar",CL,LEDESMA,16,CL LEDESMA 16 Suelo 40423 VEGAS DE MATUTE (SEGOVIA),False,False,
6255723UL9165N,6255723,UL9165N,40.783906,-4.228823,448.0,VEGAS DE MATUTE,"Obras de urbanización y jardineria, suelos sin edificar",CL,LEDESMA,15,CL LEDESMA 15 Suelo 40423 VEGAS DE MATUTE (SEGOVIA),False,False,
6255724UL9165N,6255724,UL9165N,40.783839,-4.228711,438.0,VEGAS DE MATUTE,"Obras de urbanización y jardineria, suelos sin edificar",CL,LEDESMA,14,CL LEDESMA 14 Suelo 40423 VEGAS DE MATUTE (SEGOVIA),False,False,
6255725UL9165N,6255725,UL9165N,40.783771,-4.228599,430.0,VEGAS DE MATUTE,"Obras de urbanización y jardineria, suelos sin edificar",CL,LEDESMA,13,CL LEDESMA 13 Suelo 40423 VEGAS DE MATUTE (SEGOVIA),False,False,
6255726UL9165N,6255726,UL9165N,40.783703,-4.228489,432.0,VEGAS DE MATUTE,"Obras de urbanización y jardineria, suelos sin edificar",CL,LEDESMA,12,CL LEDESMA 12 Suelo 40423 VEGAS DE MATUTE (SEGOVIA),False,False,
6255727UL9165N,6255727,UL9165N,40.783635,-4.228378,437.0,VEGAS DE MATUTE,"Obras de urbanización y jardineria, suelos sin edificar",CL,LEDESMA,11,CL LEDESMA 11 Suelo 40423 VEGAS DE MATUTE (SEGOVIA),False,False,
6255728UL9165N,6255728,UL9165N,40.783546,-4.228258,593.0,VEGAS DE MATUTE,"Obras de urbanización y jardineria, suelos sin edificar",CL,LEDESMA,10,CL LEDESMA 10 Suelo 40423 VEGAS DE MATUTE (SEGOVIA),False,False,
6255729UL9165N,6255729,UL9165N,40.783481,-4.228116,462.0,VEGAS DE MATUTE,"Obras de urbanización y jardineria, suelos sin edificar",CL,LEDESMA,9,CL LEDESMA 9 Suelo 40423 VEGAS DE MATUTE (SEGOVIA),False,False,
6255730UL9165N,6255730,UL9165N,40.783418,-4.228,468.0,VEGAS DE MATUTE,"Obras de urbanización y jardineria, suelos sin edificar",CL,LEDESMA,8,CL LEDESMA 8 Suelo 40423 VEGAS DE MATUTE (SEGOVIA),False,False,
6255731UL9165N,6255731,UL9165N,40.783359,-4.227881,469.0,VEGAS DE MATUTE,"Obras de urbanización y jardineria, suelos sin edificar",CL,LEDESMA,7,CL LEDESMA 7 Suelo 40423 VEGAS DE MATUTE (SEGOVIA),False,False,
6255732UL9165N,6255732,UL9165N,40.7833,-4.227761,472.0,VEGAS DE MATUTE,"Obras de urbanización y jardineria, suelos sin edificar",CL,LEDESMA,6,CL LEDESMA 6 Suelo 40423 VEGAS DE MATUTE (SEGOVIA),False,False,
6255733UL9165N,6255733,UL9165N,40.783243,-4.22764,477.0,VEGAS DE MATUTE,"Obras de urbanización y jardineria, suelos sin edificar",CL,LEDESMA,5,CL LEDESMA 5 Suelo 40423 VEGAS DE MATUTE (SEGOVIA),False,False,
6255734UL9165N,6255734,UL9165N,40.783187,-4.227519,483.0,VEGAS DE MATUTE,"Obras de urbanización y jardineria, suelos sin edificar",CL,LEDESMA,4,CL LEDESMA 4 Suelo 40423 VEGAS DE MATUTE (SEGOVIA),False,False,
6255735UL9165N,6255735,UL9165N,40.783132,-4.227396,491.0,VEGAS DE MATUTE,"Obras de urbanización y jardineria, suelos sin edificar",CL,LEDESMA,3,CL LEDESMA 3 Suelo 40423 VEGAS DE MATUTE (SEGOVIA),False,False,
6255736UL9165N,6255736,UL9165N,40.783078,-4.227273,500.0,VEGAS DE MATUTE,"Obras de urbanización y jardineria, suelos sin edificar",CL,LEDESMA,2,CL LEDESMA 2 Suelo 40423 VEGAS DE MATUTE (SEGOVIA),False,False,
6255737UL9165N,6255737,UL9165N,40.783026,-4.227149,511.0,VEGAS DE MATUTE,"Obras de urbanización y jardineria, suelos sin edificar",CL,LEDESMA,1,CL LEDESMA 1 Suelo 40423 VEGAS DE MATUTE (SEGOVIA),False,False,
6255738UL9165N,6255738,UL9165N,40.78305,-4.226837,436.0,VEGAS DE MATUTE,"Obras de urbanización y jardineria, suelos sin edificar",AV,VALLADOLID,83,AV VALLADOLID 83 Suelo 40423 VEGAS DE MATUTE (SEGOVIA),False,False,
6255739UL9165N,6255739,UL9165N,40.782943,-4.226911,416.0,VEGAS DE MATUTE,"Obras de urbanización y jardineria, suelos sin edificar",AV,VALLADOLID,82,AV VALLADOLID 82 Suelo 40423 VEGAS DE MATUTE (SEGOVIA),False,False,
6255740UL9165N,6255740,UL9165N,40.782824,-4.226997,546.0,VEGAS DE MATUTE,"Obras de urbanización y jardineria, suelos sin edificar",AV,VALLADOLID,81,AV VALLADOLID 81 Suelo 40423 VEGAS DE MATUTE (SEGOVIA),False,False,
6255741UL9165N,6255741,UL9165N,40.785876,-4.230852,575.0,VEGAS DE MATUTE,"Obras de urbanización y jardineria, suelos sin edificar",AV,SALAMANCA,37,AV SALAMANCA 37 Suelo 40423 VEGAS DE MATUTE (SEGOVIA),False,False,
6348201UL9164N,6348201,UL9164N,40.774624,-4.230186,453.0,EL ESPINAR,Residencial,CL,ECUADOR,1343,CL ECUADOR 1343 40400 EL ESPINAR (SEGOVIA),True,True,
6348202UL9164N,6348202,UL9164N,40.774494,-4.230042,445.0,EL ESPINAR,Residencial,CL,ECUADOR,1342,CL ECUADOR 1342 40400 EL ESPINAR (SEGOVIA),True,True,
6348203UL9164N,6348203,UL9164N,40.774381,-4.229886,472.0,EL ESPINAR,Residencial,CL,COLOMBIA,1341,CL COLOMBIA 1341 40400 EL ESPINAR (SEGOVIA),True,True,
6348204UL9164N,6348204,UL9164N,40.774448,-4.230265,565.0,EL ESPINAR,Residencial,CL,PARAGUAY,1340,CL PARAGUAY 1340 40400 EL ESPINAR (SEGOVIA),True,True,
6348205UL9164N,6348205,UL9164N,40.77441,-4.230403,511.0,EL ESPINAR,Residencial,CL,PARAGUAY,1339,CL PARAGUAY 1339 40400 EL ESPINAR (SEGOVIA),True,True,
6348206UL9164N,6348206,UL9164N,40.774374,-4.23054,445.0,EL ESPINAR,Residencial,CL,PARAGUAY,1338,CL PARAGUAY 1338 40400 EL ESPINAR (SEGOVIA),True,True,
6348207UL9164N,6348207,UL9164N,40.774342,-4.230689,418.0,EL ESPINAR,Residencial,CL,PARAGUAY,1337,CL PARAGUAY 1337 40400 EL ESPINAR (SEGOVIA),True,True,
6349401UL9164N,6349401,UL9164N,40.779218,-4.228498,439.0,EL ESPINAR,Residencial,CL,ECUADOR,1477,CL ECUADOR 1477 40400 EL ESPINAR (SEGOVIA),True,True,
6349402UL9164N,6349402,UL9164N,40.779179,-4.228347,402.0,EL ESPINAR,Residencial,AV,LOS ANGELES,1476,AV LOS ANGELES 1476 40400 EL ESPINAR (SEGOVIA),True,True,
6349403UL9164N,6349403,UL9164N,40.779083,-4.228257,535.0,EL ESPINAR,Residencial,AV,LOS ANGELES,1475,AV LOS ANGELES 1475 40424 EL ESPINAR (SEGOVIA),True,True,
6349404UL9164N,6349404,UL9164N,40.779036,-4.228131,513.0,EL ESPINAR,Residencial,AV,LOS ANGELES,1474,AV LOS ANGELES 1474 40424 EL ESPINAR (SEGOVIA),True,True,
6349405UL9164N,6349405,UL9164N,40.779022,-4.227975,383.0,EL ESPINAR,Residencial,AV,LOS ANGELES,1473,AV LOS ANGELES 1473 40424 EL ESPINAR (SEGOVIA),True,True,
6349406UL9164N,6349406,UL9164N,40.778964,-4.227843,394.0,EL ESPINAR,Residencial,CL,PARAGUAY,1472,CL PARAGUAY 1472 40400 EL ESPINAR (SEGOVIA),True,True,
6349407UL9164N,6349407,UL9164N,40.778825,-4.22802,392.0,EL ESPINAR,Residencial,CL,PARAGUAY,1471,CL PARAGUAY 1471 40400 EL ESPINAR (SEGOVIA),True,True,
6349408UL9164N,6349408,UL9164N,40.778727,-4.228078,420.0,EL ESPINAR,Residencial,CL,PARAGUAY,1470,CL PARAGUAY 1470 40400 EL ESPINAR (SEGOVIA),True,True,
6349409UL9164N,6349409,UL9164N,40.778625,-4.228123,418.0,EL ESPINAR,Residencial,CL,PARAGUAY,1469,CL PARAGUAY 1469 40400 EL ESPINAR (SEGOVIA),True,True,
6349410UL9164N,6349410,UL9164N,40.778523,-4.228169,418.0,EL ESPINAR,Residencial,CL,PARAGUAY,1468,CL PARAGUAY 1468 40400 EL ESPINAR (SEGOVIA),True,True,
6349411UL9164N,6349411,UL9164N,40.77842,-4.228214,417.0,EL ESPINAR,Residencial,CL,PARAGUAY,1467,CL PARAGUAY 1467 40400 EL ESPINAR (SEGOVIA),True,True,
6349412UL9164N,6349412,UL9164N,40.778318,-4.22826,416.0,EL ESPINAR,Residencial,CL,PARAGUAY,1466,CL PARAGUAY 1466 40400 EL ESPINAR (SEGOVIA),True,True,
6349413UL9164N,6349413,UL9164N,40.778215,-4.228306,416.0,EL ESPINAR,Residencial,CL,PARAGUAY,1465,CL PARAGUAY 1465 40400 EL ESPINAR (SEGOVIA),True,True,
6349414UL9164N,6349414,UL9164N,40.778113,-4.228351,415.0,EL ESPINAR,Residencial,CL,PARAGUAY,1464,CL PARAGUAY 1464 40400 EL ESPINAR (SEGOVIA),True,True,
6349415UL9164N,6349415,UL9164N,40.778011,-4.228397,415.0,EL ESPINAR,Residencial,CL,PARAGUAY,1463,CL PARAGUAY 1463 40400 EL ESPINAR (SEGOVIA),True,True,
6349416UL9164N,6349416,UL9164N,40.777908,-4.228443,414.0,EL ESPINAR,Residencial,CL,PARAGUAY,1462,CL PARAGUAY 1462 40400 EL ESPINAR (SEGOVIA),True,True,
6349417UL9164N,6349417,UL9164N,40.777806,-4.228488,413.0,EL ESPINAR,Residencial,CL,PARAGUAY,1461,CL PARAGUAY 1461 40400 EL ESPINAR (SEGOVIA),True,True,
6349418UL9164N,6349418,UL9164N,40.777704,-4.228534,413.0,EL ESPINAR,Residencial,CL,PARAGUAY,1460,CL PARAGUAY 1460 40400 EL ESPINAR (SEGOVIA),True,True,
6349419UL9164N,6349419,UL9164N,40.777601,-4.228579,412.0,EL ESPINAR,Residencial,CL,PARAGUAY,1459,CL PARAGUAY 1459 40400 EL ESPINAR (SEGOVIA),True,True,
6349420UL9164N,6349420,UL9164N,40.777499,-4.228625,411.0,EL ESPINAR,Residencial,CL,PARAGUAY,1458,CL PARAGUAY 1458 40400 EL ESPINAR (SEGOVIA),True,True,
6349421UL9164N,6349421,UL9164N,40.777395,-4.228674,430.0,EL ESPINAR,Residencial,CL,PARAGUAY,1457,CL PARAGUAY 1457 40400 EL ESPINAR (SEGOVIA),True,True,
6349422UL9164N,6349422,UL9164N,40.777286,-4.228722,444.0,EL ESPINAR,Residencial,CL,PARAGUAY,1456,CL PARAGUAY 1456 40400 EL ESPINAR (SEGOVIA),True,True,
6349423UL9164N,6349423,UL9164N,40.777175,-4.22876,445.0,EL ESPINAR,Residencial,CL,PARAGUAY,1455,CL PARAGUAY 1455 40400 EL ESPINAR (SEGOVIA),True,True,
6349424UL9164N,6349424,UL9164N,40.777061,-4.228794,450.0,EL ESPINAR,Residencial,CL,PARAGUAY,1454,CL PARAGUAY 1454 40400 EL ESPINAR (SEGOVIA),True,True,
6349425UL9164N,6349425,UL9164N,40.776935,-4.228857,466.0,EL ESPINAR,Residencial,CL,PARAGUAY,1453,CL PARAGUAY 1453 40400 EL ESPINAR (SEGOVIA),True,True,
6349426UL9164N,6349426,UL9164N,40.776838,-4.228911,557.0,EL ESPINAR,Residencial,CL,PARAGUAY,1452,CL PARAGUAY 1452 40400 EL ESPINAR (SEGOVIA),True,True,
6349427UL9164N,6349427,UL9164N,40.776732,-4.228936,555.0,EL ESPINAR,Residencial,CL,PARAGUAY,1451,CL PARAGUAY 1451 40400 EL ESPINAR (SEGOVIA),True,True,
6349428UL9164N,6349428,UL9164N,40.776625,-4.22896,551.0,EL ESPINAR,Residencial,CL,PARAGUAY,1450,CL PARAGUAY 1450 BUZON 865 40400 EL ESPINAR (SEGOVIA),True,True,
6349429UL9164N,6349429,UL9164N,40.776519,-4.228984,549.0,EL ESPINAR,Residencial,CL,PARAGUAY,1449,CL PARAGUAY 1449 40400 EL ESPINAR (SEGOVIA),True,True,
6349430UL9164N,6349430,UL9164N,40.776412,-4.229008,545.0,EL ESPINAR,Residencial,CL,PARAGUAY,1448,CL PARAGUAY 1448 40400 EL ESPINAR (SEGOVIA),True,True,
6349431UL9164N,6349431,UL9164N,40.776306,-4.229032,541.0,EL ESPINAR,Residencial,CL,PARAGUAY,1447,CL PARAGUAY 1447 40400 EL ESPINAR (SEGOVIA),True,True,
6349432UL9164N,6349432,UL9164N,40.776199,-4.229056,538.0,EL ESPINAR,Residencial,CL,PARAGUAY,1446,CL PARAGUAY 1446 40400 EL ESPINAR (SEGOVIA),True,True,
6349433UL9164N,6349433,UL9164N,40.776093,-4.22908,535.0,EL ESPINAR,Residencial,CL,PARAGUAY,1445,CL PARAGUAY 1445 40400 EL ESPINAR (SEGOVIA),True,True,
6349434UL9164N,6349434,UL9164N,40.775986,-4.229104,531.0,EL ESPINAR,Residencial,CL,PARAGUAY,1444,CL PARAGUAY 1444 40400 EL ESPINAR (SEGOVIA),True,True,
6349435UL9164N,6349435,UL9164N,40.77588,-4.229128,528.0,EL ESPINAR,Residencial,CL,PARAGUAY,1443,CL PARAGUAY 1443 40400 EL ESPINAR (SEGOVIA),True,True,
6349436UL9164N,6349436,UL9164N,40.775773,-4.229152,524.0,EL ESPINAR,Residencial,CL,PARAGUAY,1442,CL PARAGUAY 1442 40400 EL ESPINAR (SEGOVIA),True,True,
6349437UL9164N,6349437,UL9164N,40.775667,-4.229177,521.0,EL ESPINAR,Residencial,CL,PARAGUAY,1441,CL PARAGUAY 1441 40400 EL ESPINAR (SEGOVIA),True,True,
6349438UL9164N,6349438,UL9164N,40.775562,-4.229209,500.0,EL ESPINAR,Residencial,CL,PARAGUAY,1440,CL PARAGUAY 1440 40400 EL ESPINAR (SEGOVIA),True,True,
6349439UL9164N,6349439,UL9164N,40.775459,-4.229254,452.0,EL ESPINAR,Residencial,CL,PARAGUAY,1439,CL PARAGUAY 1439 40400 EL ESPINAR (SEGOVIA),True,True,
6349440UL9164N,6349440,UL9164N,40.775353,-4.229321,411.0,EL ESPINAR,Residencial,CL,PARAGUAY,1438,CL PARAGUAY 1438 40400 EL ESPINAR (SEGOVIA),True,True,
6349441UL9164N,6349441,UL9164N,40.77522,-4.229511,542.0,EL ESPINAR,Residencial,CL,PARAGUAY,1437,CL PARAGUAY 1437 40400 EL ESPINAR (SEGOVIA),True,True,
6349442UL9164N,6349442,UL9164N,40.775055,-4.229919,535.0,EL ESPINAR,Residencial,CL,ECUADOR,1516,CL ECUADOR 1516 40400 EL ESPINAR (SEGOVIA),True,True,
6349443UL9164N,6349443,UL9164N,40.775182,-4.229868,407.0,EL ESPINAR,Residencial,CL,ECUADOR,1515,CL ECUADOR 1515 40400 EL ESPINAR (SEGOVIA),True,True,
6349444UL9164N,6349444,UL9164N,40.775289,-4.229849,407.0,EL ESPINAR,Residencial,CL,ECUADOR,1514,CL ECUADOR 1514 40400 EL ESPINAR (SEGOVIA),True,True,
6349445UL9164N,6349445,UL9164N,40.775391,-4.22978,511.0,EL ESPINAR,Residencial,CL,ECUADOR,1513,CL ECUADOR 1513 40400 EL ESPINAR (SEGOVIA),True,True,
6349446UL9164N,6349446,UL9164N,40.775498,-4.229759,514.0,EL ESPINAR,Residencial,CL,ECUADOR,1512,CL ECUADOR 1512 40400 EL ESPINAR (SEGOVIA),True,True,
6349447UL9164N,6349447,UL9164N,40.775605,-4.229738,516.0,EL ESPINAR,Residencial,CL,ECUADOR,1511,CL ECUADOR 1511 40400 EL ESPINAR (SEGOVIA),True,True,
6349448UL9164N,6349448,UL9164N,40.775712,-4.229717,520.0,EL ESPINAR,Residencial,CL,ECUADOR,1510,CL ECUADOR 1510 40400 EL ESPINAR (SEGOVIA),True,True,
6349449UL9164N,6349449,UL9164N,40.775819,-4.229697,523.0,EL ESPINAR,Residencial,CL,ECUADOR,1509,CL ECUADOR 1509 40400 EL ESPINAR (SEGOVIA),True,True,
6349450UL9164N,6349450,UL9164N,40.775926,-4.229676,527.0,EL ESPINAR,Residencial,CL,ECUADOR,1508,CL ECUADOR 1508 40400 EL ESPINAR (SEGOVIA),True,True,
6349451UL9164N,6349451,UL9164N,40.776033,-4.229655,530.0,EL ESPINAR,Residencial,CL,ECUADOR,1507,CL ECUADOR 1507 40400 EL ESPINAR (SEGOVIA),True,True,
6349452UL9164N,6349452,UL9164N,40.77614,-4.229634,534.0,EL ESPINAR,Residencial,CL,ECUADOR,1506,CL ECUADOR 1506 40400 EL ESPINAR (SEGOVIA),True,True,
6349453UL9164N,6349453,UL9164N,40.776246,-4.229614,537.0,EL ESPINAR,Residencial,CL,ECUADOR,1505,CL ECUADOR 1505 40400 EL ESPINAR (SEGOVIA),True,True,
6349454UL9164N,6349454,UL9164N,40.776353,-4.229593,539.0,EL ESPINAR,Residencial,CL,ECUADOR,1504,CL ECUADOR 1504 40400 EL ESPINAR (SEGOVIA),True,True,
6349455UL9164N,6349455,UL9164N,40.77646,-4.229572,546.0,EL ESPINAR,Residencial,CL,ECUADOR,1503,CL ECUADOR 1503 40400 EL ESPINAR (SEGOVIA),True,True,
6349456UL9164N,6349456,UL9164N,40.776567,-4.229551,546.0,EL ESPINAR,Residencial,CL,ECUADOR,1502,CL ECUADOR 1502 40400 EL ESPINAR (SEGOVIA),True,True,
6349457UL9164N,6349457,UL9164N,40.776674,-4.22953,550.0,EL ESPINAR,Residencial,CL,ECUADOR,1501,CL ECUADOR 1501 40400 EL ESPINAR (SEGOVIA),True,True,
6349458UL9164N,6349458,UL9164N,40.776781,-4.22951,554.0,EL ESPINAR,Residencial,CL,ECUADOR,1500,CL ECUADOR 1500 40400 EL ESPINAR (SEGOVIA),True,True,
6349459UL9164N,6349459,UL9164N,40.776888,-4.229489,556.0,EL ESPINAR,Residencial,CL,ECUADOR,1499,CL ECUADOR 1499 40400 EL ESPINAR (SEGOVIA),True,True,
6349460UL9164N,6349460,UL9164N,40.776995,-4.229492,512.0,EL ESPINAR,Residencial,CL,ECUADOR,1498,CL ECUADOR 1498 40400 EL ESPINAR (SEGOVIA),True,True,
6349461UL9164N,6349461,UL9164N,40.777729,-4.228891,6535.0,EL ESPINAR,"Obras de urbanización y jardineria, suelos sin edificar",CL,ECUADOR,1497,CL ECUADOR 1497(A) Suelo 40400 EL ESPINAR (SEGOVIA),False,False,
6349462UL9164N,6349462,UL9164N,40.77723,-4.229488,436.0,EL ESPINAR,Residencial,CL,ECUADOR,1497,CL ECUADOR 1497 40400 EL ESPINAR (SEGOVIA),True,True,
6349463UL9164N,6349463,UL9164N,40.777335,-4.229456,463.0,EL ESPINAR,Residencial,CL,ECUADOR,1496,CL ECUADOR 1496 40400 EL ESPINAR (SEGOVIA),True,True,
6349464UL9164N,6349464,UL9164N,40.77744,-4.229426,476.0,EL ESPINAR,Residencial,CL,ECUADOR,1495,CL ECUADOR 1495 40400 EL ESPINAR (SEGOVIA),True,True,
6349465UL9164N,6349465,UL9164N,40.777541,-4.229395,492.0,EL ESPINAR,Residencial,CL,ECUADOR,1494,CL ECUADOR 1494 Suelo 40400 EL ESPINAR (SEGOVIA),True,True,
6349466UL9164N,6349466,UL9164N,40.777642,-4.229362,508.0,EL ESPINAR,Residencial,CL,ECUADOR,1493,CL ECUADOR 1493 40400 EL ESPINAR (SEGOVIA),True,True,
6349467UL9164N,6349467,UL9164N,40.777742,-4.229328,523.0,EL ESPINAR,Residencial,CL,ECUADOR,1492,CL ECUADOR 1492 40400 EL ESPINAR (SEGOVIA),True,True,
6349468UL9164N,6349468,UL9164N,40.777841,-4.229292,535.0,EL ESPINAR,Residencial,CL,ECUADOR,1491,CL ECUADOR 1491 40400 EL ESPINAR (SEGOVIA),True,True,
6349469UL9164N,6349469,UL9164N,40.77794,-4.229253,543.0,EL ESPINAR,Residencial,CL,ECUADOR,1490,CL ECUADOR 1490 40400 EL ESPINAR (SEGOVIA),True,True,
6349470UL9164N,6349470,UL9164N,40.778038,-4.229214,550.0,EL ESPINAR,Residencial,CL,ECUADOR,1489,CL ECUADOR 1489 40400 EL ESPINAR (SEGOVIA),True,True,
6349471UL9164N,6349471,UL9164N,40.778136,-4.229173,551.0,EL ESPINAR,Residencial,CL,ECUADOR,1488,CL ECUADOR 1488 40400 EL ESPINAR (SEGOVIA),True,True,
6349472UL9164N,6349472,UL9164N,40.778233,-4.229129,553.0,EL ESPINAR,Residencial,CL,ECUADOR,1487,CL ECUADOR 1487 40400 EL ESPINAR (SEGOVIA),True,True,
6349473UL9164N,6349473,UL9164N,40.77833,-4.229083,554.0,EL ESPINAR,Residencial,CL,ECUADOR,1486,CL ECUADOR 1486 40400 EL ESPINAR (SEGOVIA),True,True,
6349474UL9164N,6349474,UL9164N,40.778429,-4.229033,571.0,EL ESPINAR,Residencial,CL,ECUADOR,1485,CL ECUADOR 1485 40400 EL ESPINAR (SEGOVIA),True,True,
6349475UL9164N,6349475,UL9164N,40.77853,-4.228984,565.0,EL ESPINAR,Residencial,CL,ECUADOR,1484,CL ECUADOR 1484 40400 EL ESPINAR (SEGOVIA),True,True,
6349476UL9164N,6349476,UL9164N,40.77863,-4.228945,511.0,EL ESPINAR,Residencial,CL,ECUADOR,1483,CL ECUADOR 1483 40400 EL ESPINAR (SEGOVIA),True,True,
6349477UL9164N,6349477,UL9164N,40.778721,-4.228892,502.0,EL ESPINAR,Residencial,CL,ECUADOR,1482,CL ECUADOR 1482 40400 EL ESPINAR (SEGOVIA),True,True,
6349478UL9164N,6349478,UL9164N,40.77881,-4.228831,470.0,EL ESPINAR,Residencial,CL,ECUADOR,1481,CL ECUADOR 1481 40400 EL ESPINAR (SEGOVIA),True,True,
6349479UL9164N,6349479,UL9164N,40.778894,-4.228757,426.0,EL ESPINAR,Residencial,CL,ECUADOR,1480,CL ECUADOR 1480 40400 EL ESPINAR (SEGOVIA),True,True,
6349480UL9164N,6349480,UL9164N,40.778973,-4.228673,399.0,EL ESPINAR,Residencial,CL,ECUADOR,1479,CL ECUADOR 1479 40400 EL ESPINAR (SEGOVIA),True,True,
6349481UL9164N,6349481,UL9164N,40.779052,-4.228587,360.0,EL ESPINAR,Residencial,CL,ECUADOR,1478,CL ECUADOR 1478 40400 EL ESPINAR (SEGOVIA),True,True,
6354801UL9165N,6354801,UL9165N,40.783667,-4.229314,421.0,VEGAS DE MATUTE,"Obras de urbanización y jardineria, suelos sin edificar",CL,VALDECARROS,63,CL VALDECARROS 63 Suelo 40423 VEGAS DE MATUTE (SEGOVIA),False,False,
6354802UL9165N,6354802,UL9165N,40.783614,-4.229198,511.0,VEGAS DE MATUTE,"Obras de urbanización y jardineria, suelos sin edificar",CL,VALDECARROS,64,CL VALDECARROS 64 Suelo 40423 VEGAS DE MATUTE (SEGOVIA),False,False,
6354803UL9165N,6354803,UL9165N,40.783546,-4.229087,526.0,VEGAS DE MATUTE,"Obras de urbanización y jardineria, suelos sin edificar",CL,VALDECARROS,65,CL VALDECARROS 65 Suelo 40423 VEGAS DE MATUTE (SEGOVIA),False,False,
6354804UL9165N,6354804,UL9165N,40.783479,-4.228977,536.0,VEGAS DE MATUTE,"Obras de urbanización y jardineria, suelos sin edificar",CL,VALDECARROS,66,CL VALDECARROS 66 Suelo 40423 VEGAS DE MATUTE (SEGOVIA),False,False,
6354805UL9165N,6354805,UL9165N,40.783409,-4.228867,538.0,VEGAS DE MATUTE,"Obras de urbanización y jardineria, suelos sin edificar",CL,VALDECARROS,67,CL VALDECARROS 67 Suelo 40423 VEGAS DE MATUTE (SEGOVIA),False,False,
6354806UL9165N,6354806,UL9165N,40.783341,-4.228757,536.0,VEGAS DE MATUTE,"Obras de urbanización y jardineria, suelos sin edificar",CL,VALDECARROS,68,CL VALDECARROS 68 Suelo 40423 VEGAS DE MATUTE (SEGOVIA),False,False,
6354807UL9165N,6354807,UL9165N,40.783273,-4.228646,533.0,VEGAS DE MATUTE,"Obras de urbanización y jardineria, suelos sin edificar",CL,VALDECARROS,69,CL VALDECARROS 69 Suelo 40423 VEGAS DE MATUTE (SEGOVIA),False,False,
6354808UL9165N,6354808,UL9165N,40.783203,-4.228547,476.0,VEGAS DE MATUTE,"Obras de urbanización y jardineria, suelos sin edificar",CL,VALDECARROS,70,CL VALDECARROS 70 Suelo 40423 VEGAS DE MATUTE (SEGOVIA),False,False,
6354809UL9165N,6354809,UL9165N,40.783146,-4.228434,523.0,VEGAS DE MATUTE,"Obras de urbanización y jardineria, suelos sin edificar",CL,VALDECARROS,71,CL VALDECARROS 71 Suelo 40423 VEGAS DE MATUTE (SEGOVIA),False,False,
6354810UL9165N,6354810,UL9165N,40.783076,-4.228335,460.0,VEGAS DE MATUTE,"Obras de urbanización y jardineria, suelos sin edificar",CL,VALDECARROS,72,CL VALDECARROS 72 Suelo 40423 VEGAS DE MATUTE (SEGOVIA),False,False,
6354811UL9165N,6354811,UL9165N,40.783031,-4.228216,502.0,VEGAS DE MATUTE,"Obras de urbanización y jardineria, suelos sin edificar",CL,VALDECARROS,73,CL VALDECARROS 73 Suelo 40423 VEGAS DE MATUTE (SEGOVIA),False,False,
6354812UL9165N,6354812,UL9165N,40.782986,-4.22809,454.0,VEGAS DE MATUTE,"Obras de urbanización y jardineria, suelos sin edificar",CL,VALDECARROS,74,CL VALDECARROS 74 Suelo 40423 VEGAS DE MATUTE (SEGOVIA),False,False,
6354813UL9165N,6354813,UL9165N,40.782941,-4.227965,422.0,VEGAS DE MATUTE,"Obras de urbanización y jardineria, suelos sin edificar",CL,VALDECARROS,75,CL VALDECARROS 75 Suelo 40423 VEGAS DE MATUTE (SEGOVIA),False,False,
6354814UL9165N,6354814,UL9165N,40.782894,-4.227835,417.0,VEGAS DE MATUTE,"Obras de urbanización y jardineria, suelos sin edificar",CL,VALDECARROS,76,CL VALDECARROS 76 Suelo 40423 VEGAS DE MATUTE (SEGOVIA),False,False,
6354815UL9165N,6354815,UL9165N,40.782844,-4.227695,402.0,VEGAS DE MATUTE,"Obras de urbanización y jardineria, suelos sin edificar",CL,VALDECARROS,77,CL VALDECARROS 77 Suelo 40423 VEGAS DE MATUTE (SEGOVIA),False,False,
6354816UL9165N,6354816,UL9165N,40.78279,-4.227541,400.0,VEGAS DE MATUTE,"Obras de urbanización y jardineria, suelos sin edificar",CL,VALDECARROS,78,CL VALDECARROS 78 Suelo 40423 VEGAS DE MATUTE (SEGOVIA),False,False,
6354817UL9165N,6354817,UL9165N,40.782728,-4.227364,400.0,VEGAS DE MATUTE,"Obras de urbanización y jardineria, suelos sin edificar",CL,VALDECARROS,79,CL VALDECARROS 79 Suelo 40423 VEGAS DE MATUTE (SEGOVIA),False,False,
6354818UL9165N,6354818,UL9165N,40.782656,-4.227139,420.0,VEGAS DE MATUTE,"Obras de urbanización y jardineria, suelos sin edificar",AV,VALLADOLID,80,AV VALLADOLID 80 Suelo 40423 VEGAS DE MATUTE (SEGOVIA),False,False,
6355601UL9165N,6355601,UL9165N,40.785784,-4.230226,676.0,VEGAS DE MATUTE,"Obras de urbanización y jardineria, suelos sin edificar",AV,SALAMANCA,32,AV SALAMANCA 32(3) Suelo 40423 VEGAS DE MATUTE (SEGOVIA),False,False,
6355602UL9165N,6355602,UL9165N,40.78583,-4.230075,484.0,VEGAS DE MATUTE,"Obras de urbanización y jardineria, suelos sin edificar",AV,SALAMANCA,31,AV SALAMANCA 31(3) Suelo 40423 VEGAS DE MATUTE (SEGOVIA),False,False,
6355603UL9165N,6355603,UL9165N,40.785862,-4.22993,447.0,VEGAS DE MATUTE,Residencial,AV,SALAMANCA,30,AV SALAMANCA 30(3) Es:1 Pl:00 Pt:01 40423 VEGAS DE MATUTE (SEGOVIA),True,False,
6355604UL9165N,6355604,UL9165N,40.78586,-4.229759,477.0,VEGAS DE MATUTE,Residencial,AV,SALAMANCA,29,AV SALAMANCA 29(3) Es:1 Pl:00 Pt:01 40423 VEGAS DE MATUTE (SEGOVIA),True,False,
6355605UL9165N,6355605,UL9165N,40.785889,-4.22962,453.0,VEGAS DE MATUTE,Residencial,AV,SALAMANCA,28,AV SALAMANCA 28(3) Es:1 Pl:00 Pt:01 40423 VEGAS DE MATUTE (SEGOVIA),True,False,
6355606UL9165N,6355606,UL9165N,40.785927,-4.229457,521.0,VEGAS DE MATUTE,Residencial,AV,SALAMANCA,27,AV SALAMANCA 27(3) Es:1 Pl:00 Pt:01 40423 VEGAS DE MATUTE (SEGOVIA),True,False,
6355607UL9165N,6355607,UL9165N,40.785711,-4.229431,459.0,VEGAS DE MATUTE,Residencial,CL,GUIJUELO,26,CL GUIJUELO 26(3) Es:1 Pl:00 Pt:01 40423 VEGAS DE MATUTE (SEGOVIA),True,False,
6355608UL9165N,6355608,UL9165N,40.785621,-4.22935,455.0,VEGAS DE MATUTE,Residencial,CL,GUIJUELO,25,CL GUIJUELO 25(3) 40423 VEGAS DE MATUTE (SEGOVIA),True,False,
6355609UL9165N,6355609,UL9165N,40.785522,-4.229271,515.0,VEGAS DE MATUTE,"Obras de urbanización y jardineria, suelos sin edificar",CL,GUIJUELO,24,CL GUIJUELO 24(3) Suelo 40423 VEGAS DE MATUTE (SEGOVIA),False,False,
6355610UL9165N,6355610,UL9165N,40.785432,-4.229174,452.0,VEGAS DE MATUTE,Residencial,CL,GUIJUELO,23,CL GUIJUELO 23(3) 40423 VEGAS DE MATUTE (SEGOVIA),True,False,
6355611UL9165N,6355611,UL9165N,40.785344,-4.22909,457.0,VEGAS DE MATUTE,Residencial,CL,GUIJUELO,22,CL GUIJUELO 22(3) 40423 VEGAS DE MATUTE (SEGOVIA),True,False,
6355612UL9165N,6355612,UL9165N,40.785238,-4.229006,590.0,VEGAS DE MATUTE,Residencial,CL,GUIJUELO,21,CL GUIJUELO 21(3) 40423 VEGAS DE MATUTE (SEGOVIA),True,False,
6355613UL9165N,6355613,UL9165N,40.785149,-4.228894,474.0,VEGAS DE MATUTE,Residencial,CL,GUIJUELO,20,CL GUIJUELO 20(3) 40423 VEGAS DE MATUTE (SEGOVIA),True,False,
6355614UL9165N,6355614,UL9165N,40.785068,-4.2288,471.0,VEGAS DE MATUTE,Residencial,CL,GUIJUELO,19,CL GUIJUELO 19(3) 40423 VEGAS DE MATUTE (SEGOVIA),True,False,
6355615UL9165N,6355615,UL9165N,40.784987,-4.228705,472.0,VEGAS DE MATUTE,Residencial,CL,GUIJUELO,18,CL GUIJUELO 18(3) 40423 VEGAS DE MATUTE (SEGOVIA),True,False,
6355616UL9165N,6355616,UL9165N,40.784908,-4.228609,476.0,VEGAS DE MATUTE,Residencial,CL,GUIJUELO,17,CL GUIJUELO 17(3) 40423 VEGAS DE MATUTE (SEGOVIA),True,False,
6355617UL9165N,6355617,UL9165N,40.784813,-4.228511,580.0,VEGAS DE MATUTE,Residencial,CL,GUIJUELO,16,CL GUIJUELO 16(3) 40423 VEGAS DE MATUTE (SEGOVIA),True,False,
6355618UL9165N,6355618,UL9165N,40.784739,-4.228388,478.0,VEGAS DE MATUTE,Residencial,CL,GUIJUELO,15,CL GUIJUELO 15(3) 40423 VEGAS DE MATUTE (SEGOVIA),True,False,
6355619UL9165N,6355619,UL9165N,40.784667,-4.228282,470.0,VEGAS DE MATUTE,Residencial,CL,GUIJUELO,14,CL GUIJUELO 14(3) 40423 VEGAS DE MATUTE (SEGOVIA),True,False,
6355620UL9165N,6355620,UL9165N,40.784596,-4.228174,466.0,VEGAS DE MATUTE,Residencial,CL,GUIJUELO,13,CL GUIJUELO 13(3) 40423 VEGAS DE MATUTE (SEGOVIA),True,False,
6355621UL9165N,6355621,UL9165N,40.784526,-4.228066,464.0,VEGAS DE MATUTE,Residencial,CL,GUIJUELO,12,CL GUIJUELO 12(3) 40423 VEGAS DE MATUTE (SEGOVIA),True,False,
6355622UL9165N,6355622,UL9165N,40.784457,-4.227957,465.0,VEGAS DE MATUTE,Residencial,CL,GUIJUELO,11,CL GUIJUELO 11(3) 40423 VEGAS DE MATUTE (SEGOVIA),True,False,
6355623UL9165N,6355623,UL9165N,40.784389,-4.227846,470.0,VEGAS DE MATUTE,Residencial,CL,GUIJUELO,10,CL GUIJUELO 10(3) 40423 VEGAS DE MATUTE (SEGOVIA),True,False,
6355624UL9165N,6355624,UL9165N,40.784321,-4.227735,477.0,VEGAS DE MATUTE,Residencial,CL,GUIJUELO,9,CL GUIJUELO 9(3) 40423 VEGAS DE MATUTE (SEGOVIA),True,False,
6355625UL9165N,6355625,UL9165N,40.784232,-4.227614,653.0,VEGAS DE MATUTE,Residencial,CL,GUIJUELO,8,CL GUIJUELO 8(3) 40423 VEGAS DE MATUTE (SEGOVIA),True,False,
6355626UL9165N,6355626,UL9165N,40.784173,-4.227465,484.0,VEGAS DE MATUTE,Residencial,CL,GUIJUELO,7,CL GUIJUELO 7(3) 40423 VEGAS DE MATUTE (SEGOVIA),True,False,
6355627UL9165N,6355627,UL9165N,40.784113,-4.227346,485.0,VEGAS DE MATUTE,Residencial,CL,GUIJUELO,6,CL GUIJUELO 6(3) 40423 VEGAS DE MATUTE (SEGOVIA),True,False,
6355628UL9165N,6355628,UL9165N,40.784054,-4.227226,488.0,VEGAS DE MATUTE,Residencial,CL,GUIJUELO,5,CL GUIJUELO 5(3) 40423 VEGAS DE MATUTE (SEGOVIA),True,False,
6355629UL9165N,6355629,UL9165N,40.783998,-4.227105,491.0,VEGAS DE MATUTE,Residencial,CL,GUIJUELO,4,CL GUIJUELO 4(3) 40423 VEGAS DE MATUTE (SEGOVIA),True,False,
6355630UL9165N,6355630,UL9165N,40.783945,-4.226981,489.0,VEGAS DE MATUTE,Residencial,CL,GUIJUELO,3,CL GUIJUELO 3(3) 40423 VEGAS DE MATUTE (SEGOVIA),True,False,
6355631UL9165N,6355631,UL9165N,40.783893,-4.226856,490.0,VEGAS DE MATUTE,Residencial,CL,GUIJUELO,2,CL GUIJUELO 2(3) 40423 VEGAS DE MATUTE (SEGOVIA),True,False,
6355632UL9165N,6355632,UL9165N,40.783826,-4.226736,561.0,VEGAS DE MATUTE,Residencial,CL,GUIJUELO,1,CL GUIJUELO 1(3) 40423 VEGAS DE MATUTE (SEGOVIA),True,False,
6355633UL9165N,6355633,UL9165N,40.783861,-4.226398,455.0,VEGAS DE MATUTE,"Obras de urbanización y jardineria, suelos sin edificar",AV,VALLADOLID,68,AV VALLADOLID 68(3) Suelo 40423 VEGAS DE MATUTE (SEGOVIA),False,False,
6355634UL9165N,6355634,UL9165N,40.783759,-4.226458,431.0,VEGAS DE MATUTE,"Obras de urbanización y jardineria, suelos sin edificar",AV,VALLADOLID,67,AV VALLADOLID 67(3) Suelo 40423 VEGAS DE MATUTE (SEGOVIA),False,False,
6355635UL9165N,6355635,UL9165N,40.783661,-4.226518,438.0,VEGAS DE MATUTE,"Obras de urbanización y jardineria, suelos sin edificar",AV,VALLADOLID,66,AV VALLADOLID 66(3) Suelo 40423 VEGAS DE MATUTE (SEGOVIA),False,False,
6355636UL9165N,6355636,UL9165N,40.783563,-4.226578,443.0,VEGAS DE MATUTE,"Obras de urbanización y jardineria, suelos sin edificar",AV,VALLADOLID,65,AV VALLADOLID 65(3) Suelo 40423 VEGAS DE MATUTE (SEGOVIA),False,False,
6355637UL9165N,6355637,UL9165N,40.783464,-4.226636,444.0,VEGAS DE MATUTE,"Obras de urbanización y jardineria, suelos sin edificar",AV,VALLADOLID,64,AV VALLADOLID 64(3) Suelo 40423 VEGAS DE MATUTE (SEGOVIA),False,False,
6355638UL9165N,6355638,UL9165N,40.783365,-4.226694,444.0,VEGAS DE MATUTE,"Obras de urbanización y jardineria, suelos sin edificar",AV,VALLADOLID,63,AV VALLADOLID 63(3) Suelo 40423 VEGAS DE MATUTE (SEGOVIA),False,False,
6355639UL9165N,6355639,UL9165N,40.783263,-4.226751,473.0,VEGAS DE MATUTE,"Obras de urbanización y jardineria, suelos sin edificar",AV,VALLADOLID,62,AV VALLADOLID 62(3) Suelo 40423 VEGAS DE MATUTE (SEGOVIA),False,False,
6355640UL9165N,6355640,UL9165N,40.783475,-4.226954,541.0,VEGAS DE MATUTE,Residencial,CL,LEDESMA,61,CL LEDESMA 61(3) 40423 VEGAS DE MATUTE (SEGOVIA),True,False,
6355641UL9165N,6355641,UL9165N,40.783534,-4.227081,498.0,VEGAS DE MATUTE,Residencial,CL,LEDESMA,60,CL LEDESMA 60(3) 40423 VEGAS DE MATUTE (SEGOVIA),True,False,
6355642UL9165N,6355642,UL9165N,40.783586,-4.227206,497.0,VEGAS DE MATUTE,Residencial,CL,LEDESMA,59,CL LEDESMA 59(3) 40423 VEGAS DE MATUTE (SEGOVIA),True,False,
6355643UL9165N,6355643,UL9165N,40.783639,-4.227329,495.0,VEGAS DE MATUTE,Residencial,CL,LEDESMA,58,CL LEDESMA 58(3) 40423 VEGAS DE MATUTE (SEGOVIA),True,False,
6355644UL9165N,6355644,UL9165N,40.783694,-4.227452,496.0,VEGAS DE MATUTE,Residencial,CL,LEDESMA,57,CL LEDESMA 57(3) 40423 VEGAS DE MATUTE (SEGOVIA),True,False,
6355645UL9165N,6355645,UL9165N,40.783753,-4.227571,499.0,VEGAS DE MATUTE,Residencial,CL,LEDESMA,56,CL LEDESMA 56(3) 40423 VEGAS DE MATUTE (SEGOVIA),True,False,
6355646UL9165N,6355646,UL9165N,40.783813,-4.227691,500.0,VEGAS DE MATUTE,Residencial,CL,LEDESMA,55,CL LEDESMA 55(3) 40423 VEGAS DE MATUTE (SEGOVIA),True,False,
6355647UL9165N,6355647,UL9165N,40.783873,-4.227809,499.0,VEGAS DE MATUTE,Residencial,CL,LEDESMA,54,CL LEDESMA 54(3) 40423 VEGAS DE MATUTE (SEGOVIA),True,False,
6355648UL9165N,6355648,UL9165N,40.783934,-4.22796,685.0,VEGAS DE MATUTE,Residencial,CL,LEDESMA,53,CL LEDESMA 53(3) 40423 VEGAS DE MATUTE (SEGOVIA),True,False,
6355649UL9165N,6355649,UL9165N,40.784027,-4.228082,501.0,VEGAS DE MATUTE,Residencial,CL,LEDESMA,52,CL LEDESMA 52(3) 40423 VEGAS DE MATUTE (SEGOVIA),True,False,
6355650UL9165N,6355650,UL9165N,40.784095,-4.228192,506.0,VEGAS DE MATUTE,Residencial,CL,LEDESMA,51,CL LEDESMA 51(3) 40423 VEGAS DE MATUTE (SEGOVIA),True,False,
6355651UL9165N,6355651,UL9165N,40.784165,-4.228301,508.0,VEGAS DE MATUTE,Residencial,CL,LEDESMA,50,CL LEDESMA 50(3) 40423 VEGAS DE MATUTE (SEGOVIA),True,False,
6355652UL9165N,6355652,UL9165N,40.784235,-4.22841,507.0,VEGAS DE MATUTE,Residencial,CL,LEDESMA,49,CL LEDESMA 49(3) 40423 VEGAS DE MATUTE (SEGOVIA),True,False,
6355653UL9165N,6355653,UL9165N,40.784305,-4.228517,504.0,VEGAS DE MATUTE,Residencial,CL,LEDESMA,48,CL LEDESMA 48(3) 40423 VEGAS DE MATUTE (SEGOVIA),True,False,
6355654UL9165N,6355654,UL9165N,40.784377,-4.228624,497.0,VEGAS DE MATUTE,Residencial,CL,LEDESMA,47,CL LEDESMA 47(3) 40423 VEGAS DE MATUTE (SEGOVIA),True,False,
6355655UL9165N,6355655,UL9165N,40.784449,-4.22873,489.0,VEGAS DE MATUTE,Residencial,CL,LEDESMA,46,CL LEDESMA 46(3) 40423 VEGAS DE MATUTE (SEGOVIA),True,False,
6355656UL9165N,6355656,UL9165N,40.784523,-4.228852,571.0,VEGAS DE MATUTE,Residencial,CL,LEDESMA,45,CL LEDESMA 45(3) 40423 VEGAS DE MATUTE (SEGOVIA),True,False,
6355657UL9165N,6355657,UL9165N,40.784617,-4.228949,483.0,VEGAS DE MATUTE,Residencial,CL,LEDESMA,44,CL LEDESMA 44(3) 40423 VEGAS DE MATUTE (SEGOVIA),True,False,
6355658UL9165N,6355658,UL9165N,40.784697,-4.229045,486.0,VEGAS DE MATUTE,Residencial,CL,LEDESMA,43,CL LEDESMA 43(3) 40423 VEGAS DE MATUTE (SEGOVIA),True,False,
6355659UL9165N,6355659,UL9165N,40.784777,-4.22914,484.0,VEGAS DE MATUTE,Residencial,CL,LEDESMA,42,CL LEDESMA 42(3) 40423 VEGAS DE MATUTE (SEGOVIA),True,False,
6355660UL9165N,6355660,UL9165N,40.784858,-4.229233,481.0,VEGAS DE MATUTE,Residencial,CL,LEDESMA,41,CL LEDESMA 41(3) 40423 VEGAS DE MATUTE (SEGOVIA),True,False,
6355661UL9165N,6355661,UL9165N,40.784942,-4.229324,481.0,VEGAS DE MATUTE,"Obras de urbanización y jardineria, suelos sin edificar",CL,LEDESMA,40,CL LEDESMA 40(3) Suelo 40423 VEGAS DE MATUTE (SEGOVIA),False,False,
6355662UL9165N,6355662,UL9165N,40.785031,-4.229426,576.0,VEGAS DE MATUTE,"Obras de urbanización y jardineria, suelos sin edificar",CL,LEDESMA,39,CL LEDESMA 39(3) Suelo 40423 VEGAS DE MATUTE (SEGOVIA),False,False,
6355663UL9165N,6355663,UL9165N,40.785133,-4.22952,548.0,VEGAS DE MATUTE,"Obras de urbanización y jardineria, suelos sin edificar",CL,LEDESMA,38,CL LEDESMA 38(3) Suelo 40423 VEGAS DE MATUTE (SEGOVIA),False,False,
6355664UL9165N,6355664,UL9165N,40.78523,-4.229601,493.0,VEGAS DE MATUTE,"Obras de urbanización y jardineria, suelos sin edificar",CL,LEDESMA,37,CL LEDESMA 37(3) Suelo 40423 VEGAS DE MATUTE (SEGOVIA),False,False,
6355665UL9165N,6355665,UL9165N,40.785316,-4.229694,513.0,VEGAS DE MATUTE,Residencial,CL,LEDESMA,36,CL LEDESMA 36(3) Es:S Pl:00 Pt:01 40423 VEGAS DE MATUTE (SEGOVIA),True,False,
6355666UL9165N,6355666,UL9165N,40.785413,-4.229765,489.0,VEGAS DE MATUTE,Residencial,CL,LEDESMA,35,CL LEDESMA 35(3) Es:S Pl:00 Pt:01 40423 VEGAS DE MATUTE (SEGOVIA),True,False,
6355667UL9165N,6355667,UL9165N,40.785503,-4.229844,481.0,VEGAS DE MATUTE,Residencial,CL,LEDESMA,34,CL LEDESMA 34(3) Es:S Pl:00 Pt:01 40423 VEGAS DE MATUTE (SEGOVIA),True,False,
6355668UL9165N,6355668,UL9165N,40.785594,-4.229922,471.0,VEGAS DE MATUTE,Residencial,CL,LEDESMA,33,CL LEDESMA 33(3) Es:S Pl:00 Pt:01 40423 VEGAS DE MATUTE (SEGOVIA),True,False,
6441701UL9174S,6441701,UL9174S,40.769735,-4.229877,755.0,EL ESPINAR,Residencial,CL,VENEZUELA,702,CL VENEZUELA 702 40400 EL ESPINAR (SEGOVIA),True,True,
6441702UL9174S,6441702,UL9174S,40.769745,-4.22963,747.0,EL ESPINAR,Residencial,CL,VENEZUELA,701,CL VENEZUELA 701 40400 EL ESPINAR (SEGOVIA),True,True,
6441703UL9174S,6441703,UL9174S,40.769742,-4.229387,749.0,EL ESPINAR,Residencial,CL,VENEZUELA,700,CL VENEZUELA 700 40400 EL ESPINAR (SEGOVIA),True,True,
6441704UL9174S,6441704,UL9174S,40.769741,-4.229139,754.0,EL ESPINAR,Residencial,CL,VENEZUELA,699,CL VENEZUELA 699 40400 EL ESPINAR (SEGOVIA),True,True,
6441705UL9174S,6441705,UL9174S,40.769751,-4.228891,765.0,EL ESPINAR,Residencial,CL,VENEZUELA,698,CL VENEZUELA 698 40400 EL ESPINAR (SEGOVIA),True,True,
6441706UL9174S,6441706,UL9174S,40.769768,-4.228652,747.0,EL ESPINAR,Residencial,CL,VENEZUELA,697,CL VENEZUELA 697 40400 EL ESPINAR (SEGOVIA),True,True,
6441707UL9174S,6441707,UL9174S,40.769777,-4.228412,823.0,EL ESPINAR,Residencial,CL,VENEZUELA,696,CL VENEZUELA 696 40400 EL ESPINAR (SEGOVIA),True,True,
6441708UL9174S,6441708,UL9174S,40.769793,-4.228171,801.0,EL ESPINAR,Residencial,CL,VENEZUELA,695,CL VENEZUELA 695 40400 EL ESPINAR (SEGOVIA),True,True,
6441709UL9174S,6441709,UL9174S,40.769809,-4.227921,910.0,EL ESPINAR,Residencial,CL,VENEZUELA,694,CL VENEZUELA 694 40400 EL ESPINAR (SEGOVIA),True,True,
6441710UL9174S,6441710,UL9174S,40.769845,-4.227669,848.0,EL ESPINAR,Residencial,CL,VENEZUELA,693,CL VENEZUELA 693 40400 EL ESPINAR (SEGOVIA),True,True,
6441711UL9174S,6441711,UL9174S,40.769887,-4.227427,830.0,EL ESPINAR,"Obras de urbanización y jardineria, suelos sin edificar",CL,VENEZUELA,692,CL VENEZUELA 692 Suelo 40400 EL ESPINAR (SEGOVIA),False,False,
6441712UL9174S,6441712,UL9174S,40.769935,-4.227191,814.0,EL ESPINAR,"Obras de urbanización y jardineria, suelos sin edificar",CL,VENEZUELA,691,CL VENEZUELA 691 Suelo 40400 EL ESPINAR (SEGOVIA),False,False,
6441713UL9174S,6441713,UL9174S,40.769989,-4.22696,792.0,EL ESPINAR,"Obras de urbanización y jardineria, suelos sin edificar",CL,VENEZUELA,690,CL VENEZUELA 690 Suelo 40400 EL ESPINAR (SEGOVIA),False,False,
6441714UL9174S,6441714,UL9174S,40.77004,-4.226725,859.0,EL ESPINAR,"Obras de urbanización y jardineria, suelos sin edificar",CL,VENEZUELA,689,CL VENEZUELA 689 Suelo 40400 EL ESPINAR (SEGOVIA),False,False,
6441715UL9174S,6441715,UL9174S,40.769689,-4.226578,891.0,EL ESPINAR,Residencial,CL,MEJICO,653,CL MEJICO 653 40400 EL ESPINAR (SEGOVIA),True,True,
6441716UL9174S,6441716,UL9174S,40.769639,-4.226809,817.0,EL ESPINAR,Residencial,CL,MEJICO,652,CL MEJICO 652 40400 EL ESPINAR (SEGOVIA),True,True,
6441717UL9174S,6441717,UL9174S,40.769581,-4.227031,877.0,EL ESPINAR,Residencial,CL,MEJICO,651,CL MEJICO 651 40400 EL ESPINAR (SEGOVIA),True,True,
6441718UL9174S,6441718,UL9174S,40.769515,-4.227249,919.0,EL ESPINAR,Residencial,CL,MEJICO,650,CL MEJICO 650 40400 EL ESPINAR (SEGOVIA),True,True,
6441719UL9174S,6441719,UL9174S,40.769467,-4.227466,925.0,EL ESPINAR,Residencial,CL,MEJICO,649,CL MEJICO 649 40400 EL ESPINAR (SEGOVIA),True,True,
6441720UL9174S,6441720,UL9174S,40.769438,-4.227687,895.0,EL ESPINAR,Residencial,CL,MEJICO,648,CL MEJICO 648 40400 EL ESPINAR (SEGOVIA),True,True,
6441721UL9174S,6441721,UL9174S,40.769425,-4.22791,831.0,EL ESPINAR,Residencial,CL,MEJICO,647,CL MEJICO 647 40400 EL ESPINAR (SEGOVIA),True,True,
6441722UL9174S,6441722,UL9174S,40.769418,-4.228133,805.0,EL ESPINAR,Residencial,CL,MEJICO,646,CL MEJICO 646 40400 EL ESPINAR (SEGOVIA),True,True,
6441723UL9174S,6441723,UL9174S,40.769415,-4.228364,829.0,EL ESPINAR,Residencial,CL,MEJICO,645,CL MEJICO 645 40400 EL ESPINAR (SEGOVIA),True,True,
6441724UL9174S,6441724,UL9174S,40.769412,-4.228601,816.0,EL ESPINAR,Residencial,CL,MEJICO,644,CL MEJICO 644 40400 EL ESPINAR (SEGOVIA),True,True,
6441725UL9174S,6441725,UL9174S,40.769407,-4.228839,816.0,EL ESPINAR,Residencial,CL,MEJICO,643,CL MEJICO 643 40400 EL ESPINAR (SEGOVIA),True,True,
6441726UL9174S,6441726,UL9174S,40.769404,-4.229082,814.0,EL ESPINAR,Residencial,CL,MEJICO,642,CL MEJICO 642 40400 EL ESPINAR (SEGOVIA),True,True,
6441728UL9174S,6441728,UL9174S,40.769402,-4.229571,814.0,EL ESPINAR,Residencial,CL,MEJICO,640,CL MEJICO 640 40400 EL ESPINAR (SEGOVIA),True,True,
6441729UL9174S,6441729,UL9174S,40.769426,-4.22983,843.0,EL ESPINAR,Residencial,CL,MEJICO,639,CL MEJICO 639 40400 EL ESPINAR (SEGOVIA),True,True,
6448601UL9164N,6448601,UL9164N,40.774833,-4.229814,353.0,EL ESPINAR,Residencial,CL,PARAGUAY,1344,CL PARAGUAY 1344 40400 EL ESPINAR (SEGOVIA),True,True,
6448602UL9164N,6448602,UL9164N,40.774843,-4.229497,406.0,EL ESPINAR,Residencial,CL,PARAGUAY,1436,CL PARAGUAY 1436 40400 EL ESPINAR (SEGOVIA),True,True,
6448603UL9164N,6448603,UL9164N,40.774886,-4.22938,475.0,EL ESPINAR,Residencial,CL,PARAGUAY,1435,CL PARAGUAY 1435 40400 EL ESPINAR (SEGOVIA),True,True,
6448604UL9164N,6448604,UL9164N,40.77886,-4.227598,356.0,EL ESPINAR,Residencial,CL,PARAGUAY,1397,CL PARAGUAY 1397 40400 EL ESPINAR (SEGOVIA),True,True,
6448605UL9164N,6448605,UL9164N,40.778782,-4.227401,656.0,EL ESPINAR,Residencial,AV,LOS ANGELES,1396,AV LOS ANGELES 1396 40400 EL ESPINAR (SEGOVIA),True,True,
6448607UL9164N,6448607,UL9164N,40.778668,-4.227228,368.0,EL ESPINAR,Residencial,AV,LOS ANGELES,1394,AV LOS ANGELES 1394 40400 EL ESPINAR (SEGOVIA),True,True,
6448608UL9164N,6448608,UL9164N,40.778609,-4.227112,372.0,EL ESPINAR,Residencial,AV,LOS ANGELES,1393,AV LOS ANGELES 1393 40400 EL ESPINAR (SEGOVIA),True,True,
6448609UL9164N,6448609,UL9164N,40.778555,-4.226997,366.0,EL ESPINAR,Residencial,AV,LOS ANGELES,1392,AV LOS ANGELES 1392 40424 EL ESPINAR (SEGOVIA),True,True,
6448610UL9164N,6448610,UL9164N,40.778504,-4.226877,354.0,EL ESPINAR,Residencial,AV,LOS ANGELES,1391,AV LOS ANGELES 1391 40424 EL ESPINAR (SEGOVIA),True,True,
6448611UL9164N,6448611,UL9164N,40.778451,-4.226757,351.0,EL ESPINAR,Residencial,AV,LOS ANGELES,1390,AV LOS ANGELES 1390 40400 EL ESPINAR (SEGOVIA),True,True,
6448612UL9164N,6448612,UL9164N,40.778394,-4.226629,364.0,EL ESPINAR,Residencial,CL,COLOMBIA,1389,CL COLOMBIA 1389 40400 EL ESPINAR (SEGOVIA),True,True,
6448613UL9164N,6448613,UL9164N,40.778307,-4.226927,601.0,EL ESPINAR,Residencial,CL,COLOMBIA,1388,CL COLOMBIA 1388 40400 EL ESPINAR (SEGOVIA),True,True,
6448614UL9164N,6448614,UL9164N,40.778209,-4.226988,596.0,EL ESPINAR,Residencial,CL,COLOMBIA,1387,CL COLOMBIA 1387 40400 EL ESPINAR (SEGOVIA),True,True,
6448615UL9164N,6448615,UL9164N,40.778111,-4.227049,594.0,EL ESPINAR,Residencial,CL,COLOMBIA,1386,CL COLOMBIA 1386 40400 EL ESPINAR (SEGOVIA),True,True,
6448616UL9164N,6448616,UL9164N,40.778013,-4.227109,589.0,EL ESPINAR,Residencial,CL,COLOMBIA,1385,CL COLOMBIA 1385 40400 EL ESPINAR (SEGOVIA),True,True,
6448617UL9164N,6448617,UL9164N,40.777915,-4.227168,580.0,EL ESPINAR,Residencial,CL,COLOMBIA,1384,CL COLOMBIA 1384 40400 EL ESPINAR (SEGOVIA),True,True,
6448618UL9164N,6448618,UL9164N,40.777816,-4.227226,569.0,EL ESPINAR,Residencial,CL,COLOMBIA,1383,CL COLOMBIA 1383 40400 EL ESPINAR (SEGOVIA),True,True,
6448619UL9164N,6448619,UL9164N,40.777718,-4.227284,561.0,EL ESPINAR,Residencial,CL,COLOMBIA,1382,CL COLOMBIA 1382 40400 EL ESPINAR (SEGOVIA),True,True,
6448620UL9164N,6448620,UL9164N,40.777619,-4.227342,551.0,EL ESPINAR,Residencial,CL,COLOMBIA,1381,CL COLOMBIA 1381 40400 EL ESPINAR (SEGOVIA),True,True,
6448621UL9164N,6448621,UL9164N,40.77752,-4.2274,539.0,EL ESPINAR,Residencial,CL,COLOMBIA,1380,CL COLOMBIA 1380 40400 EL ESPINAR (SEGOVIA),True,True,
6448622UL9164N,6448622,UL9164N,40.777421,-4.227459,531.0,EL ESPINAR,Residencial,CL,COLOMBIA,1379,CL COLOMBIA 1379 40400 EL ESPINAR (SEGOVIA),True,True,
6448623UL9164N,6448623,UL9164N,40.774579,-4.229103,421.0,EL ESPINAR,Residencial,CL,COLOMBIA,1350,CL COLOMBIA 1350 40400 EL ESPINAR (SEGOVIA),True,True,
6448624UL9164N,6448624,UL9164N,40.774461,-4.229254,409.0,EL ESPINAR,Residencial,CL,COLOMBIA,1349,CL COLOMBIA 1349 40400 EL ESPINAR (SEGOVIA),True,True,
6448625UL9164N,6448625,UL9164N,40.777323,-4.227516,519.0,EL ESPINAR,Residencial,CL,COLOMBIA,1378,CL COLOMBIA 1378 Suelo 40400 EL ESPINAR (SEGOVIA),True,True,
6448626UL9164N,6448626,UL9164N,40.777224,-4.227575,510.0,EL ESPINAR,Residencial,CL,COLOMBIA,1377,CL COLOMBIA 1377 40400 EL ESPINAR (SEGOVIA),True,True,
6448627UL9164N,6448627,UL9164N,40.777125,-4.227635,512.0,EL ESPINAR,Residencial,CL,COLOMBIA,1376,CL COLOMBIA 1376 40400 EL ESPINAR (SEGOVIA),True,True,
6448628UL9164N,6448628,UL9164N,40.777023,-4.227694,509.0,EL ESPINAR,Residencial,CL,COLOMBIA,1375,CL COLOMBIA 1375 40400 EL ESPINAR (SEGOVIA),True,True,
6448629UL9164N,6448629,UL9164N,40.776918,-4.227748,494.0,EL ESPINAR,Residencial,CL,COLOMBIA,1374,CL COLOMBIA 1374 40400 EL ESPINAR (SEGOVIA),True,True,
6448630UL9164N,6448630,UL9164N,40.776812,-4.227798,479.0,EL ESPINAR,Residencial,CL,COLOMBIA,1373,CL COLOMBIA 1373 40400 EL ESPINAR (SEGOVIA),True,True,
6448631UL9164N,6448631,UL9164N,40.776706,-4.227845,463.0,EL ESPINAR,Residencial,CL,COLOMBIA,1372,CL COLOMBIA 1372 40400 EL ESPINAR (SEGOVIA),True,True,
6448632UL9164N,6448632,UL9164N,40.776599,-4.227889,450.0,EL ESPINAR,Residencial,CL,COLOMBIA,1371,CL COLOMBIA 1371 40400 EL ESPINAR (SEGOVIA),True,True,
6448633UL9164N,6448633,UL9164N,40.776492,-4.227931,438.0,EL ESPINAR,Residencial,CL,COLOMBIA,1370,CL COLOMBIA 1370 40400 EL ESPINAR (SEGOVIA),True,True,
6448634UL9164N,6448634,UL9164N,40.776385,-4.227968,417.0,EL ESPINAR,Residencial,CL,COLOMBIA,1369,CL COLOMBIA 1369 40400 EL ESPINAR (SEGOVIA),True,True,
6448635UL9164N,6448635,UL9164N,40.77628,-4.228006,405.0,EL ESPINAR,Residencial,CL,COLOMBIA,1368,CL COLOMBIA 1368 40400 EL ESPINAR (SEGOVIA),True,True,
6448636UL9164N,6448636,UL9164N,40.776176,-4.228044,396.0,EL ESPINAR,Residencial,CL,COLOMBIA,1367,CL COLOMBIA 1367 40400 EL ESPINAR (SEGOVIA),True,True,
6448637UL9164N,6448637,UL9164N,40.776072,-4.228082,389.0,EL ESPINAR,Residencial,CL,COLOMBIA,1366,CL COLOMBIA 1366 40400 EL ESPINAR (SEGOVIA),True,True,
6448638UL9164N,6448638,UL9164N,40.775938,-4.22813,579.0,EL ESPINAR,Residencial,CL,COLOMBIA,1365,CL COLOMBIA 1365 40400 EL ESPINAR (SEGOVIA),True,True,
6448639UL9164N,6448639,UL9164N,40.775763,-4.22819,367.0,EL ESPINAR,Residencial,CL,COLOMBIA,1364,CL COLOMBIA 1364 40400 EL ESPINAR (SEGOVIA),True,True,
6448640UL9164N,6448640,UL9164N,40.77566,-4.228233,356.0,EL ESPINAR,Residencial,CL,COLOMBIA,1363,CL COLOMBIA 1363 40400 EL ESPINAR (SEGOVIA),True,True,
6448641UL9164N,6448641,UL9164N,40.775555,-4.228271,348.0,EL ESPINAR,Residencial,CL,COLOMBIA,1362,CL COLOMBIA 1362 40400 EL ESPINAR (SEGOVIA),True,True,
6448642UL9164N,6448642,UL9164N,40.775452,-4.228314,348.0,EL ESPINAR,Residencial,CL,COLOMBIA,1361,CL COLOMBIA 1361 40400 EL ESPINAR (SEGOVIA),True,True,
6448643UL9164N,6448643,UL9164N,40.77535,-4.228362,363.0,EL ESPINAR,Residencial,CL,COLOMBIA,1360,CL COLOMBIA 1360 40400 EL ESPINAR (SEGOVIA),True,True,
6448644UL9164N,6448644,UL9164N,40.775248,-4.228411,376.0,EL ESPINAR,Residencial,CL,COLOMBIA,1359,CL COLOMBIA 1359 40400 EL ESPINAR (SEGOVIA),True,True,
6448645UL9164N,6448645,UL9164N,40.775148,-4.228455,372.0,EL ESPINAR,Residencial,CL,COLOMBIA,1358,CL COLOMBIA 1358 40400 EL ESPINAR (SEGOVIA),True,True,
6448646UL9164N,6448646,UL9164N,40.775055,-4.228504,369.0,EL ESPINAR,Residencial,CL,COLOMBIA,1357,CL COLOMBIA 1357 40400 EL ESPINAR (SEGOVIA),True,True,
6448647UL9164N,6448647,UL9164N,40.774969,-4.228566,391.0,EL ESPINAR,Residencial,CL,COLOMBIA,1356,CL COLOMBIA 1356 40400 EL ESPINAR (SEGOVIA),True,True,
6448648UL9164N,6448648,UL9164N,40.774887,-4.228635,414.0,EL ESPINAR,Residencial,CL,COLOMBIA,1355,CL COLOMBIA 1355 40400 EL ESPINAR (SEGOVIA),True,True,
6448649UL9164N,6448649,UL9164N,40.774807,-4.228705,427.0,EL ESPINAR,Residencial,CL,COLOMBIA,1354,CL COLOMBIA 1354 40400 EL ESPINAR (SEGOVIA),True,True,
6448650UL9164N,6448650,UL9164N,40.774734,-4.228785,428.0,EL ESPINAR,Residencial,CL,COLOMBIA,1353,CL COLOMBIA 1353 40400 EL ESPINAR (SEGOVIA),True,True,
6448651UL9164N,6448651,UL9164N,40.774668,-4.228876,417.0,EL ESPINAR,Residencial,CL,COLOMBIA,1352,CL COLOMBIA 1352 40400 EL ESPINAR (SEGOVIA),True,True,
6448652UL9164N,6448652,UL9164N,40.774617,-4.22898,403.0,EL ESPINAR,Residencial,CL,COLOMBIA,1351,CL COLOMBIA 1351 40400 EL ESPINAR (SEGOVIA),True,True,
6448653UL9164N,6448653,UL9164N,40.774942,-4.229258,473.0,EL ESPINAR,Residencial,CL,PARAGUAY,1434,CL PARAGUAY 1434 40400 EL ESPINAR (SEGOVIA),True,True,
6448654UL9164N,6448654,UL9164N,40.775005,-4.229122,554.0,EL ESPINAR,Residencial,CL,PARAGUAY,1433,CL PARAGUAY 1433 40400 EL ESPINAR (SEGOVIA),True,True,
6448655UL9164N,6448655,UL9164N,40.775096,-4.228996,464.0,EL ESPINAR,Residencial,CL,PARAGUAY,1432,CL PARAGUAY 1432 40400 EL ESPINAR (SEGOVIA),True,True,
6448656UL9164N,6448656,UL9164N,40.775187,-4.228889,415.0,EL ESPINAR,Residencial,CL,PARAGUAY,1431,CL PARAGUAY 1431 40400 EL ESPINAR (SEGOVIA),True,True,
6448657UL9164N,6448657,UL9164N,40.775288,-4.228798,408.0,EL ESPINAR,Residencial,CL,PARAGUAY,1430,CL PARAGUAY 1430 40400 EL ESPINAR (SEGOVIA),True,True,
6448658UL9164N,6448658,UL9164N,40.775401,-4.228727,366.0,EL ESPINAR,Residencial,CL,PARAGUAY,1429,CL PARAGUAY 1429 40400 EL ESPINAR (SEGOVIA),True,True,
6448659UL9164N,6448659,UL9164N,40.775514,-4.228668,365.0,EL ESPINAR,Residencial,CL,PARAGUAY,1428,CL PARAGUAY 1428 40400 EL ESPINAR (SEGOVIA),True,True,
6448660UL9164N,6448660,UL9164N,40.775624,-4.228631,349.0,EL ESPINAR,Residencial,CL,PARAGUAY,1427,CL PARAGUAY 1427 40400 EL ESPINAR (SEGOVIA),True,True,
6448661UL9164N,6448661,UL9164N,40.77573,-4.228601,354.0,EL ESPINAR,Residencial,CL,PARAGUAY,1426,CL PARAGUAY 1426 40400 EL ESPINAR (SEGOVIA),True,True,
6448662UL9164N,6448662,UL9164N,40.775836,-4.228571,363.0,EL ESPINAR,Residencial,CL,PARAGUAY,1425,CL PARAGUAY 1425 40400 EL ESPINAR (SEGOVIA),True,True,
6448663UL9164N,6448663,UL9164N,40.775968,-4.228529,408.0,EL ESPINAR,Residencial,CL,PARAGUAY,1424,CL PARAGUAY 1424 40400 EL ESPINAR (SEGOVIA),True,True,
6448664UL9164N,6448664,UL9164N,40.776079,-4.228502,382.0,EL ESPINAR,Residencial,CL,PARAGUAY,1423,CL PARAGUAY 1423 40400 EL ESPINAR (SEGOVIA),True,True,
6448665UL9164N,6448665,UL9164N,40.776184,-4.228472,391.0,EL ESPINAR,Residencial,CL,PARAGUAY,1422,CL PARAGUAY 1422 40400 EL ESPINAR (SEGOVIA),True,True,
6448666UL9164N,6448666,UL9164N,40.77629,-4.228443,401.0,EL ESPINAR,Residencial,CL,PARAGUAY,1421,CL PARAGUAY 1421 40400 EL ESPINAR (SEGOVIA),True,True,
6448667UL9164N,6448667,UL9164N,40.776396,-4.228413,409.0,EL ESPINAR,Residencial,CL,PARAGUAY,1420,CL PARAGUAY 1420 40400 EL ESPINAR (SEGOVIA),True,True,
6448668UL9164N,6448668,UL9164N,40.776502,-4.228383,419.0,EL ESPINAR,Residencial,CL,PARAGUAY,1419,CL PARAGUAY 1419 40400 EL ESPINAR (SEGOVIA),True,True,
6448669UL9164N,6448669,UL9164N,40.776607,-4.228352,427.0,EL ESPINAR,Residencial,CL,PARAGUAY,1418,CL PARAGUAY 1418 40400 EL ESPINAR (SEGOVIA),True,True,
6448670UL9164N,6448670,UL9164N,40.776713,-4.228322,438.0,EL ESPINAR,Residencial,CL,PARAGUAY,1417,CL PARAGUAY 1417 40400 EL ESPINAR (SEGOVIA),True,True,
6448671UL9164N,6448671,UL9164N,40.776818,-4.22829,450.0,EL ESPINAR,Residencial,CL,PARAGUAY,1416,CL PARAGUAY 1416 40400 EL ESPINAR (SEGOVIA),True,True,
6448672UL9164N,6448672,UL9164N,40.776924,-4.228257,465.0,EL ESPINAR,Residencial,CL,PARAGUAY,1415,CL PARAGUAY 1415 40400 EL ESPINAR (SEGOVIA),True,True,
6448673UL9164N,6448673,UL9164N,40.777026,-4.22823,445.0,EL ESPINAR,Residencial,CL,PARAGUAY,1414,CL PARAGUAY 1414 40400 EL ESPINAR (SEGOVIA),True,True,
6448674UL9164N,6448674,UL9164N,40.777122,-4.228197,451.0,EL ESPINAR,Residencial,CL,PARAGUAY,1413,CL PARAGUAY 1413 40400 EL ESPINAR (SEGOVIA),True,True,
6448675UL9164N,6448675,UL9164N,40.777217,-4.228156,461.0,EL ESPINAR,Residencial,CL,PARAGUAY,1412,CL PARAGUAY 1412 40400 EL ESPINAR (SEGOVIA),True,True,
6448676UL9164N,6448676,UL9164N,40.777312,-4.228104,505.0,EL ESPINAR,Residencial,CL,PARAGUAY,1411,CL PARAGUAY 1411 40400 EL ESPINAR (SEGOVIA),True,True,
6448677UL9164N,6448677,UL9164N,40.777413,-4.228053,520.0,EL ESPINAR,Residencial,CL,PARAGUAY,1410,CL PARAGUAY 1410 40400 EL ESPINAR (SEGOVIA),True,True,
6448678UL9164N,6448678,UL9164N,40.777514,-4.228003,527.0,EL ESPINAR,Residencial,CL,PARAGUAY,1409,CL PARAGUAY 1409 40400 EL ESPINAR (SEGOVIA),True,True,
6448679UL9164N,6448679,UL9164N,40.777615,-4.227954,537.0,EL ESPINAR,Residencial,CL,PARAGUAY,1408,CL PARAGUAY 1408 40400 EL ESPINAR (SEGOVIA),True,True,
6448680UL9164N,6448680,UL9164N,40.777717,-4.227904,545.0,EL ESPINAR,Residencial,CL,PARAGUAY,1407,CL PARAGUAY 1407 40400 EL ESPINAR (SEGOVIA),True,True,
6448681UL9164N,6448681,UL9164N,40.777818,-4.227854,553.0,EL ESPINAR,Residencial,CL,PARAGUAY,1406,CL PARAGUAY 1406 40400 EL ESPINAR (SEGOVIA),True,True,
6448682UL9164N,6448682,UL9164N,40.777919,-4.227804,561.0,EL ESPINAR,Residencial,CL,PARAGUAY,1405,CL PARAGUAY 1405 40400 EL ESPINAR (SEGOVIA),True,True,
6448683UL9164N,6448683,UL9164N,40.778021,-4.227755,570.0,EL ESPINAR,Residencial,CL,PARAGUAY,1404,CL PARAGUAY 1404 40400 EL ESPINAR (SEGOVIA),True,True,
6448684UL9164N,6448684,UL9164N,40.778122,-4.227705,577.0,EL ESPINAR,Residencial,CL,PARAGUAY,1403,CL PARAGUAY 1403 40400 EL ESPINAR (SEGOVIA),True,True,
6448685UL9164N,6448685,UL9164N,40.778223,-4.227654,590.0,EL ESPINAR,Residencial,CL,PARAGUAY,1402,CL PARAGUAY 1402 40400 EL ESPINAR (SEGOVIA),True,True,
6448686UL9164N,6448686,UL9164N,40.778324,-4.227601,602.0,EL ESPINAR,Residencial,CL,PARAGUAY,1401,CL PARAGUAY 1401 40400 EL ESPINAR (SEGOVIA),True,True,
6448687UL9164N,6448687,UL9164N,40.778424,-4.227549,617.0,EL ESPINAR,Residencial,CL,PARAGUAY,1400,CL PARAGUAY 1400 40400 EL ESPINAR (SEGOVIA),True,True,
6448688UL9164N,6448688,UL9164N,40.778525,-4.227501,621.0,EL ESPINAR,Residencial,CL,PARAGUAY,1399,CL PARAGUAY 1399 40400 EL ESPINAR (SEGOVIA),True,True,
6448689UL9164N,6448689,UL9164N,40.778651,-4.227556,402.0,EL ESPINAR,Residencial,CL,PARAGUAY,1398,CL PARAGUAY 1398 40400 EL ESPINAR (SEGOVIA),True,True,
6448690UL9164N,6448690,UL9164N,40.774533,-4.229388,420.0,EL ESPINAR,Residencial,CL,ECUADOR,1348,CL ECUADOR 1348 40400 EL ESPINAR (SEGOVIA),True,True,
6448691UL9164N,6448691,UL9164N,40.774599,-4.229505,354.0,EL ESPINAR,Residencial,CL,ECUADOR,1347,CL ECUADOR 1347 40400 EL ESPINAR (SEGOVIA),True,True,
6448692UL9164N,6448692,UL9164N,40.774679,-4.229601,353.0,EL ESPINAR,Residencial,CL,ECUADOR,1346,CL ECUADOR 1346 40400 EL ESPINAR (SEGOVIA),True,True,
6448693UL9164N,6448693,UL9164N,40.774756,-4.229703,350.0,EL ESPINAR,Residencial,CL,ECUADOR,1345,CL ECUADOR 1345 40400 EL ESPINAR (SEGOVIA),True,True,
64486A0UL9164N,64486A0,UL9164N,40.776405,-4.228165,1383.0,EL ESPINAR,"Obras de urbanización y jardineria, suelos sin edificar",CL,COLOMBIA,,CL COLOMBIA  Suelo 40400 EL ESPINAR (SEGOVIA),False,False,
6452501UL9165S,6452501,UL9165S,40.779784,-4.22863,858.0,EL ESPINAR,"Obras de urbanización y jardineria, suelos sin edificar",CL,SIERRA DE LA CULEBRA,2,CL SIERRA DE LA CULEBRA 2 Suelo 40400 EL ESPINAR (SEGOVIA),False,False,
6452502UL9165S,6452502,UL9165S,40.779941,-4.228531,674.0,EL ESPINAR,"Obras de urbanización y jardineria, suelos sin edificar",CL,SIERRA DE LA CULEBRA,4,CL SIERRA DE LA CULEBRA 4 Suelo 40400 EL ESPINAR (SEGOVIA),False,False,
6452503UL9165S,6452503,UL9165S,40.780042,-4.228386,661.0,EL ESPINAR,"Obras de urbanización y jardineria, suelos sin edificar",CL,SIERRA DE LA CULEBRA,6,CL SIERRA DE LA CULEBRA 6 Suelo 40400 EL ESPINAR (SEGOVIA),False,False,
6452504UL9165S,6452504,UL9165S,40.780127,-4.228224,604.0,EL ESPINAR,"Obras de urbanización y jardineria, suelos sin edificar",CL,SIERRA DE LA CULEBRA,8,CL SIERRA DE LA CULEBRA 8 Suelo 40400 EL ESPINAR (SEGOVIA),False,False,
6452505UL9165S,6452505,UL9165S,40.780194,-4.228053,532.0,EL ESPINAR,"Obras de urbanización y jardineria, suelos sin edificar",CL,SIERRA DE LA CULEBRA,10,CL SIERRA DE LA CULEBRA 10 Suelo 40400 EL ESPINAR (SEGOVIA),False,False,
6452506UL9165S,6452506,UL9165S,40.780247,-4.227886,487.0,EL ESPINAR,"Obras de urbanización y jardineria, suelos sin edificar",CL,SIERRA DE LA CULEBRA,12,CL SIERRA DE LA CULEBRA 12 Suelo 40400 EL ESPINAR (SEGOVIA),False,False,
6452507UL9165S,6452507,UL9165S,40.780293,-4.227721,457.0,EL ESPINAR,"Obras de urbanización y jardineria, suelos sin edificar",CL,SIERRA DE LA CULEBRA,14,CL SIERRA DE LA CULEBRA 14 Suelo 40400 EL ESPINAR (SEGOVIA),False,False,
6452508UL9165S,6452508,UL9165S,40.780329,-4.227546,457.0,EL ESPINAR,"Obras de urbanización y jardineria, suelos sin edificar",CL,SIERRA DE LA CULEBRA,16,CL SIERRA DE LA CULEBRA 16 Suelo 40400 EL ESPINAR (SEGOVIA),False,False,
6452509UL9165S,6452509,UL9165S,40.780369,-4.227357,469.0,EL ESPINAR,"Obras de urbanización y jardineria, suelos sin edificar",CL,SIERRA DE LA CULEBRA,18,CL SIERRA DE LA CULEBRA 18 Suelo 40400 EL ESPINAR (SEGOVIA),False,False,
6452510UL9165S,6452510,UL9165S,40.780127,-4.22724,473.0,EL ESPINAR,"Obras de urbanización y jardineria, suelos sin edificar",CL,SIERRA DE GREDOS,15,CL SIERRA DE GREDOS 15 Suelo 40400 EL ESPINAR (SEGOVIA),False,False,
6452511UL9165S,6452511,UL9165S,40.780078,-4.227408,474.0,EL ESPINAR,"Obras de urbanización y jardineria, suelos sin edificar",CL,SIERRA DE GREDOS,13,CL SIERRA DE GREDOS 13 Suelo 40400 EL ESPINAR (SEGOVIA),False,False,
6452512UL9165S,6452512,UL9165S,40.780027,-4.227576,515.0,EL ESPINAR,"Obras de urbanización y jardineria, suelos sin edificar",CL,SIERRA DE GREDOS,11,CL SIERRA DE GREDOS 11 Suelo 40400 EL ESPINAR (SEGOVIA),False,False,
6452513UL9165S,6452513,UL9165S,40.779965,-4.227746,574.0,EL ESPINAR,"Obras de urbanización y jardineria, suelos sin edificar",CL,SIERRA DE GREDOS,9,CL SIERRA DE GREDOS 9 Suelo 40400 EL ESPINAR (SEGOVIA),False,False,
6452514UL9165S,6452514,UL9165S,40.779884,-4.227906,613.0,EL ESPINAR,"Obras de urbanización y jardineria, suelos sin edificar",CL,SIERRA DE GREDOS,7,CL SIERRA DE GREDOS 7 Suelo 40400 EL ESPINAR (SEGOVIA),False,False,
6452515UL9165S,6452515,UL9165S,40.779788,-4.228052,655.0,EL ESPINAR,"Obras de urbanización y jardineria, suelos sin edificar",CL,SIERRA DE GREDOS,5,CL SIERRA DE GREDOS 5 Suelo 40400 EL ESPINAR (SEGOVIA),False,False,
6452516UL9165S,6452516,UL9165S,40.779677,-4.228177,669.0,EL ESPINAR,"Obras de urbanización y jardineria, suelos sin edificar",CL,SIERRA DE GREDOS,3,CL SIERRA DE GREDOS 3 Suelo 40400 EL ESPINAR (SEGOVIA),False,False,
6452517UL9165S,6452517,UL9165S,40.779553,-4.22828,691.0,EL ESPINAR,"Obras de urbanización y jardineria, suelos sin edificar",CL,SIERRA DE GREDOS,1,CL SIERRA DE GREDOS 1 Suelo 40400 EL ESPINAR (SEGOVIA),False,False,
6453101UL9165S,6453101,UL9165S,40.78007,-4.229556,453.0,EL ESPINAR,"Obras de urbanización y jardineria, suelos sin edificar",CL,SIERRA DEL QUINTANAR,17,CL SIERRA DEL QUINTANAR 17 Suelo 40400 EL ESPINAR (SEGOVIA),False,False,
6453102UL9165S,6453102,UL9165S,40.780178,-4.229373,402.0,EL ESPINAR,"Obras de urbanización y jardineria, suelos sin edificar",CL,SIERRA DEL QUINTANAR,15,CL SIERRA DEL QUINTANAR 15 Suelo 40400 EL ESPINAR (SEGOVIA),False,False,
6453103UL9165S,6453103,UL9165S,40.780279,-4.229169,414.0,EL ESPINAR,"Obras de urbanización y jardineria, suelos sin edificar",CL,SIERRA DEL QUINTANAR,13,CL SIERRA DEL QUINTANAR 13 Suelo 40400 EL ESPINAR (SEGOVIA),False,False,
6453104UL9165S,6453104,UL9165S,40.780293,-4.228884,600.0,EL ESPINAR,"Obras de urbanización y jardineria, suelos sin edificar",CL,SIERRA DE LA CULEBRA,5,CL SIERRA DE LA CULEBRA 5 Suelo 40400 EL ESPINAR (SEGOVIA),False,False,
6453105UL9165S,6453105,UL9165S,40.78036,-4.228733,459.0,EL ESPINAR,"Obras de urbanización y jardineria, suelos sin edificar",CL,SIERRA DE LA CULEBRA,7,CL SIERRA DE LA CULEBRA 7 Suelo 40400 EL ESPINAR (SEGOVIA),False,False,
6453106UL9165S,6453106,UL9165S,40.780417,-4.228583,450.0,EL ESPINAR,"Obras de urbanización y jardineria, suelos sin edificar",CL,SIERRA DE LA CULEBRA,9,CL SIERRA DE LA CULEBRA 9 Suelo 40400 EL ESPINAR (SEGOVIA),False,False,
6453107UL9165S,6453107,UL9165S,40.780467,-4.228423,427.0,EL ESPINAR,"Obras de urbanización y jardineria, suelos sin edificar",CL,SIERRA DE LA CULEBRA,11,CL SIERRA DE LA CULEBRA 11 Suelo 40400 EL ESPINAR (SEGOVIA),False,False,
6453108UL9165S,6453108,UL9165S,40.780516,-4.228261,415.0,EL ESPINAR,"Obras de urbanización y jardineria, suelos sin edificar",CL,SIERRA DE LA CULEBRA,13,CL SIERRA DE LA CULEBRA 13 Suelo 40400 EL ESPINAR (SEGOVIA),False,False,
6453109UL9165S,6453109,UL9165S,40.78056,-4.22809,421.0,EL ESPINAR,"Obras de urbanización y jardineria, suelos sin edificar",CL,SIERRA DE LA CULEBRA,15,CL SIERRA DE LA CULEBRA 15 Suelo 40400 EL ESPINAR (SEGOVIA),False,False,
6453110UL9165S,6453110,UL9165S,40.780596,-4.227909,402.0,EL ESPINAR,"Obras de urbanización y jardineria, suelos sin edificar",CL,SIERRA DE LA CULEBRA,17,CL SIERRA DE LA CULEBRA 17 Suelo 40400 EL ESPINAR (SEGOVIA),False,False,
6453111UL9165S,6453111,UL9165S,40.780624,-4.227717,402.0,EL ESPINAR,"Obras de urbanización y jardineria, suelos sin edificar",CL,SIERRA DE LA CULEBRA,19,CL SIERRA DE LA CULEBRA 19 Suelo 40400 EL ESPINAR (SEGOVIA),False,False,
6453112UL9165S,6453112,UL9165S,40.780643,-4.227505,402.0,EL ESPINAR,"Obras de urbanización y jardineria, suelos sin edificar",CL,SIERRA DE LA CULEBRA,21,CL SIERRA DE LA CULEBRA 21 Suelo 40400 EL ESPINAR (SEGOVIA),False,False,
6453113UL9165S,6453113,UL9165S,40.780662,-4.227222,425.0,EL ESPINAR,"Obras de urbanización y jardineria, suelos sin edificar",CL,SIERRA DE LA CULEBRA,23,CL SIERRA DE LA CULEBRA 23 Suelo 40400 EL ESPINAR (SEGOVIA),False,False,
6453114UL9165S,6453114,UL9165S,40.780144,-4.228972,456.0,EL ESPINAR,"Obras de urbanización y jardineria, suelos sin edificar",CL,SIERRA DE LA CULEBRA,3,CL SIERRA DE LA CULEBRA 3 Suelo 40400 EL ESPINAR (SEGOVIA),False,False,
6453115UL9165S,6453115,UL9165S,40.780033,-4.229209,628.0,EL ESPINAR,"Obras de urbanización y jardineria, suelos sin edificar",CL,SIERRA DE LA CULEBRA,1,CL SIERRA DE LA CULEBRA 1 Suelo 40400 EL ESPINAR (SEGOVIA),False,False,
6456807UL9165N,6456807,UL9165N,40.78581,-4.228276,521.0,VEGAS DE MATUTE,Residencial,AV,VENECIA,21,AV VENECIA 21(2) 40423 VEGAS DE MATUTE (SEGOVIA),True,False,
6456808UL9165N,6456808,UL9165N,40.785714,-4.228162,482.0,VEGAS DE MATUTE,Residencial,AV,VENECIA,20,AV VENECIA 20(2) 40423 VEGAS DE MATUTE (SEGOVIA),True,False,
6456809UL9165N,6456809,UL9165N,40.785627,-4.228055,458.0,VEGAS DE MATUTE,Residencial,AV,VENECIA,19,AV VENECIA 19(2) 40423 VEGAS DE MATUTE (SEGOVIA),True,False,
6456810UL9165N,6456810,UL9165N,40.785547,-4.227952,438.0,VEGAS DE MATUTE,Residencial,AV,VENECIA,18,AV VENECIA 18(2) 40423 VEGAS DE MATUTE (SEGOVIA),True,False,
6456811UL9165N,6456811,UL9165N,40.785469,-4.227855,448.0,VEGAS DE MATUTE,Residencial,AV,VENECIA,17,AV VENECIA 17(2) 40423 VEGAS DE MATUTE (SEGOVIA),True,False,
6456812UL9165N,6456812,UL9165N,40.785378,-4.227754,548.0,VEGAS DE MATUTE,Residencial,AV,VENECIA,16,AV VENECIA 16(2) 40423 VEGAS DE MATUTE (SEGOVIA),True,False,
6456813UL9165N,6456813,UL9165N,40.785307,-4.227627,452.0,VEGAS DE MATUTE,Residencial,AV,VENECIA,15,AV VENECIA 15(2) 40423 VEGAS DE MATUTE (SEGOVIA),True,False,
6456814UL9165N,6456814,UL9165N,40.785238,-4.227518,448.0,VEGAS DE MATUTE,Residencial,AV,VENECIA,14,AV VENECIA 14(2) 40423 VEGAS DE MATUTE (SEGOVIA),True,False,
6456815UL9165N,6456815,UL9165N,40.78517,-4.227407,448.0,VEGAS DE MATUTE,Residencial,AV,VENECIA,13,AV VENECIA 13(2) 40423 VEGAS DE MATUTE (SEGOVIA),True,False,
6456816UL9165N,6456816,UL9165N,40.785103,-4.227295,450.0,VEGAS DE MATUTE,Residencial,AV,VENECIA,12,AV VENECIA 12(2) 40423 VEGAS DE MATUTE (SEGOVIA),True,False,
6456817UL9165N,6456817,UL9165N,40.785037,-4.227182,456.0,VEGAS DE MATUTE,Residencial,AV,VENECIA,11,AV VENECIA 11(2) 40423 VEGAS DE MATUTE (SEGOVIA),True,False,
6456818UL9165N,6456818,UL9165N,40.784961,-4.227066,536.0,VEGAS DE MATUTE,Residencial,AV,VENECIA,10,AV VENECIA 10(2) 40423 VEGAS DE MATUTE (SEGOVIA),True,False,
6456819UL9165N,6456819,UL9165N,40.784885,-4.226931,565.0,VEGAS DE MATUTE,Residencial,AV,VENECIA,9,AV VENECIA 9(2) 40423 VEGAS DE MATUTE (SEGOVIA),True,False,
6456820UL9165N,6456820,UL9165N,40.784831,-4.226792,473.0,VEGAS DE MATUTE,Residencial,AV,VENECIA,8,AV VENECIA 8(2) 40423 VEGAS DE MATUTE (SEGOVIA),True,False,
6456821UL9165N,6456821,UL9165N,40.784775,-4.22667,472.0,VEGAS DE MATUTE,Residencial,AV,VENECIA,7,AV VENECIA 7(2) 40423 VEGAS DE MATUTE (SEGOVIA),True,False,
6456822UL9165N,6456822,UL9165N,40.784722,-4.226547,471.0,VEGAS DE MATUTE,Residencial,AV,VENECIA,6,AV VENECIA 6(2) 40423 VEGAS DE MATUTE (SEGOVIA),True,False,
6456823UL9165N,6456823,UL9165N,40.78467,-4.226422,469.0,VEGAS DE MATUTE,Residencial,AV,VENECIA,5,AV VENECIA 5(2) 40423 VEGAS DE MATUTE (SEGOVIA),True,False,
6456824UL9165N,6456824,UL9165N,40.784618,-4.226297,467.0,VEGAS DE MATUTE,Residencial,AV,VENECIA,4,AV VENECIA 4(2) 40423 VEGAS DE MATUTE (SEGOVIA),True,False,
6456825UL9165N,6456825,UL9165N,40.784566,-4.226173,465.0,VEGAS DE MATUTE,Residencial,AV,VENECIA,3,AV VENECIA 3(2) 40423 VEGAS DE MATUTE (SEGOVIA),True,False,
6456826UL9165N,6456826,UL9165N,40.784514,-4.226048,461.0,VEGAS DE MATUTE,Residencial,AV,VENECIA,2,AV VENECIA 2(2) 40423 VEGAS DE MATUTE (SEGOVIA),True,False,
6456827UL9165N,6456827,UL9165N,40.784429,-4.225936,484.0,VEGAS DE MATUTE,Residencial,AV,VENECIA,1,AV VENECIA 1(2) 40423 VEGAS DE MATUTE (SEGOVIA),True,False,
6456831UL9165N,6456831,UL9165N,40.784441,-4.226911,470.0,VEGAS DE MATUTE,Residencial,CL,GUIJUELO,45,CL GUIJUELO 45(2) 40423 VEGAS DE MATUTE (SEGOVIA),True,False,
6456832UL9165N,6456832,UL9165N,40.784498,-4.227032,467.0,VEGAS DE MATUTE,Residencial,CL,GUIJUELO,44,CL GUIJUELO 44(2) 40423 VEGAS DE MATUTE (SEGOVIA),True,False,
6456833UL9165N,6456833,UL9165N,40.784555,-4.227153,461.0,VEGAS DE MATUTE,Residencial,CL,GUIJUELO,43,CL GUIJUELO 43(2) 40423 VEGAS DE MATUTE (SEGOVIA),True,False,
6456834UL9165N,6456834,UL9165N,40.784618,-4.227282,526.0,VEGAS DE MATUTE,Residencial,CL,GUIJUELO,42,CL GUIJUELO 42(2) 40423 VEGAS DE MATUTE (SEGOVIA),True,False,
6456835UL9165N,6456835,UL9165N,40.784691,-4.227423,580.0,VEGAS DE MATUTE,Residencial,CL,GUIJUELO,41,CL GUIJUELO 41(2) 40423 VEGAS DE MATUTE (SEGOVIA),True,False,
6456836UL9165N,6456836,UL9165N,40.784775,-4.227539,470.0,VEGAS DE MATUTE,Residencial,CL,GUIJUELO,40,CL GUIJUELO 40(2) 40423 VEGAS DE MATUTE (SEGOVIA),True,False,
6456837UL9165N,6456837,UL9165N,40.784843,-4.22765,469.0,VEGAS DE MATUTE,Residencial,CL,GUIJUELO,39,CL GUIJUELO 39(2) 40423 VEGAS DE MATUTE (SEGOVIA),True,False,
6456838UL9165N,6456838,UL9165N,40.784912,-4.227759,465.0,VEGAS DE MATUTE,Residencial,CL,GUIJUELO,38,CL GUIJUELO 38(2) 40423 VEGAS DE MATUTE (SEGOVIA),True,False,
6456839UL9165N,6456839,UL9165N,40.784982,-4.227868,458.0,VEGAS DE MATUTE,Residencial,CL,GUIJUELO,37,CL GUIJUELO 37(2) 40423 VEGAS DE MATUTE (SEGOVIA),True,False,
6456840UL9165N,6456840,UL9165N,40.785052,-4.227975,448.0,VEGAS DE MATUTE,Residencial,CL,GUIJUELO,36,CL GUIJUELO 36(2) 40423 VEGAS DE MATUTE (SEGOVIA),True,False,
6456841UL9165N,6456841,UL9165N,40.785127,-4.228099,529.0,VEGAS DE MATUTE,Residencial,CL,GUIJUELO,35,CL GUIJUELO 35(2) 40423 VEGAS DE MATUTE (SEGOVIA),True,False,
6456842UL9165N,6456842,UL9165N,40.78522,-4.2282,443.0,VEGAS DE MATUTE,Residencial,CL,GUIJUELO,34,CL GUIJUELO 34(2) 40423 VEGAS DE MATUTE (SEGOVIA),True,False,
6456843UL9165N,6456843,UL9165N,40.7853,-4.228295,447.0,VEGAS DE MATUTE,Residencial,CL,GUIJUELO,33,CL GUIJUELO 33(2) Suelo 40423 VEGAS DE MATUTE (SEGOVIA),True,False,
6456844UL9165N,6456844,UL9165N,40.785381,-4.228389,450.0,VEGAS DE MATUTE,Residencial,CL,GUIJUELO,32,CL GUIJUELO 32(2) Suelo 40423 VEGAS DE MATUTE (SEGOVIA),True,False,
6456845UL9165N,6456845,UL9165N,40.785465,-4.228488,486.0,VEGAS DE MATUTE,Residencial,CL,GUIJUELO,31,CL GUIJUELO 31(2) 40423 VEGAS DE MATUTE (SEGOVIA),True,False,
6456846UL9165N,6456846,UL9165N,40.785556,-4.228601,539.0,VEGAS DE MATUTE,"Obras de urbanización y jardineria, suelos sin edificar",CL,GUIJUELO,30,CL GUIJUELO 30(2) Suelo 40423 VEGAS DE MATUTE (SEGOVIA),False,False,
6456847UL9165N,6456847,UL9165N,40.785655,-4.228691,434.0,VEGAS DE MATUTE,"Obras de urbanización y jardineria, suelos sin edificar",CL,GUIJUELO,29,CL GUIJUELO 29(2) Suelo 40423 VEGAS DE MATUTE (SEGOVIA),False,False,
6456848UL9165N,6456848,UL9165N,40.78574,-4.22878,422.0,VEGAS DE MATUTE,"Obras de urbanización y jardineria, suelos sin edificar",CL,GUIJUELO,28,CL GUIJUELO 28(2) Suelo 40423 VEGAS DE MATUTE (SEGOVIA),False,False,
6456849UL9165N,6456849,UL9165N,40.784255,-4.225956,12.0,VEGAS DE MATUTE,"Obras de urbanización y jardineria, suelos sin edificar",AV,VALLADOLID,1,AV VALLADOLID 1(T) Suelo 40423 VEGAS DE MATUTE (SEGOVIA),False,False,
6456850UL9165N,6456850,UL9165N,40.785996,-4.22848,1378.0,VEGAS DE MATUTE,Residencial,AV,SALAMANCA,23,AV SALAMANCA 23(2) N2-2 40423 VEGAS DE MATUTE (SEGOVIA),True,False,
6456851UL9165N,6456851,UL9165N,40.785991,-4.228814,411.0,VEGAS DE MATUTE,"Obras de urbanización y jardineria, suelos sin edificar",AV,SALAMANCA,25,AV SALAMANCA 25(2) N2-2 Suelo 40423 VEGAS DE MATUTE (SEGOVIA),False,False,
6456852UL9165N,6456852,UL9165N,40.785932,-4.22903,993.0,VEGAS DE MATUTE,Residencial,AV,SALAMANCA,27,AV SALAMANCA 27(2) N2-2 Es:T Pl:00 Pt:01 40423 VEGAS DE MATUTE (SEGOVIA),True,False,
6456853UL9165N,6456853,UL9165N,40.784128,-4.226128,688.0,VEGAS DE MATUTE,Residencial,CL,GUIJUELO,46,CL GUIJUELO 46(F) 40423 VEGAS DE MATUTE (SEGOVIA),True,False,
6456854UL9165N,6456854,UL9165N,40.784185,-4.226285,466.0,VEGAS DE MATUTE,Residencial,CL,GUIJUELO,46,CL GUIJUELO 46(E) 40423 VEGAS DE MATUTE (SEGOVIA),True,False,
6456855UL9165N,6456855,UL9165N,40.784234,-4.226412,472.0,VEGAS DE MATUTE,Residencial,CL,GUIJUELO,46,CL GUIJUELO 46(D) 40423 VEGAS DE MATUTE (SEGOVIA),True,False,
6456856UL9165N,6456856,UL9165N,40.784284,-4.226538,475.0,VEGAS DE MATUTE,Residencial,CL,GUIJUELO,46,CL GUIJUELO 46(C) 40423 VEGAS DE MATUTE (SEGOVIA),True,False,
6456857UL9165N,6456857,UL9165N,40.784335,-4.226663,476.0,VEGAS DE MATUTE,Residencial,CL,GUIJUELO,46,CL GUIJUELO 46(B) 40423 VEGAS DE MATUTE (SEGOVIA),True,False,
6456858UL9165N,6456858,UL9165N,40.784387,-4.226788,472.0,VEGAS DE MATUTE,Residencial,CL,GUIJUELO,46,CL GUIJUELO 46(A) 40423 VEGAS DE MATUTE (SEGOVIA),True,False,
6547801UL9164N,6547801,UL9164N,40.777824,-4.226136,342.0,EL ESPINAR,Residencial,CL,CHILE,1280,CL CHILE 1280 40400 EL ESPINAR (SEGOVIA),True,True,
6547802UL9164N,6547802,UL9164N,40.777727,-4.226192,363.0,EL ESPINAR,Residencial,CL,CHILE,1279,CL CHILE 1279 40400 EL ESPINAR (SEGOVIA),True,True,
6547803UL9164N,6547803,UL9164N,40.77763,-4.226246,378.0,EL ESPINAR,Residencial,CL,CHILE,1278,CL CHILE 1278 40400 EL ESPINAR (SEGOVIA),True,True,
6547804UL9164N,6547804,UL9164N,40.777534,-4.226303,401.0,EL ESPINAR,Residencial,CL,CHILE,1277,CL CHILE 1277 40400 EL ESPINAR (SEGOVIA),True,True,
6547805UL9164N,6547805,UL9164N,40.777437,-4.226362,402.0,EL ESPINAR,Residencial,CL,CHILE,1276,CL CHILE 1276 40400 EL ESPINAR (SEGOVIA),True,True,
6547806UL9164N,6547806,UL9164N,40.777343,-4.22642,408.0,EL ESPINAR,Residencial,CL,CHILE,1275,CL CHILE 1275 40400 EL ESPINAR (SEGOVIA),True,True,
6547807UL9164N,6547807,UL9164N,40.777248,-4.226478,408.0,EL ESPINAR,Residencial,CL,CHILE,1274,CL CHILE 1274 40400 EL ESPINAR (SEGOVIA),True,True,
6547808UL9164N,6547808,UL9164N,40.777154,-4.226538,405.0,EL ESPINAR,Residencial,CL,CHILE,1273,CL CHILE 1273 40400 EL ESPINAR (SEGOVIA),True,True,
6547809UL9164N,6547809,UL9164N,40.777061,-4.226599,399.0,EL ESPINAR,Residencial,CL,CHILE,1272,CL CHILE 1272 40400 EL ESPINAR (SEGOVIA),True,True,
6547810UL9164N,6547810,UL9164N,40.776967,-4.226664,403.0,EL ESPINAR,Residencial,CL,CHILE,1271,CL CHILE 1271 40400 EL ESPINAR (SEGOVIA),True,True,
6547811UL9164N,6547811,UL9164N,40.776871,-4.226729,393.0,EL ESPINAR,Residencial,CL,CHILE,1270,CL CHILE 1270 40400 EL ESPINAR (SEGOVIA),True,True,
6547812UL9164N,6547812,UL9164N,40.776774,-4.226794,383.0,EL ESPINAR,Residencial,CL,CHILE,1269,CL CHILE 1269 40424 EL ESPINAR (SEGOVIA),True,True,
6547813UL9164N,6547813,UL9164N,40.776678,-4.22686,380.0,EL ESPINAR,Residencial,CL,CHILE,1268,CL CHILE 1268 40400 EL ESPINAR (SEGOVIA),True,True,
6547814UL9164N,6547814,UL9164N,40.776577,-4.22693,392.0,EL ESPINAR,Residencial,CL,CHILE,1267,CL CHILE 1267 40424 EL ESPINAR (SEGOVIA),True,True,
6547815UL9164N,6547815,UL9164N,40.778266,-4.226274,719.0,EL ESPINAR,Residencial,CL,COLOMBIA,1284,CL COLOMBIA 1284(A) Es:1 Pl:00 Pt:01 A 40400 EL ESPINAR (SEGOVIA),True,True,
6547816UL9164N,6547816,UL9164N,40.777934,-4.226079,414.0,EL ESPINAR,Residencial,CL,CHILE,26,CL CHILE 26(1) A 40400 EL ESPINAR (SEGOVIA),True,True,
6547817UL9164N,6547817,UL9164N,40.776471,-4.226993,390.0,EL ESPINAR,Residencial,CL,CHILE,1266,CL CHILE 1266 40424 EL ESPINAR (SEGOVIA),True,True,
6547818UL9164N,6547818,UL9164N,40.776362,-4.227047,383.0,EL ESPINAR,Residencial,CL,CHILE,1265,CL CHILE 1265 Suelo 40400 EL ESPINAR (SEGOVIA),True,True,
6547819UL9164N,6547819,UL9164N,40.776252,-4.227095,386.0,EL ESPINAR,Residencial,CL,CHILE,1264,CL CHILE 1264 40424 EL ESPINAR (SEGOVIA),True,True,
6547820UL9164N,6547820,UL9164N,40.776141,-4.227135,380.0,EL ESPINAR,Residencial,CL,CHILE,1263,CL CHILE 1263 40400 EL ESPINAR (SEGOVIA),True,True,
6547821UL9164N,6547821,UL9164N,40.776034,-4.227167,370.0,EL ESPINAR,Residencial,CL,CHILE,1262,CL CHILE 1262 40400 EL ESPINAR (SEGOVIA),True,True,
6547822UL9164N,6547822,UL9164N,40.775929,-4.227202,376.0,EL ESPINAR,Residencial,CL,CHILE,1261,CL CHILE 1261 40424 EL ESPINAR (SEGOVIA),True,True,
6547823UL9164N,6547823,UL9164N,40.775824,-4.227236,382.0,EL ESPINAR,Residencial,CL,CHILE,1260,CL CHILE 1260 40400 EL ESPINAR (SEGOVIA),True,True,
6547824UL9164N,6547824,UL9164N,40.775719,-4.22727,387.0,EL ESPINAR,Residencial,CL,CHILE,1259,CL CHILE 1259 40400 EL ESPINAR (SEGOVIA),True,True,
6547825UL9164N,6547825,UL9164N,40.775614,-4.227304,392.0,EL ESPINAR,Residencial,CL,CHILE,1258,CL CHILE 1258 40424 EL ESPINAR (SEGOVIA),True,True,
6547826UL9164N,6547826,UL9164N,40.77551,-4.227328,372.0,EL ESPINAR,Residencial,CL,CHILE,1257,CL CHILE 1257 40400 EL ESPINAR (SEGOVIA),True,True,
6547827UL9164N,6547827,UL9164N,40.775381,-4.227374,396.0,EL ESPINAR,Residencial,CL,CHILE,1256,CL CHILE 1256 40400 EL ESPINAR (SEGOVIA),True,True,
6547828UL9164N,6547828,UL9164N,40.775277,-4.227414,410.0,EL ESPINAR,Residencial,CL,CHILE,1255,CL CHILE 1255 40424 EL ESPINAR (SEGOVIA),True,True,
6547829UL9164N,6547829,UL9164N,40.775173,-4.227448,416.0,EL ESPINAR,Residencial,CL,CHILE,1254,CL CHILE 1254 40400 EL ESPINAR (SEGOVIA),True,True,
6547830UL9164N,6547830,UL9164N,40.775068,-4.227482,421.0,EL ESPINAR,Residencial,CL,CHILE,1253,CL CHILE 1253 40400 EL ESPINAR (SEGOVIA),True,True,
6547831UL9164N,6547831,UL9164N,40.774963,-4.227516,427.0,EL ESPINAR,Residencial,CL,CHILE,1252,CL CHILE 1252 40400 EL ESPINAR (SEGOVIA),True,True,
6547832UL9164N,6547832,UL9164N,40.774858,-4.227551,432.0,EL ESPINAR,Residencial,CL,CHILE,1251,CL CHILE 1251 40424 EL ESPINAR (SEGOVIA),True,True,
6547833UL9164N,6547833,UL9164N,40.774753,-4.227585,437.0,EL ESPINAR,Residencial,CL,CHILE,1250,CL CHILE 1250 40424 EL ESPINAR (SEGOVIA),True,True,
6547834UL9164N,6547834,UL9164N,40.774648,-4.227623,451.0,EL ESPINAR,Residencial,CL,CHILE,1249,CL CHILE 1249 40400 EL ESPINAR (SEGOVIA),True,True,
6547835UL9164N,6547835,UL9164N,40.774546,-4.227672,489.0,EL ESPINAR,Residencial,CL,CHILE,1248,CL CHILE 1248 40424 EL ESPINAR (SEGOVIA),True,True,
6547836UL9164N,6547836,UL9164N,40.774448,-4.227704,447.0,EL ESPINAR,Residencial,CL,CHILE,1247,CL CHILE 1247 40400 EL ESPINAR (SEGOVIA),True,True,
6547837UL9164N,6547837,UL9164N,40.77436,-4.227744,450.0,EL ESPINAR,Residencial,CL,CHILE,1246,CL CHILE 1246 40400 EL ESPINAR (SEGOVIA),True,True,
6547838UL9164N,6547838,UL9164N,40.774276,-4.227794,462.0,EL ESPINAR,Residencial,CL,CHILE,1245,CL CHILE 1245 40400 EL ESPINAR (SEGOVIA),True,True,
6547839UL9164N,6547839,UL9164N,40.774195,-4.227852,461.0,EL ESPINAR,Residencial,CL,CHILE,1244,CL CHILE 1244 40400 EL ESPINAR (SEGOVIA),True,True,
6547840UL9164N,6547840,UL9164N,40.774118,-4.227935,525.0,EL ESPINAR,Residencial,CL,CHILE,1243,CL CHILE 1243 40424 EL ESPINAR (SEGOVIA),True,True,
6547841UL9164N,6547841,UL9164N,40.774038,-4.22802,529.0,EL ESPINAR,Residencial,CL,CHILE,1242,CL CHILE 1242 40400 EL ESPINAR (SEGOVIA),True,True,
6547842UL9164N,6547842,UL9164N,40.77396,-4.228096,480.0,EL ESPINAR,Residencial,CL,CHILE,1241,CL CHILE 1241 40400 EL ESPINAR (SEGOVIA),True,True,
6547843UL9164N,6547843,UL9164N,40.773892,-4.228178,497.0,EL ESPINAR,Residencial,CL,CHILE,1240,CL CHILE 1240 40400 EL ESPINAR (SEGOVIA),True,True,
6547844UL9164N,6547844,UL9164N,40.773822,-4.228266,529.0,EL ESPINAR,Residencial,CL,CHILE,1239,CL CHILE 1239 40400 EL ESPINAR (SEGOVIA),True,True,
6547845UL9164N,6547845,UL9164N,40.773765,-4.228368,476.0,EL ESPINAR,Residencial,CL,CHILE,1238,CL CHILE 1238 40424 EL ESPINAR (SEGOVIA),True,True,
6547846UL9164N,6547846,UL9164N,40.773712,-4.228504,637.0,EL ESPINAR,Residencial,CL,CHILE,1237,CL CHILE 1237 40400 EL ESPINAR (SEGOVIA),True,True,
6547847UL9164N,6547847,UL9164N,40.77375,-4.228672,572.0,EL ESPINAR,Residencial,CL,CHILE,1236,CL CHILE 1236 40424 EL ESPINAR (SEGOVIA),True,True,
6547848UL9164N,6547848,UL9164N,40.77375,-4.228814,578.0,EL ESPINAR,Residencial,CL,CHILE,1235,CL CHILE 1235 40400 EL ESPINAR (SEGOVIA),True,True,
6547849UL9164N,6547849,UL9164N,40.773746,-4.22895,532.0,EL ESPINAR,Residencial,CL,CHILE,1234,CL CHILE 1234 40400 EL ESPINAR (SEGOVIA),True,True,
6547850UL9164N,6547850,UL9164N,40.773593,-4.229186,363.0,EL ESPINAR,Residencial,CL,ECUADOR,1330,CL ECUADOR 1330 40400 EL ESPINAR (SEGOVIA),True,True,
6547851UL9164N,6547851,UL9164N,40.773703,-4.229193,361.0,EL ESPINAR,Residencial,CL,ECUADOR,1329,CL ECUADOR 1329 40400 EL ESPINAR (SEGOVIA),True,True,
6547852UL9164N,6547852,UL9164N,40.77381,-4.2292,367.0,EL ESPINAR,Residencial,CL,ECUADOR,1328,CL ECUADOR 1328 40400 EL ESPINAR (SEGOVIA),True,True,
6547853UL9164N,6547853,UL9164N,40.773918,-4.229207,375.0,EL ESPINAR,Residencial,CL,ECUADOR,1327,CL ECUADOR 1327 40400 EL ESPINAR (SEGOVIA),True,True,
6547854UL9164N,6547854,UL9164N,40.774026,-4.229216,374.0,EL ESPINAR,Residencial,CL,ECUADOR,1326,CL ECUADOR 1326 40400 EL ESPINAR (SEGOVIA),True,True,
6547855UL9164N,6547855,UL9164N,40.774134,-4.229229,368.0,EL ESPINAR,Residencial,CL,ECUADOR,1325,CL ECUADOR 1325 40400 EL ESPINAR (SEGOVIA),True,True,
6547856UL9164N,6547856,UL9164N,40.774245,-4.22924,370.0,EL ESPINAR,"Obras de urbanización y jardineria, suelos sin edificar",CL,ECUADOR,1324,CL ECUADOR 1324 Suelo 40400 EL ESPINAR (SEGOVIA),False,False,
6547857UL9164N,6547857,UL9164N,40.77414,-4.22897,582.0,EL ESPINAR,Residencial,CL,COLOMBIA,1323,CL COLOMBIA 1323 40400 EL ESPINAR (SEGOVIA),True,True,
6547858UL9164N,6547858,UL9164N,40.774151,-4.22879,741.0,EL ESPINAR,Residencial,CL,COLOMBIA,1322,CL COLOMBIA 1322 40400 EL ESPINAR (SEGOVIA),True,True,
6547859UL9164N,6547859,UL9164N,40.774202,-4.22863,721.0,EL ESPINAR,Residencial,CL,COLOMBIA,1321,CL COLOMBIA 1321 40400 EL ESPINAR (SEGOVIA),True,True,
6547860UL9164N,6547860,UL9164N,40.774288,-4.22849,705.0,EL ESPINAR,Residencial,CL,COLOMBIA,1320,CL COLOMBIA 1320 40400 EL ESPINAR (SEGOVIA),True,True,
6547861UL9164N,6547861,UL9164N,40.774385,-4.228358,672.0,EL ESPINAR,Residencial,CL,COLOMBIA,1319,CL COLOMBIA 1319 40400 EL ESPINAR (SEGOVIA),True,True,
6547862UL9164N,6547862,UL9164N,40.774498,-4.228254,615.0,EL ESPINAR,Residencial,CL,COLOMBIA,1318,CL COLOMBIA 1318 40400 EL ESPINAR (SEGOVIA),True,True,
6547863UL9164N,6547863,UL9164N,40.774613,-4.228175,523.0,EL ESPINAR,Residencial,CL,COLOMBIA,1317,CL COLOMBIA 1317 40400 EL ESPINAR (SEGOVIA),True,True,
6547864UL9164N,6547864,UL9164N,40.774719,-4.2281,515.0,EL ESPINAR,Residencial,CL,COLOMBIA,1316,CL COLOMBIA 1316 40400 EL ESPINAR (SEGOVIA),True,True,
6547865UL9164N,6547865,UL9164N,40.774828,-4.228036,504.0,EL ESPINAR,Residencial,CL,COLOMBIA,1315,CL COLOMBIA 1315 40400 EL ESPINAR (SEGOVIA),True,True,
6547866UL9164N,6547866,UL9164N,40.774942,-4.227988,481.0,EL ESPINAR,Residencial,CL,COLOMBIA,1314,CL COLOMBIA 1314 40400 EL ESPINAR (SEGOVIA),True,True,
6547867UL9164N,6547867,UL9164N,40.775054,-4.227949,437.0,EL ESPINAR,Residencial,CL,COLOMBIA,1313,CL COLOMBIA 1313 40400 EL ESPINAR (SEGOVIA),True,True,
6547868UL9164N,6547868,UL9164N,40.775159,-4.227911,421.0,EL ESPINAR,Residencial,CL,COLOMBIA,1312,CL COLOMBIA 1312 40400 EL ESPINAR (SEGOVIA),True,True,
6547869UL9164N,6547869,UL9164N,40.775263,-4.227871,416.0,EL ESPINAR,Residencial,CL,COLOMBIA,1311,CL COLOMBIA 1311 40400 EL ESPINAR (SEGOVIA),True,True,
6547870UL9164N,6547870,UL9164N,40.775367,-4.227832,410.0,EL ESPINAR,Residencial,CL,COLOMBIA,1310,CL COLOMBIA 1310 40400 EL ESPINAR (SEGOVIA),True,True,
6547871UL9164N,6547871,UL9164N,40.775471,-4.2278,389.0,EL ESPINAR,Residencial,CL,COLOMBIA,1309,CL COLOMBIA 1309 40400 EL ESPINAR (SEGOVIA),True,True,
6547872UL9164N,6547872,UL9164N,40.7756,-4.227752,378.0,EL ESPINAR,Residencial,CL,COLOMBIA,1308,CL COLOMBIA 1308 40400 EL ESPINAR (SEGOVIA),True,True,
6547873UL9164N,6547873,UL9164N,40.775701,-4.227704,402.0,EL ESPINAR,Residencial,CL,COLOMBIA,1307,CL COLOMBIA 1307 40400 EL ESPINAR (SEGOVIA),True,True,
6547874UL9164N,6547874,UL9164N,40.775806,-4.227667,378.0,EL ESPINAR,Residencial,CL,COLOMBIA,1306,CL COLOMBIA 1306 40400 EL ESPINAR (SEGOVIA),True,True,
6547875UL9164N,6547875,UL9164N,40.775909,-4.227627,385.0,EL ESPINAR,Residencial,CL,COLOMBIA,1305,CL COLOMBIA 1305 40400 EL ESPINAR (SEGOVIA),True,True,
6547876UL9164N,6547876,UL9164N,40.776013,-4.227587,376.0,EL ESPINAR,Residencial,CL,COLOMBIA,1304,CL COLOMBIA 1304 40400 EL ESPINAR (SEGOVIA),True,True,
6547877UL9164N,6547877,UL9164N,40.776117,-4.227548,372.0,EL ESPINAR,Residencial,CL,COLOMBIA,1303,CL COLOMBIA 1303 40400 EL ESPINAR (SEGOVIA),True,True,
6547878UL9164N,6547878,UL9164N,40.776221,-4.227507,368.0,EL ESPINAR,Residencial,CL,COLOMBIA,1302,CL COLOMBIA 1302 40400 EL ESPINAR (SEGOVIA),True,True,
6547879UL9164N,6547879,UL9164N,40.776326,-4.227468,368.0,EL ESPINAR,Residencial,CL,COLOMBIA,1301,CL COLOMBIA 1301 40400 EL ESPINAR (SEGOVIA),True,True,
6547880UL9164N,6547880,UL9164N,40.77643,-4.227422,370.0,EL ESPINAR,Residencial,CL,COLOMBIA,1300,CL COLOMBIA 1300 40400 EL ESPINAR (SEGOVIA),True,True,
6547881UL9164N,6547881,UL9164N,40.776533,-4.227375,367.0,EL ESPINAR,Residencial,CL,COLOMBIA,1299,CL COLOMBIA 1299 40400 EL ESPINAR (SEGOVIA),True,True,
6547882UL9164N,6547882,UL9164N,40.776635,-4.227322,371.0,EL ESPINAR,Residencial,CL,COLOMBIA,1298,CL COLOMBIA 1298 40400 EL ESPINAR (SEGOVIA),True,True,
6547883UL9164N,6547883,UL9164N,40.776735,-4.227264,377.0,EL ESPINAR,Residencial,CL,COLOMBIA,1297,CL COLOMBIA 1297 40400 EL ESPINAR (SEGOVIA),True,True,
6547884UL9164N,6547884,UL9164N,40.776834,-4.227205,380.0,EL ESPINAR,Residencial,CL,COLOMBIA,1296,CL COLOMBIA 1296 40400 EL ESPINAR (SEGOVIA),True,True,
6547885UL9164N,6547885,UL9164N,40.776934,-4.227144,383.0,EL ESPINAR,Residencial,CL,COLOMBIA,1295,CL COLOMBIA 1295 40400 EL ESPINAR (SEGOVIA),True,True,
6547886UL9164N,6547886,UL9164N,40.777033,-4.227079,390.0,EL ESPINAR,Residencial,CL,COLOMBIA,1294,CL COLOMBIA 1294 40400 EL ESPINAR (SEGOVIA),True,True,
6547887UL9164N,6547887,UL9164N,40.777135,-4.227015,387.0,EL ESPINAR,Residencial,CL,COLOMBIA,1293,CL COLOMBIA 1293 40400 EL ESPINAR (SEGOVIA),True,True,
6547888UL9164N,6547888,UL9164N,40.777237,-4.226951,385.0,EL ESPINAR,Residencial,CL,COLOMBIA,1292,CL COLOMBIA 1292 40400 EL ESPINAR (SEGOVIA),True,True,
6547889UL9164N,6547889,UL9164N,40.777338,-4.226887,381.0,EL ESPINAR,Residencial,CL,COLOMBIA,1291,CL COLOMBIA 1291 40400 EL ESPINAR (SEGOVIA),True,True,
6547890UL9164N,6547890,UL9164N,40.77744,-4.226823,378.0,EL ESPINAR,Residencial,CL,COLOMBIA,1290,CL COLOMBIA 1290 40400 EL ESPINAR (SEGOVIA),True,True,
6547891UL9164N,6547891,UL9164N,40.777541,-4.226759,378.0,EL ESPINAR,Residencial,CL,COLOMBIA,1289,CL COLOMBIA 1289 40400 EL ESPINAR (SEGOVIA),True,True,
6547892UL9164N,6547892,UL9164N,40.777642,-4.226692,380.0,EL ESPINAR,Residencial,CL,COLOMBIA,1288,CL COLOMBIA 1288 40400 EL ESPINAR (SEGOVIA),True,True,
6547893UL9164N,6547893,UL9164N,40.777742,-4.226626,383.0,EL ESPINAR,Residencial,CL,COLOMBIA,1287,CL COLOMBIA 1287 40400 EL ESPINAR (SEGOVIA),True,True,
6547894UL9164N,6547894,UL9164N,40.777843,-4.226559,388.0,EL ESPINAR,Residencial,CL,COLOMBIA,1286,CL COLOMBIA 1286 Suelo 40400 EL ESPINAR (SEGOVIA),True,True,
6547895UL9164N,6547895,UL9164N,40.777947,-4.2265,395.0,EL ESPINAR,Residencial,CL,COLOMBIA,1285,CL COLOMBIA 1285 40400 EL ESPINAR (SEGOVIA),True,True,
6547896UL9164N,6547896,UL9164N,40.778085,-4.225918,377.0,EL ESPINAR,Residencial,CL,CHILE,26,CL CHILE 26(2) 40400 EL ESPINAR (SEGOVIA),True,True,
6547897UL9164N,6547897,UL9164N,40.778139,-4.226061,377.0,EL ESPINAR,Residencial,CL,CHILE,26,CL CHILE 26(3) 40400 EL ESPINAR (SEGOVIA),True,True,
65478A0UL9164N,65478A0,UL9164N,40.775929,-4.227421,1450.0,EL ESPINAR,"Obras de urbanización y jardineria, suelos sin edificar",CL,COLOMBIA,,CL COLOMBIA  Suelo 40400 EL ESPINAR (SEGOVIA),False,False,
65478A1UL9164N,65478A1,UL9164N,40.778129,-4.226361,381.0,EL ESPINAR,"Obras de urbanización y jardineria, suelos sin edificar",CL,COLOMBIA,1284,CL COLOMBIA 1284(B) Suelo A 40400 EL ESPINAR (SEGOVIA),False,False,
65478A2UL9164N,65478A2,UL9164N,40.778036,-4.22642,381.0,EL ESPINAR,"Obras de urbanización y jardineria, suelos sin edificar",CL,COLOMBIA,1284,CL COLOMBIA 1284(C) Suelo A 40400 EL ESPINAR (SEGOVIA),False,False,
6552701UL9165S,6552701,UL9165S,40.779332,-4.227761,699.0,EL ESPINAR,"Obras de urbanización y jardineria, suelos sin edificar",CL,SIERRA DE GREDOS,2,CL SIERRA DE GREDOS 2 Suelo 40400 EL ESPINAR (SEGOVIA),False,False,
6552702UL9165S,6552702,UL9165S,40.779465,-4.227657,675.0,EL ESPINAR,"Obras de urbanización y jardineria, suelos sin edificar",CL,SIERRA DE GREDOS,4,CL SIERRA DE GREDOS 4 Suelo 40400 EL ESPINAR (SEGOVIA),False,False,
6552703UL9165S,6552703,UL9165S,40.779577,-4.227515,669.0,EL ESPINAR,"Obras de urbanización y jardineria, suelos sin edificar",CL,SIERRA DE GREDOS,6,CL SIERRA DE GREDOS 6 Suelo 40400 EL ESPINAR (SEGOVIA),False,False,
6552704UL9165S,6552704,UL9165S,40.779666,-4.227349,624.0,EL ESPINAR,"Obras de urbanización y jardineria, suelos sin edificar",CL,SIERRA DE GREDOS,8,CL SIERRA DE GREDOS 8 Suelo 40400 EL ESPINAR (SEGOVIA),False,False,
6552705UL9165S,6552705,UL9165S,40.779734,-4.227176,586.0,EL ESPINAR,"Obras de urbanización y jardineria, suelos sin edificar",CL,SIERRA DE GREDOS,10,CL SIERRA DE GREDOS 10 Suelo 40400 EL ESPINAR (SEGOVIA),False,False,
6552706UL9165S,6552706,UL9165S,40.779789,-4.227001,553.0,EL ESPINAR,"Obras de urbanización y jardineria, suelos sin edificar",CL,SIERRA DE GREDOS,12,CL SIERRA DE GREDOS 12 Suelo 40400 EL ESPINAR (SEGOVIA),False,False,
6552707UL9165S,6552707,UL9165S,40.779831,-4.226827,530.0,EL ESPINAR,"Obras de urbanización y jardineria, suelos sin edificar",CL,SIERRA DE GREDOS,14,CL SIERRA DE GREDOS 14 Suelo 40400 EL ESPINAR (SEGOVIA),False,False,
6552708UL9165S,6552708,UL9165S,40.779866,-4.226654,530.0,EL ESPINAR,"Obras de urbanización y jardineria, suelos sin edificar",CL,SIERRA DE GREDOS,16,CL SIERRA DE GREDOS 16 Suelo 40400 EL ESPINAR (SEGOVIA),False,False,
6552709UL9165S,6552709,UL9165S,40.779561,-4.226574,546.0,EL ESPINAR,"Obras de urbanización y jardineria, suelos sin edificar",CL,SIERRA MORENA,11,CL SIERRA MORENA 11 Suelo 40400 EL ESPINAR (SEGOVIA),False,False,
6552710UL9165S,6552710,UL9165S,40.77952,-4.226758,569.0,EL ESPINAR,"Obras de urbanización y jardineria, suelos sin edificar",CL,SIERRA MORENA,9,CL SIERRA MORENA 9 Suelo 40400 EL ESPINAR (SEGOVIA),False,False,
6552711UL9165S,6552711,UL9165S,40.779462,-4.226946,629.0,EL ESPINAR,"Obras de urbanización y jardineria, suelos sin edificar",CL,SIERRA MORENA,7,CL SIERRA MORENA 7 Suelo 40400 EL ESPINAR (SEGOVIA),False,False,
6552712UL9165S,6552712,UL9165S,40.779374,-4.227129,704.0,EL ESPINAR,"Obras de urbanización y jardineria, suelos sin edificar",CL,SIERRA MORENA,5,CL SIERRA MORENA 5 Suelo 40400 EL ESPINAR (SEGOVIA),False,False,
6552713UL9165S,6552713,UL9165S,40.779257,-4.227268,657.0,EL ESPINAR,"Obras de urbanización y jardineria, suelos sin edificar",CL,SIERRA MORENA,3,CL SIERRA MORENA 3 Suelo 40400 EL ESPINAR (SEGOVIA),False,False,
6552714UL9165S,6552714,UL9165S,40.779131,-4.227362,636.0,EL ESPINAR,"Obras de urbanización y jardineria, suelos sin edificar",CL,SIERRA MORENA,1,CL SIERRA MORENA 1 Suelo 40400 EL ESPINAR (SEGOVIA),False,False,
6553701UL9165S,6553701,UL9165S,40.780421,-4.22713,423.0,EL ESPINAR,"Obras de urbanización y jardineria, suelos sin edificar",CL,SIERRA DE LA CULEBRA,20,CL SIERRA DE LA CULEBRA 20 Suelo 40400 EL ESPINAR (SEGOVIA),False,False,
6553702UL9165S,6553702,UL9165S,40.78046,-4.226939,442.0,EL ESPINAR,"Obras de urbanización y jardineria, suelos sin edificar",CL,SIERRA DE LA CULEBRA,22,CL SIERRA DE LA CULEBRA 22 Suelo 40400 EL ESPINAR (SEGOVIA),False,False,
6553703UL9165S,6553703,UL9165S,40.780502,-4.226746,508.0,EL ESPINAR,"Obras de urbanización y jardineria, suelos sin edificar",CL,SIERRA DE LA CULEBRA,24,CL SIERRA DE LA CULEBRA 24 Suelo 40400 EL ESPINAR (SEGOVIA),False,False,
6553704UL9165S,6553704,UL9165S,40.780495,-4.22652,400.0,EL ESPINAR,"Obras de urbanización y jardineria, suelos sin edificar",CL,SIERRA DEL QUINTANAR,11,CL SIERRA DEL QUINTANAR 11 Suelo 40400 EL ESPINAR (SEGOVIA),False,False,
6553705UL9165S,6553705,UL9165S,40.780327,-4.22587,14.0,EL ESPINAR,"Obras de urbanización y jardineria, suelos sin edificar",CL,SIERRA DE GREDOS,31,CL SIERRA DE GREDOS 31 Suelo 40400 EL ESPINAR (SEGOVIA),False,False,
6553706UL9165S,6553706,UL9165S,40.780326,-4.226048,420.0,EL ESPINAR,"Obras de urbanización y jardineria, suelos sin edificar",CL,SIERRA DE GREDOS,29,CL SIERRA DE GREDOS 29 Suelo 40400 EL ESPINAR (SEGOVIA),False,False,
6553707UL9165S,6553707,UL9165S,40.780332,-4.22624,431.0,EL ESPINAR,"Obras de urbanización y jardineria, suelos sin edificar",CL,SIERRA DE GREDOS,27,CL SIERRA DE GREDOS 27 Suelo 40400 EL ESPINAR (SEGOVIA),False,False,
6553708UL9165S,6553708,UL9165S,40.780294,-4.22639,438.0,EL ESPINAR,"Obras de urbanización y jardineria, suelos sin edificar",CL,SIERRA DE GREDOS,25,CL SIERRA DE GREDOS 25 Suelo 40400 EL ESPINAR (SEGOVIA),False,False,
6553709UL9165S,6553709,UL9165S,40.780263,-4.226552,413.0,EL ESPINAR,"Obras de urbanización y jardineria, suelos sin edificar",CL,SIERRA DE GREDOS,23,CL SIERRA DE GREDOS 23 Suelo 40400 EL ESPINAR (SEGOVIA),False,False,
6553710UL9165S,6553710,UL9165S,40.780239,-4.226716,412.0,EL ESPINAR,"Obras de urbanización y jardineria, suelos sin edificar",CL,SIERRA DE GREDOS,21,CL SIERRA DE GREDOS 21 Suelo 40400 EL ESPINAR (SEGOVIA),False,False,
6553711UL9165S,6553711,UL9165S,40.780214,-4.226886,436.0,EL ESPINAR,"Obras de urbanización y jardineria, suelos sin edificar",CL,SIERRA DE GREDOS,19,CL SIERRA DE GREDOS 19 Suelo 40400 EL ESPINAR (SEGOVIA),False,False,
6553712UL9165S,6553712,UL9165S,40.780178,-4.227052,425.0,EL ESPINAR,"Obras de urbanización y jardineria, suelos sin edificar",CL,SIERRA DE GREDOS,17,CL SIERRA DE GREDOS 17 Suelo 40400 EL ESPINAR (SEGOVIA),False,False,
6554901UL9165S,6554901,UL9165S,40.783238,-4.225884,3720.0,VEGAS DE MATUTE,"Obras de urbanización y jardineria, suelos sin edificar",AV,VENECIA,1,AV VENECIA 1(1) Suelo 40423 VEGAS DE MATUTE (SEGOVIA),False,False,
6554902UL9165S,6554902,UL9165S,40.784387,-4.225451,482.0,VEGAS DE MATUTE,"Obras de urbanización y jardineria, suelos sin edificar",AV,VALLADOLID,2,AV VALLADOLID 2(1) Suelo 40423 VEGAS DE MATUTE (SEGOVIA),False,False,
6554903UL9165S,6554903,UL9165S,40.784282,-4.225534,408.0,VEGAS DE MATUTE,"Obras de urbanización y jardineria, suelos sin edificar",AV,VALLADOLID,3,AV VALLADOLID 3(1) Suelo 40423 VEGAS DE MATUTE (SEGOVIA),False,False,
6554904UL9165S,6554904,UL9165S,40.784183,-4.225591,408.0,VEGAS DE MATUTE,"Obras de urbanización y jardineria, suelos sin edificar",AV,VALLADOLID,4,AV VALLADOLID 4(1) Suelo 40423 VEGAS DE MATUTE (SEGOVIA),False,False,
6554905UL9165S,6554905,UL9165S,40.784066,-4.225593,531.0,VEGAS DE MATUTE,Residencial,AV,VALLADOLID,5,AV VALLADOLID 5(1) 40423 VEGAS DE MATUTE (SEGOVIA),True,False,
6554906UL9165S,6554906,UL9165S,40.78397,-4.225661,508.0,VEGAS DE MATUTE,Residencial,AV,VALLADOLID,6,AV VALLADOLID 6(1) 40423 VEGAS DE MATUTE (SEGOVIA),True,False,
6554907UL9165S,6554907,UL9165S,40.783875,-4.225729,485.0,VEGAS DE MATUTE,"Obras de urbanización y jardineria, suelos sin edificar",AV,VALLADOLID,7,AV VALLADOLID 7(1) Suelo 40423 VEGAS DE MATUTE (SEGOVIA),False,False,
6554908UL9165S,6554908,UL9165S,40.78378,-4.225797,461.0,VEGAS DE MATUTE,"Obras de urbanización y jardineria, suelos sin edificar",AV,VALLADOLID,8,AV VALLADOLID 8(1) Suelo 40423 VEGAS DE MATUTE (SEGOVIA),False,False,
6554909UL9165S,6554909,UL9165S,40.783685,-4.225865,438.0,VEGAS DE MATUTE,"Obras de urbanización y jardineria, suelos sin edificar",AV,VALLADOLID,9,AV VALLADOLID 9(1) Suelo 40423 VEGAS DE MATUTE (SEGOVIA),False,False,
6554910UL9165S,6554910,UL9165S,40.783586,-4.225935,442.0,VEGAS DE MATUTE,"Obras de urbanización y jardineria, suelos sin edificar",AV,VALLADOLID,10,AV VALLADOLID 10(1) Suelo 40423 VEGAS DE MATUTE (SEGOVIA),False,False,
6554911UL9165S,6554911,UL9165S,40.783481,-4.22601,444.0,VEGAS DE MATUTE,"Obras de urbanización y jardineria, suelos sin edificar",AV,VALLADOLID,11,AV VALLADOLID 11(1) Suelo 40423 VEGAS DE MATUTE (SEGOVIA),False,False,
6554912UL9165S,6554912,UL9165S,40.783368,-4.22609,446.0,VEGAS DE MATUTE,"Obras de urbanización y jardineria, suelos sin edificar",AV,VALLADOLID,12,AV VALLADOLID 12(1) Suelo 40423 VEGAS DE MATUTE (SEGOVIA),False,False,
6554913UL9165S,6554913,UL9165S,40.783245,-4.226178,451.0,VEGAS DE MATUTE,"Obras de urbanización y jardineria, suelos sin edificar",AV,VALLADOLID,13,AV VALLADOLID 13(1) Suelo 40423 VEGAS DE MATUTE (SEGOVIA),False,False,
6554914UL9165S,6554914,UL9165S,40.783104,-4.226277,480.0,VEGAS DE MATUTE,"Obras de urbanización y jardineria, suelos sin edificar",AV,VALLADOLID,14,AV VALLADOLID 14(1) Suelo 40423 VEGAS DE MATUTE (SEGOVIA),False,False,
6554915UL9165S,6554915,UL9165S,40.782929,-4.2264,542.0,VEGAS DE MATUTE,"Obras de urbanización y jardineria, suelos sin edificar",AV,VALLADOLID,15,AV VALLADOLID 15(1) Suelo 40423 VEGAS DE MATUTE (SEGOVIA),False,False,
6554916UL9165S,6554916,UL9165S,40.782712,-4.226562,567.0,VEGAS DE MATUTE,"Obras de urbanización y jardineria, suelos sin edificar",AV,VALLADOLID,16,AV VALLADOLID 16(1) Suelo 40423 VEGAS DE MATUTE (SEGOVIA),False,False,
6554917UL9165S,6554917,UL9165S,40.782469,-4.22678,640.0,VEGAS DE MATUTE,"Obras de urbanización y jardineria, suelos sin edificar",AV,VALLADOLID,17,AV VALLADOLID 17(1) Suelo 40423 VEGAS DE MATUTE (SEGOVIA),False,False,
6559301UL9165N,6559301,UL9165N,40.786169,-4.227038,41453.0,VEGAS DE MATUTE,Ocio y Hosteleria,UR,ANGELES DE SAN RAFAEL,,UR ANGELES DE SAN RAFAEL 40423 VEGAS DE MATUTE (SEGOVIA),False,False,
6559302UL9165N,6559302,UL9165N,40.785814,-4.224908,2918.0,VEGAS DE MATUTE,"Obras de urbanización y jardineria, suelos sin edificar",UR,ANGELES DE SAN RAFAEL,,UR ANGELES DE SAN RAFAEL  Suelo 40423 VEGAS DE MATUTE (SEGOVIA),False,False,
6639401UL9163N,6639401,UL9163N,40.768469,-4.226096,769.0,EL ESPINAR,"Obras de urbanización y jardineria, suelos sin edificar",CL,PERU,605,CL PERU 605(C) Suelo 40400 EL ESPINAR (SEGOVIA),False,False,
6645901UL9164N,6645901,UL9164N,40.773117,-4.226824,1078.0,EL ESPINAR,Residencial,CL,PAYSANDU,1095,CL PAYSANDU 1095 40400 EL ESPINAR (SEGOVIA),True,True,
6645902UL9164N,6645902,UL9164N,40.773265,-4.226601,1130.0,EL ESPINAR,Residencial,CL,PAYSANDU,1094,CL PAYSANDU 1094 40400 EL ESPINAR (SEGOVIA),True,True,
6645903UL9164N,6645903,UL9164N,40.77343,-4.226401,984.0,EL ESPINAR,Residencial,CL,PAYSANDU,1093,CL PAYSANDU 1093 40400 EL ESPINAR (SEGOVIA),True,True,
6645904UL9164N,6645904,UL9164N,40.773595,-4.226217,829.0,EL ESPINAR,Residencial,CL,PAYSANDU,1092,CL PAYSANDU 1092 40400 EL ESPINAR (SEGOVIA),True,True,
6645905UL9164N,6645905,UL9164N,40.773777,-4.226011,967.0,EL ESPINAR,Residencial,CL,PAYSANDU,1091,CL PAYSANDU 1091 40400 EL ESPINAR (SEGOVIA),True,True,
6645906UL9164N,6645906,UL9164N,40.773977,-4.225871,764.0,EL ESPINAR,Residencial,CL,PAYSANDU,1090,CL PAYSANDU 1090 40400 EL ESPINAR (SEGOVIA),True,True,
6645907UL9164N,6645907,UL9164N,40.774162,-4.225774,769.0,EL ESPINAR,Residencial,CL,PAYSANDU,1089,CL PAYSANDU 1089 40400 EL ESPINAR (SEGOVIA),True,True,
6645908UL9164N,6645908,UL9164N,40.77156,-4.230653,537.0,EL ESPINAR,Residencial,CL,PAYSANDU,1126,CL PAYSANDU 1126 40400 EL ESPINAR (SEGOVIA),True,True,
6645909UL9164N,6645909,UL9164N,40.771716,-4.230689,434.0,EL ESPINAR,Residencial,CL,PAYSANDU,1125,CL PAYSANDU 1125 40400 EL ESPINAR (SEGOVIA),True,True,
6645910UL9164N,6645910,UL9164N,40.771838,-4.230695,407.0,EL ESPINAR,Residencial,CL,PAYSANDU,1124,CL PAYSANDU 1124 40400 EL ESPINAR (SEGOVIA),True,True,
6645911UL9164N,6645911,UL9164N,40.771947,-4.230634,439.0,EL ESPINAR,Residencial,CL,PAYSANDU,1123,CL PAYSANDU 1123 40400 EL ESPINAR (SEGOVIA),True,True,
6645912UL9164N,6645912,UL9164N,40.772048,-4.230556,444.0,EL ESPINAR,Residencial,CL,PAYSANDU,1122,CL PAYSANDU 1122 40400 EL ESPINAR (SEGOVIA),True,True,
6645913UL9164N,6645913,UL9164N,40.772126,-4.230431,518.0,EL ESPINAR,Residencial,CL,PAYSANDU,1121,CL PAYSANDU 1121 40400 EL ESPINAR (SEGOVIA),True,True,
6645914UL9164N,6645914,UL9164N,40.772182,-4.230285,560.0,EL ESPINAR,Residencial,CL,PAYSANDU,1120,CL PAYSANDU 1120 40400 EL ESPINAR (SEGOVIA),True,True,
6645915UL9164N,6645915,UL9164N,40.772215,-4.230136,576.0,EL ESPINAR,Residencial,CL,PAYSANDU,1119,CL PAYSANDU 1119 40400 EL ESPINAR (SEGOVIA),True,True,
6645916UL9164N,6645916,UL9164N,40.772247,-4.229995,575.0,EL ESPINAR,Residencial,CL,PAYSANDU,1118,CL PAYSANDU 1118 40400 EL ESPINAR (SEGOVIA),True,True,
6645917UL9164N,6645917,UL9164N,40.772285,-4.229868,493.0,EL ESPINAR,Residencial,CL,PAYSANDU,1117,CL PAYSANDU 1117 40400 EL ESPINAR (SEGOVIA),True,True,
6645918UL9164N,6645918,UL9164N,40.774359,-4.225688,764.0,EL ESPINAR,Residencial,CL,PAYSANDU,1088,CL PAYSANDU 1088 40400 EL ESPINAR (SEGOVIA),True,True,
6645919UL9164N,6645919,UL9164N,40.774564,-4.225602,769.0,EL ESPINAR,Residencial,CL,PAYSANDU,1087,CL PAYSANDU 1087 40400 EL ESPINAR (SEGOVIA),True,True,
6645920UL9164N,6645920,UL9164N,40.774785,-4.22552,795.0,EL ESPINAR,Residencial,CL,PAYSANDU,1086,CL PAYSANDU 1086 40400 EL ESPINAR (SEGOVIA),True,True,
6645921UL9164N,6645921,UL9164N,40.775009,-4.225457,759.0,EL ESPINAR,Residencial,CL,PAYSANDU,1085,CL PAYSANDU 1085 40400 EL ESPINAR (SEGOVIA),True,True,
6645922UL9164S,6645922,UL9164S,40.775227,-4.225405,774.0,EL ESPINAR,Residencial,CL,PAYSANDU,1084,CL PAYSANDU 1084 40400 EL ESPINAR (SEGOVIA),True,True,
6645923UL9164N,6645923,UL9164N,40.775438,-4.225352,753.0,EL ESPINAR,Residencial,CL,PAYSANDU,1083,CL PAYSANDU 1083 40400 EL ESPINAR (SEGOVIA),True,True,
6645924UL9164N,6645924,UL9164N,40.775643,-4.225299,751.0,EL ESPINAR,Residencial,CL,PAYSANDU,1082,CL PAYSANDU 1082 40400 EL ESPINAR (SEGOVIA),True,True,
6645925UL9164N,6645925,UL9164N,40.775845,-4.225247,751.0,EL ESPINAR,Residencial,CL,PAYSANDU,1081,CL PAYSANDU 1081 40400 EL ESPINAR (SEGOVIA),True,True,
6645926UL9164N,6645926,UL9164N,40.776047,-4.225205,754.0,EL ESPINAR,Residencial,CL,PAYSANDU,1080,CL PAYSANDU 1080 40400 EL ESPINAR (SEGOVIA),True,True,
6645927UL9164N,6645927,UL9164N,40.776275,-4.225136,761.0,EL ESPINAR,Residencial,CL,PAYSANDU,1079,CL PAYSANDU 1079 40400 EL ESPINAR (SEGOVIA),True,True,
6645928UL9164N,6645928,UL9164N,40.77647,-4.225086,763.0,EL ESPINAR,Residencial,CL,PAYSANDU,1078,CL PAYSANDU 1078 40400 EL ESPINAR (SEGOVIA),True,True,
6645929UL9164N,6645929,UL9164N,40.776662,-4.225038,761.0,EL ESPINAR,Residencial,CL,PAYSANDU,1077,CL PAYSANDU 1077 40400 EL ESPINAR (SEGOVIA),True,True,
6645930UL9164N,6645930,UL9164N,40.776851,-4.224991,764.0,EL ESPINAR,Residencial,CL,PAYSANDU,1076,CL PAYSANDU 1076 40400 EL ESPINAR (SEGOVIA),True,True,
6645931UL9164N,6645931,UL9164N,40.777031,-4.224936,755.0,EL ESPINAR,Residencial,CL,PAYSANDU,1075,CL PAYSANDU 1075 40400 EL ESPINAR (SEGOVIA),True,True,
6645932UL9164N,6645932,UL9164N,40.777208,-4.22489,763.0,EL ESPINAR,Residencial,CL,PAYSANDU,1074,CL PAYSANDU 1074 40400 EL ESPINAR (SEGOVIA),True,True,
6645933UL9164N,6645933,UL9164N,40.777383,-4.224851,758.0,EL ESPINAR,Residencial,CL,PAYSANDU,1073,CL PAYSANDU 1073 40400 EL ESPINAR (SEGOVIA),True,True,
6645934UL9164N,6645934,UL9164N,40.777662,-4.224893,763.0,EL ESPINAR,Residencial,AV,LOS ANGELES,1072,AV LOS ANGELES 1072 40400 EL ESPINAR (SEGOVIA),True,True,
6645935UL9164N,6645935,UL9164N,40.777619,-4.224673,749.0,EL ESPINAR,Residencial,AV,LOS ANGELES,1071,AV LOS ANGELES 1071 40424 EL ESPINAR (SEGOVIA),True,True,
6645936UL9164N,6645936,UL9164N,40.77758,-4.224448,751.0,EL ESPINAR,Residencial,AV,LOS ANGELES,1070,AV LOS ANGELES 1070 40400 EL ESPINAR (SEGOVIA),True,True,
6645937UL9164N,6645937,UL9164N,40.777545,-4.224215,761.0,EL ESPINAR,Residencial,AV,LOS ANGELES,1069,AV LOS ANGELES 1069 40424 EL ESPINAR (SEGOVIA),True,True,
6645938UL9164N,6645938,UL9164N,40.777309,-4.224395,755.0,EL ESPINAR,Residencial,CL,BRASIL,1068,CL BRASIL 1068 40400 EL ESPINAR (SEGOVIA),True,True,
6645939UL9164N,6645939,UL9164N,40.777136,-4.224447,765.0,EL ESPINAR,Residencial,CL,BRASIL,1067,CL BRASIL 1067 40400 EL ESPINAR (SEGOVIA),True,True,
6645940UL9164N,6645940,UL9164N,40.77696,-4.224498,756.0,EL ESPINAR,Residencial,CL,BRASIL,1066,CL BRASIL 1066 40400 EL ESPINAR (SEGOVIA),True,True,
6645941UL9164N,6645941,UL9164N,40.772683,-4.226642,495.0,EL ESPINAR,Residencial,CL,BRASIL,1042,CL BRASIL 1042 40400 EL ESPINAR (SEGOVIA),True,True,
6645942UL9164N,6645942,UL9164N,40.772644,-4.226775,492.0,EL ESPINAR,Residencial,CL,BRASIL,1041,CL BRASIL 1041 40400 EL ESPINAR (SEGOVIA),True,True,
6645943UL9164N,6645943,UL9164N,40.772593,-4.226899,473.0,EL ESPINAR,Residencial,CL,BRASIL,1040,CL BRASIL 1040 40400 EL ESPINAR (SEGOVIA),True,True,
6645944UL9164N,6645944,UL9164N,40.772538,-4.227025,477.0,EL ESPINAR,Residencial,CL,BRASIL,1039,CL BRASIL 1039 40400 EL ESPINAR (SEGOVIA),True,True,
6645945UL9164N,6645945,UL9164N,40.772489,-4.227159,468.0,EL ESPINAR,Residencial,CL,BRASIL,1038,CL BRASIL 1038 40400 EL ESPINAR (SEGOVIA),True,True,
6645946UL9164N,6645946,UL9164N,40.772439,-4.227293,460.0,EL ESPINAR,Residencial,CL,BRASIL,1037,CL BRASIL 1037 40400 EL ESPINAR (SEGOVIA),True,True,
6645947UL9164N,6645947,UL9164N,40.77239,-4.227427,454.0,EL ESPINAR,Residencial,CL,BRASIL,1036,CL BRASIL 1036 40400 EL ESPINAR (SEGOVIA),True,True,
6645948UL9164N,6645948,UL9164N,40.772348,-4.22756,427.0,EL ESPINAR,Residencial,CL,BRASIL,1035,CL BRASIL 1035 40400 EL ESPINAR (SEGOVIA),True,True,
6645949UL9164N,6645949,UL9164N,40.772308,-4.227687,435.0,EL ESPINAR,Residencial,CL,BRASIL,1034,CL BRASIL 1034 40400 EL ESPINAR (SEGOVIA),True,True,
6645950UL9164N,6645950,UL9164N,40.772269,-4.227812,434.0,EL ESPINAR,Residencial,CL,BRASIL,1033,CL BRASIL 1033 40400 EL ESPINAR (SEGOVIA),True,True,
6645951UL9164N,6645951,UL9164N,40.772313,-4.229746,485.0,EL ESPINAR,Residencial,CL,PAYSANDU,1116,CL PAYSANDU 1116 40400 EL ESPINAR (SEGOVIA),True,True,
6645952UL9164N,6645952,UL9164N,40.772337,-4.22962,490.0,EL ESPINAR,Residencial,CL,PAYSANDU,1115,CL PAYSANDU 1115 40400 EL ESPINAR (SEGOVIA),True,True,
6645953UL9164N,6645953,UL9164N,40.772367,-4.229482,530.0,EL ESPINAR,Residencial,CL,PAYSANDU,1114,CL PAYSANDU 1114 40400 EL ESPINAR (SEGOVIA),True,True,
6645954UL9164N,6645954,UL9164N,40.772401,-4.229339,464.0,EL ESPINAR,Residencial,CL,PAYSANDU,1113,CL PAYSANDU 1113 40400 EL ESPINAR (SEGOVIA),True,True,
6645955UL9164N,6645955,UL9164N,40.772426,-4.229196,484.0,EL ESPINAR,Residencial,CL,PAYSANDU,1112,CL PAYSANDU 1112 40400 EL ESPINAR (SEGOVIA),True,True,
6645956UL9164N,6645956,UL9164N,40.772458,-4.229055,436.0,EL ESPINAR,Residencial,CL,PAYSANDU,1111,CL PAYSANDU 1111 40400 EL ESPINAR (SEGOVIA),True,True,
6645957UL9164N,6645957,UL9164N,40.772485,-4.228917,425.0,EL ESPINAR,Residencial,CL,PAYSANDU,1110,CL PAYSANDU 1110 40400 EL ESPINAR (SEGOVIA),True,True,
6645958UL9164N,6645958,UL9164N,40.772512,-4.22878,412.0,EL ESPINAR,Residencial,CL,PAYSANDU,1109,CL PAYSANDU 1109 40400 EL ESPINAR (SEGOVIA),True,True,
6645959UL9164N,6645959,UL9164N,40.772539,-4.228643,399.0,EL ESPINAR,Residencial,CL,PAYSANDU,1108,CL PAYSANDU 1108 40400 EL ESPINAR (SEGOVIA),True,True,
6645960UL9164N,6645960,UL9164N,40.772516,-4.228484,535.0,EL ESPINAR,Residencial,CL,PAYSANDU,1107,CL PAYSANDU 1107 40400 EL ESPINAR (SEGOVIA),True,True,
6645961UL9164N,6645961,UL9164N,40.772546,-4.228346,507.0,EL ESPINAR,Residencial,CL,PAYSANDU,1106,CL PAYSANDU 1106 40400 EL ESPINAR (SEGOVIA),True,True,
6645962UL9164N,6645962,UL9164N,40.772574,-4.228209,495.0,EL ESPINAR,Residencial,CL,PAYSANDU,1105,CL PAYSANDU 1105 40400 EL ESPINAR (SEGOVIA),True,True,
6645963UL9164N,6645963,UL9164N,40.772602,-4.228073,480.0,EL ESPINAR,Residencial,CL,PAYSANDU,1104,CL PAYSANDU 1104 40400 EL ESPINAR (SEGOVIA),True,True,
6645964UL9164N,6645964,UL9164N,40.772627,-4.227928,509.0,EL ESPINAR,Residencial,CL,PAYSANDU,1103,CL PAYSANDU 1103 40400 EL ESPINAR (SEGOVIA),True,True,
6645965UL9164N,6645965,UL9164N,40.772664,-4.227781,484.0,EL ESPINAR,Residencial,CL,PAYSANDU,1102,CL PAYSANDU 1102 40400 EL ESPINAR (SEGOVIA),True,True,
6645966UL9164N,6645966,UL9164N,40.772702,-4.227634,473.0,EL ESPINAR,Residencial,CL,PAYSANDU,1101,CL PAYSANDU 1101 40400 EL ESPINAR (SEGOVIA),True,True,
6645967UL9164N,6645967,UL9164N,40.772754,-4.227498,464.0,EL ESPINAR,Residencial,CL,PAYSANDU,1100,CL PAYSANDU 1100 40400 EL ESPINAR (SEGOVIA),True,True,
6645968UL9164N,6645968,UL9164N,40.77281,-4.227365,473.0,EL ESPINAR,Residencial,CL,PAYSANDU,1099,CL PAYSANDU 1099 40400 EL ESPINAR (SEGOVIA),True,True,
6645969UL9164N,6645969,UL9164N,40.772871,-4.227237,493.0,EL ESPINAR,Residencial,CL,PAYSANDU,1098,CL PAYSANDU 1098 40400 EL ESPINAR (SEGOVIA),True,True,
6645970UL9164N,6645970,UL9164N,40.772939,-4.227115,515.0,EL ESPINAR,Residencial,CL,PAYSANDU,1097,CL PAYSANDU 1097 40400 EL ESPINAR (SEGOVIA),True,True,
6645971UL9164N,6645971,UL9164N,40.77301,-4.226994,558.0,EL ESPINAR,Residencial,CL,PAYSANDU,1096,CL PAYSANDU 1096 40400 EL ESPINAR (SEGOVIA),True,True,
6645972UL9164N,6645972,UL9164N,40.772228,-4.227936,467.0,EL ESPINAR,Residencial,CL,BRASIL,1032,CL BRASIL 1032 40400 EL ESPINAR (SEGOVIA),True,True,
6645973UL9164N,6645973,UL9164N,40.772189,-4.228064,496.0,EL ESPINAR,Residencial,CL,BRASIL,1031,CL BRASIL 1031 40400 EL ESPINAR (SEGOVIA),True,True,
6645974UL9164N,6645974,UL9164N,40.772152,-4.228193,503.0,EL ESPINAR,Residencial,CL,BRASIL,1030,CL BRASIL 1030 40400 EL ESPINAR (SEGOVIA),True,True,
6645975UL9164N,6645975,UL9164N,40.772114,-4.228324,544.0,EL ESPINAR,Residencial,CL,BRASIL,1029,CL BRASIL 1029 40400 EL ESPINAR (SEGOVIA),True,True,
6645976UL9164N,6645976,UL9164N,40.772022,-4.228433,400.0,EL ESPINAR,Residencial,CL,BRASIL,1028,CL BRASIL 1028 40400 EL ESPINAR (SEGOVIA),True,True,
6645977UL9164N,6645977,UL9164N,40.771987,-4.228563,416.0,EL ESPINAR,Residencial,CL,BRASIL,1027,CL BRASIL 1027 40400 EL ESPINAR (SEGOVIA),True,True,
6645978UL9164N,6645978,UL9164N,40.771949,-4.228694,449.0,EL ESPINAR,Residencial,CL,BRASIL,1026,CL BRASIL 1026 40400 EL ESPINAR (SEGOVIA),True,True,
6645979UL9164N,6645979,UL9164N,40.771915,-4.22883,450.0,EL ESPINAR,Residencial,CL,BRASIL,1025,CL BRASIL 1025 40400 EL ESPINAR (SEGOVIA),True,True,
6645980UL9164N,6645980,UL9164N,40.771881,-4.228965,457.0,EL ESPINAR,Residencial,CL,BRASIL,1024,CL BRASIL 1024 40400 EL ESPINAR (SEGOVIA),True,True,
6645981UL9164N,6645981,UL9164N,40.77185,-4.229099,448.0,EL ESPINAR,Residencial,CL,BRASIL,1023,CL BRASIL 1023 40400 EL ESPINAR (SEGOVIA),True,True,
6645982UL9164N,6645982,UL9164N,40.771819,-4.229233,442.0,EL ESPINAR,Residencial,CL,BRASIL,1022,CL BRASIL 1022 40400 EL ESPINAR (SEGOVIA),True,True,
6645983UL9164N,6645983,UL9164N,40.77179,-4.229367,442.0,EL ESPINAR,Residencial,CL,BRASIL,1021,CL BRASIL 1021 40400 EL ESPINAR (SEGOVIA),True,True,
6645984UL9164N,6645984,UL9164N,40.771747,-4.229573,892.0,EL ESPINAR,Residencial,CL,BRASIL,1019,CL BRASIL 1019 40400 EL ESPINAR (SEGOVIA),True,True,
6645986UL9164N,6645986,UL9164N,40.7717,-4.229779,435.0,EL ESPINAR,Residencial,CL,BRASIL,1018,CL BRASIL 1018 40400 EL ESPINAR (SEGOVIA),True,True,
6645987UL9164N,6645987,UL9164N,40.771669,-4.229915,432.0,EL ESPINAR,Residencial,CL,BRASIL,1017,CL BRASIL 1017 40400 EL ESPINAR (SEGOVIA),True,True,
6645988UL9164N,6645988,UL9164N,40.771638,-4.230049,421.0,EL ESPINAR,Residencial,CL,BRASIL,1016,CL BRASIL 1016 40400 EL ESPINAR (SEGOVIA),True,True,
6645989UL9164N,6645989,UL9164N,40.771608,-4.230183,417.0,EL ESPINAR,Residencial,CL,BRASIL,1015,CL BRASIL 1015 40400 EL ESPINAR (SEGOVIA),True,True,
6645990UL9164N,6645990,UL9164N,40.771577,-4.230315,404.0,EL ESPINAR,Residencial,CL,BRASIL,1014,CL BRASIL 1014 40400 EL ESPINAR (SEGOVIA),True,True,
6645991UL9164N,6645991,UL9164N,40.771418,-4.230535,6503.0,EL ESPINAR,"Obras de urbanización y jardineria, suelos sin edificar",CL,BRASIL,1281,CL BRASIL 1281 Suelo 40400 EL ESPINAR (SEGOVIA),False,False,
6645992UL9164N,6645992,UL9164N,40.776778,-4.224544,763.0,EL ESPINAR,Residencial,CL,BRASIL,1065,CL BRASIL 1065 40400 EL ESPINAR (SEGOVIA),True,True,
6645993UL9164N,6645993,UL9164N,40.776591,-4.224598,761.0,EL ESPINAR,Residencial,CL,BRASIL,1064,CL BRASIL 1064 40400 EL ESPINAR (SEGOVIA),True,True,
6645994UL9164N,6645994,UL9164N,40.7764,-4.224653,764.0,EL ESPINAR,Residencial,CL,BRASIL,1063,CL BRASIL 1063 40400 EL ESPINAR (SEGOVIA),True,True,
6645995UL9164N,6645995,UL9164N,40.776206,-4.224709,762.0,EL ESPINAR,Residencial,CL,BRASIL,1062,CL BRASIL 1062 40400 EL ESPINAR (SEGOVIA),True,True,
6645996UL9164N,6645996,UL9164N,40.776009,-4.224766,766.0,EL ESPINAR,Residencial,CL,BRASIL,1061,CL BRASIL 1061 40400 EL ESPINAR (SEGOVIA),True,True,
6645997UL9164N,6645997,UL9164N,40.775808,-4.224824,765.0,EL ESPINAR,Residencial,CL,BRASIL,1060,CL BRASIL 1060 40400 EL ESPINAR (SEGOVIA),True,True,
6645998UL9164N,6645998,UL9164N,40.775604,-4.224883,763.0,EL ESPINAR,Residencial,CL,BRASIL,1059,CL BRASIL 1059 40400 EL ESPINAR (SEGOVIA),True,True,
6645999UL9164N,6645999,UL9164N,40.775375,-4.22495,765.0,EL ESPINAR,Residencial,CL,BRASIL,1058,CL BRASIL 1058 40400 EL ESPINAR (SEGOVIA),True,True,
66459A0UL9164N,66459A0,UL9164N,40.775162,-4.22501,772.0,EL ESPINAR,Residencial,CL,BRASIL,1057,CL BRASIL 1057 40400 EL ESPINAR (SEGOVIA),True,True,
66459A1UL9164N,66459A1,UL9164N,40.774945,-4.225071,766.0,EL ESPINAR,Residencial,CL,BRASIL,1056,CL BRASIL 1056 40400 EL ESPINAR (SEGOVIA),True,True,
66459A2UL9164N,66459A2,UL9164N,40.774719,-4.225138,815.0,EL ESPINAR,Residencial,CL,BRASIL,1055,CL BRASIL 1055 40400 EL ESPINAR (SEGOVIA),True,True,
66459A3UL9164N,66459A3,UL9164N,40.774493,-4.225211,781.0,EL ESPINAR,Residencial,CL,BRASIL,1054,CL BRASIL 1054 40400 EL ESPINAR (SEGOVIA),True,True,
66459A4UL9164N,66459A4,UL9164N,40.774278,-4.225283,807.0,EL ESPINAR,Residencial,CL,BRASIL,1053,CL BRASIL 1053 40400 EL ESPINAR (SEGOVIA),True,True,
66459A5UL9164N,66459A5,UL9164N,40.774067,-4.225359,817.0,EL ESPINAR,Residencial,CL,BRASIL,1052,CL BRASIL 1052 40400 EL ESPINAR (SEGOVIA),True,True,
66459A6UL9164N,66459A6,UL9164N,40.77387,-4.225444,799.0,EL ESPINAR,Residencial,CL,BRASIL,1051,CL BRASIL 1051 40400 EL ESPINAR (SEGOVIA),True,True,
66459A7UL9164N,66459A7,UL9164N,40.773691,-4.225548,769.0,EL ESPINAR,Residencial,CL,BRASIL,1050,CL BRASIL 1050 40400 EL ESPINAR (SEGOVIA),True,True,
66459A8UL9164N,66459A8,UL9164N,40.773539,-4.225681,782.0,EL ESPINAR,Residencial,CL,BRASIL,1049,CL BRASIL 1049 40400 EL ESPINAR (SEGOVIA),True,True,
66459A9UL9164N,66459A9,UL9164N,40.773388,-4.225808,854.0,EL ESPINAR,Residencial,CL,BRASIL,1048,CL BRASIL 1048 40400 EL ESPINAR (SEGOVIA),True,True,
66459B0UL9164N,66459B0,UL9164N,40.773237,-4.225933,870.0,EL ESPINAR,Residencial,CL,BRASIL,1047,CL BRASIL 1047 Suelo 40400 EL ESPINAR (SEGOVIA),True,True,
66459B1UL9164N,66459B1,UL9164N,40.773092,-4.226055,869.0,EL ESPINAR,Residencial,CL,BRASIL,1046,CL BRASIL 1046 40400 EL ESPINAR (SEGOVIA),True,True,
66459B2UL9164N,66459B2,UL9164N,40.772958,-4.226175,821.0,EL ESPINAR,Residencial,CL,BRASIL,1045,CL BRASIL 1045 40400 EL ESPINAR (SEGOVIA),True,True,
66459B3UL9164N,66459B3,UL9164N,40.772852,-4.226328,875.0,EL ESPINAR,Residencial,CL,BRASIL,1044,CL BRASIL 1044 40400 EL ESPINAR (SEGOVIA),True,True,
66459B4UL9164N,66459B4,UL9164N,40.772757,-4.226497,819.0,EL ESPINAR,Residencial,CL,BRASIL,1043,CL BRASIL 1043 40400 EL ESPINAR (SEGOVIA),True,True,
6647801UL9164N,6647801,UL9164N,40.77327,-4.228905,477.0,EL ESPINAR,"Obras de urbanización y jardineria, suelos sin edificar",CL,CHILE,1233,CL CHILE 1233 Suelo 40424 EL ESPINAR (SEGOVIA),False,False,
6647802UL9164N,6647802,UL9164N,40.773278,-4.228762,438.0,EL ESPINAR,Residencial,CL,CHILE,1232,CL CHILE 1232 40424 EL ESPINAR (SEGOVIA),True,True,
6647803UL9164N,6647803,UL9164N,40.773287,-4.22862,427.0,EL ESPINAR,Residencial,CL,CHILE,1231,CL CHILE 1231 40424 EL ESPINAR (SEGOVIA),True,True,
6647804UL9164N,6647804,UL9164N,40.773297,-4.228472,461.0,EL ESPINAR,Residencial,CL,CHILE,1230,CL CHILE 1230 40400 EL ESPINAR (SEGOVIA),True,True,
6647805UL9164N,6647805,UL9164N,40.773316,-4.228311,495.0,EL ESPINAR,Residencial,CL,CHILE,1229,CL CHILE 1229 40400 EL ESPINAR (SEGOVIA),True,True,
6647806UL9164N,6647806,UL9164N,40.773356,-4.22815,486.0,EL ESPINAR,Residencial,CL,CHILE,1228,CL CHILE 1228 40400 EL ESPINAR (SEGOVIA),True,True,
6647807UL9164N,6647807,UL9164N,40.773413,-4.227983,538.0,EL ESPINAR,Residencial,CL,CHILE,1227,CL CHILE 1227 40400 EL ESPINAR (SEGOVIA),True,True,
6647808UL9164N,6647808,UL9164N,40.773494,-4.227841,514.0,EL ESPINAR,Residencial,CL,CHILE,1226,CL CHILE 1226 40424 EL ESPINAR (SEGOVIA),True,True,
6647809UL9164N,6647809,UL9164N,40.773585,-4.227732,461.0,EL ESPINAR,Residencial,CL,CHILE,1225,CL CHILE 1225 40400 EL ESPINAR (SEGOVIA),True,True,
6647810UL9164N,6647810,UL9164N,40.773669,-4.227627,474.0,EL ESPINAR,Residencial,CL,CHILE,1224,CL CHILE 1224 40424 EL ESPINAR (SEGOVIA),True,True,
6647811UL9164N,6647811,UL9164N,40.773756,-4.227526,489.0,EL ESPINAR,Residencial,CL,CHILE,1223,CL CHILE 1223 40424 EL ESPINAR (SEGOVIA),True,True,
6647812UL9164N,6647812,UL9164N,40.773848,-4.227433,496.0,EL ESPINAR,Residencial,CL,CHILE,1222,CL CHILE 1222 40424 EL ESPINAR (SEGOVIA),True,True,
6647813UL9164N,6647813,UL9164N,40.773943,-4.227338,535.0,EL ESPINAR,Residencial,CL,CHILE,1221,CL CHILE 1221 40400 EL ESPINAR (SEGOVIA),True,True,
6647814UL9164N,6647814,UL9164N,40.774045,-4.227243,585.0,EL ESPINAR,Residencial,CL,CHILE,1220,CL CHILE 1220 40424 EL ESPINAR (SEGOVIA),True,True,
6647815UL9164N,6647815,UL9164N,40.774153,-4.227151,648.0,EL ESPINAR,Residencial,CL,CHILE,1219,CL CHILE 1219 40400 EL ESPINAR (SEGOVIA),True,True,
6647816UL9164N,6647816,UL9164N,40.774267,-4.227072,714.0,EL ESPINAR,Residencial,CL,CHILE,1218,CL CHILE 1218 40424 EL ESPINAR (SEGOVIA),True,True,
6647817UL9164N,6647817,UL9164N,40.774383,-4.227025,668.0,EL ESPINAR,Residencial,CL,CHILE,1217,CL CHILE 1217 40400 EL ESPINAR (SEGOVIA),True,True,
6647818UL9164N,6647818,UL9164N,40.774488,-4.226976,682.0,EL ESPINAR,Residencial,CL,CHILE,1216,CL CHILE 1216 40400 EL ESPINAR (SEGOVIA),True,True,
6647819UL9164N,6647819,UL9164N,40.774594,-4.22694,706.0,EL ESPINAR,Residencial,CL,CHILE,1215,CL CHILE 1215 40400 EL ESPINAR (SEGOVIA),True,True,
6647820UL9164N,6647820,UL9164N,40.774702,-4.226908,703.0,EL ESPINAR,Residencial,CL,CHILE,1214,CL CHILE 1214 40424 EL ESPINAR (SEGOVIA),True,True,
6647821UL9164N,6647821,UL9164N,40.777833,-4.225269,757.0,EL ESPINAR,"Obras de urbanización y jardineria, suelos sin edificar",CL,PAYSANDU,1181,CL PAYSANDU 1181 Suelo 40400 EL ESPINAR (SEGOVIA),False,False,
6647822UL9164N,6647822,UL9164N,40.777608,-4.225334,762.0,EL ESPINAR,Residencial,CL,PAYSANDU,1180,CL PAYSANDU 1180 40400 EL ESPINAR (SEGOVIA),True,True,
6647823UL9164N,6647823,UL9164N,40.777389,-4.225403,852.0,EL ESPINAR,Residencial,CL,PAYSANDU,1179,CL PAYSANDU 1179 40400 EL ESPINAR (SEGOVIA),True,True,
6647824UL9164N,6647824,UL9164N,40.777178,-4.225462,810.0,EL ESPINAR,Residencial,CL,PAYSANDU,1178,CL PAYSANDU 1178 40400 EL ESPINAR (SEGOVIA),True,True,
6647825UL9164N,6647825,UL9164N,40.776986,-4.225525,793.0,EL ESPINAR,Residencial,CL,PAYSANDU,1177,CL PAYSANDU 1177 40400 EL ESPINAR (SEGOVIA),True,True,
6647826UL9164N,6647826,UL9164N,40.776806,-4.225583,813.0,EL ESPINAR,Residencial,CL,PAYSANDU,1176,CL PAYSANDU 1176 40400 EL ESPINAR (SEGOVIA),True,True,
6647827UL9164N,6647827,UL9164N,40.776632,-4.225637,853.0,EL ESPINAR,Residencial,CL,PAYSANDU,1175,CL PAYSANDU 1175 40400 EL ESPINAR (SEGOVIA),True,True,
6647828UL9164N,6647828,UL9164N,40.776459,-4.22569,902.0,EL ESPINAR,Residencial,CL,PAYSANDU,1174,CL PAYSANDU 1174 40400 EL ESPINAR (SEGOVIA),True,True,
6647829UL9164N,6647829,UL9164N,40.776282,-4.225736,914.0,EL ESPINAR,"Obras de urbanización y jardineria, suelos sin edificar",CL,PAYSANDU,1173,CL PAYSANDU 1173 Suelo 40400 EL ESPINAR (SEGOVIA),False,False,
6647830UL9164N,6647830,UL9164N,40.776047,-4.225804,1269.0,EL ESPINAR,Residencial,CL,PAYSANDU,1172,CL PAYSANDU 1172 40400 EL ESPINAR (SEGOVIA),True,True,
6647831UL9164N,6647831,UL9164N,40.775836,-4.225853,941.0,EL ESPINAR,Residencial,CL,PAYSANDU,1171,CL PAYSANDU 1171 40400 EL ESPINAR (SEGOVIA),True,True,
6647832UL9164N,6647832,UL9164N,40.775659,-4.225899,952.0,EL ESPINAR,Residencial,CL,PAYSANDU,1170,CL PAYSANDU 1170 40400 EL ESPINAR (SEGOVIA),True,True,
6647833UL9164N,6647833,UL9164N,40.775484,-4.225944,949.0,EL ESPINAR,Residencial,CL,PAYSANDU,1169,CL PAYSANDU 1169 40400 EL ESPINAR (SEGOVIA),True,True,
6647834UL9164N,6647834,UL9164N,40.77531,-4.225987,949.0,EL ESPINAR,Residencial,CL,PAYSANDU,1168,CL PAYSANDU 1168 40400 EL ESPINAR (SEGOVIA),True,True,
6647835UL9164N,6647835,UL9164N,40.775135,-4.226027,994.0,EL ESPINAR,Residencial,CL,PAYSANDU,1167,CL PAYSANDU 1167 40400 EL ESPINAR (SEGOVIA),True,True,
6647836UL9164N,6647836,UL9164N,40.774959,-4.226074,1000.0,EL ESPINAR,Residencial,CL,PAYSANDU,1166,CL PAYSANDU 1166 40400 EL ESPINAR (SEGOVIA),True,True,
6647837UL9164N,6647837,UL9164N,40.773446,-4.227259,460.0,EL ESPINAR,Residencial,CL,PAYSANDU,1156,CL PAYSANDU 1156 40400 EL ESPINAR (SEGOVIA),True,True,
6647838UL9164N,6647838,UL9164N,40.77337,-4.227362,451.0,EL ESPINAR,Residencial,CL,PAYSANDU,1155,CL PAYSANDU 1155 40400 EL ESPINAR (SEGOVIA),True,True,
6647839UL9164N,6647839,UL9164N,40.773295,-4.227465,445.0,EL ESPINAR,Residencial,CL,PAYSANDU,1154,CL PAYSANDU 1154 40400 EL ESPINAR (SEGOVIA),True,True,
6647840UL9164N,6647840,UL9164N,40.773222,-4.227566,420.0,EL ESPINAR,Residencial,CL,PAYSANDU,1153,CL PAYSANDU 1153 40400 EL ESPINAR (SEGOVIA),True,True,
6647841UL9164N,6647841,UL9164N,40.773149,-4.227659,389.0,EL ESPINAR,Residencial,CL,PAYSANDU,1152,CL PAYSANDU 1152 40400 EL ESPINAR (SEGOVIA),True,True,
6647842UL9164N,6647842,UL9164N,40.773098,-4.227777,413.0,EL ESPINAR,Residencial,CL,PAYSANDU,1151,CL PAYSANDU 1151 40400 EL ESPINAR (SEGOVIA),True,True,
6647843UL9164N,6647843,UL9164N,40.773076,-4.22791,422.0,EL ESPINAR,Residencial,CL,PAYSANDU,1150,CL PAYSANDU 1150 40400 EL ESPINAR (SEGOVIA),True,True,
6647844UL9164N,6647844,UL9164N,40.773039,-4.22804,406.0,EL ESPINAR,Residencial,CL,PAYSANDU,1149,CL PAYSANDU 1149 40400 EL ESPINAR (SEGOVIA),True,True,
6647845UL9164N,6647845,UL9164N,40.773022,-4.228179,419.0,EL ESPINAR,Residencial,CL,PAYSANDU,1148,CL PAYSANDU 1148 40400 EL ESPINAR (SEGOVIA),True,True,
6647846UL9164N,6647846,UL9164N,40.774785,-4.226129,983.0,EL ESPINAR,Residencial,CL,PAYSANDU,1165,CL PAYSANDU 1165 40400 EL ESPINAR (SEGOVIA),True,True,
6647847UL9164N,6647847,UL9164N,40.774609,-4.226199,988.0,EL ESPINAR,Residencial,CL,PAYSANDU,1164,CL PAYSANDU 1164 40400 EL ESPINAR (SEGOVIA),True,True,
6647848UL9164N,6647848,UL9164N,40.774428,-4.226265,909.0,EL ESPINAR,Residencial,CL,PAYSANDU,1163,CL PAYSANDU 1163 40400 EL ESPINAR (SEGOVIA),True,True,
6647849UL9164N,6647849,UL9164N,40.774263,-4.226381,994.0,EL ESPINAR,Residencial,CL,PAYSANDU,1162,CL PAYSANDU 1162 40400 EL ESPINAR (SEGOVIA),True,True,
6647850UL9164N,6647850,UL9164N,40.774097,-4.226474,1056.0,EL ESPINAR,Residencial,CL,PAYSANDU,1161,CL PAYSANDU 1161 40400 EL ESPINAR (SEGOVIA),True,True,
6647851UL9164N,6647851,UL9164N,40.773943,-4.226601,973.0,EL ESPINAR,Residencial,CL,PAYSANDU,1160,CL PAYSANDU 1160 Suelo 40400 EL ESPINAR (SEGOVIA),True,True,
6647852UL9164N,6647852,UL9164N,40.773823,-4.226776,940.0,EL ESPINAR,Residencial,CL,PAYSANDU,1159,CL PAYSANDU 1159 40400 EL ESPINAR (SEGOVIA),True,True,
6647853UL9164N,6647853,UL9164N,40.773692,-4.226947,932.0,EL ESPINAR,Residencial,CL,PAYSANDU,1158,CL PAYSANDU 1158 40400 EL ESPINAR (SEGOVIA),True,True,
6647854UL9164N,6647854,UL9164N,40.773552,-4.227118,850.0,EL ESPINAR,Residencial,CL,PAYSANDU,1157,CL PAYSANDU 1157 40400 EL ESPINAR (SEGOVIA),True,True,
6647855UL9164N,6647855,UL9164N,40.773,-4.228319,424.0,EL ESPINAR,Residencial,CL,PAYSANDU,1147,CL PAYSANDU 1147 40400 EL ESPINAR (SEGOVIA),True,True,
6647856UL9164N,6647856,UL9164N,40.772975,-4.22845,387.0,EL ESPINAR,Residencial,CL,PAYSANDU,1146,CL PAYSANDU 1146 40400 EL ESPINAR (SEGOVIA),True,True,
6647857UL9164N,6647857,UL9164N,40.772962,-4.228585,437.0,EL ESPINAR,Residencial,CL,PAYSANDU,1145,CL PAYSANDU 1145 40400 EL ESPINAR (SEGOVIA),True,True,
6647858UL9164N,6647858,UL9164N,40.772944,-4.228724,450.0,EL ESPINAR,Residencial,CL,PAYSANDU,1144,CL PAYSANDU 1144 40400 EL ESPINAR (SEGOVIA),True,True,
6647859UL9164N,6647859,UL9164N,40.772924,-4.228861,443.0,EL ESPINAR,Residencial,CL,PAYSANDU,1143,CL PAYSANDU 1143 40400 EL ESPINAR (SEGOVIA),True,True,
6647867UL9164N,6647867,UL9164N,40.774809,-4.226876,701.0,EL ESPINAR,Residencial,CL,CHILE,1213,CL CHILE 1213 40400 EL ESPINAR (SEGOVIA),True,True,
6647868UL9164N,6647868,UL9164N,40.774916,-4.226843,699.0,EL ESPINAR,Residencial,CL,CHILE,1212,CL CHILE 1212 40424 EL ESPINAR (SEGOVIA),True,True,
6647869UL9164N,6647869,UL9164N,40.775023,-4.226812,697.0,EL ESPINAR,Residencial,CL,CHILE,1211,CL CHILE 1211 40400 EL ESPINAR (SEGOVIA),True,True,
6647870UL9164N,6647870,UL9164N,40.77513,-4.22678,696.0,EL ESPINAR,Residencial,CL,CHILE,1210,CL CHILE 1210 40400 EL ESPINAR (SEGOVIA),True,True,
6647871UL9164N,6647871,UL9164N,40.775236,-4.226748,692.0,EL ESPINAR,Residencial,CL,CHILE,1209,CL CHILE 1209 40424 EL ESPINAR (SEGOVIA),True,True,
6647872UL9164N,6647872,UL9164N,40.775341,-4.226716,691.0,EL ESPINAR,Residencial,CL,CHILE,1208,CL CHILE 1208 40400 EL ESPINAR (SEGOVIA),True,True,
6647873UL9164N,6647873,UL9164N,40.775447,-4.226685,689.0,EL ESPINAR,Residencial,CL,CHILE,1207,CL CHILE 1207 40400 EL ESPINAR (SEGOVIA),True,True,
6647874UL9164N,6647874,UL9164N,40.775552,-4.226653,688.0,EL ESPINAR,Residencial,CL,CHILE,1206,CL CHILE 1206 40424 EL ESPINAR (SEGOVIA),True,True,
6647875UL9164N,6647875,UL9164N,40.773193,-4.22817,3559.0,EL ESPINAR,"Obras de urbanización y jardineria, suelos sin edificar",CL,CHILE,1205,CL CHILE 1205(A) Suelo 40400 EL ESPINAR (SEGOVIA),False,False,
6647876UL9164N,6647876,UL9164N,40.775668,-4.22662,685.0,EL ESPINAR,Residencial,CL,CHILE,1205,CL CHILE 1205 40424 EL ESPINAR (SEGOVIA),True,True,
6647877UL9164N,6647877,UL9164N,40.775775,-4.226592,680.0,EL ESPINAR,Residencial,CL,CHILE,1204,CL CHILE 1204 40400 EL ESPINAR (SEGOVIA),True,True,
6647878UL9164N,6647878,UL9164N,40.775897,-4.226661,470.0,EL ESPINAR,Residencial,CL,CHILE,1203,CL CHILE 1203 40424 EL ESPINAR (SEGOVIA),True,True,
6647879UL9164N,6647879,UL9164N,40.775985,-4.226531,674.0,EL ESPINAR,Residencial,CL,CHILE,1202,CL CHILE 1202 40424 EL ESPINAR (SEGOVIA),True,True,
6647880UL9164N,6647880,UL9164N,40.776089,-4.226528,574.0,EL ESPINAR,Residencial,CL,CHILE,1201,CL CHILE 1201 40400 EL ESPINAR (SEGOVIA),True,True,
6647881UL9164N,6647881,UL9164N,40.776202,-4.226569,434.0,EL ESPINAR,Residencial,CL,CHILE,1200,CL CHILE 1200 40400 EL ESPINAR (SEGOVIA),True,True,
6647882UL9164N,6647882,UL9164N,40.776294,-4.226519,440.0,EL ESPINAR,Residencial,CL,CHILE,1199,CL CHILE 1199 40400 EL ESPINAR (SEGOVIA),True,True,
6647883UL9164N,6647883,UL9164N,40.776384,-4.226465,427.0,EL ESPINAR,Residencial,CL,CHILE,1198,CL CHILE 1198 40400 EL ESPINAR (SEGOVIA),True,True,
6647884UL9164N,6647884,UL9164N,40.776454,-4.226355,555.0,EL ESPINAR,Residencial,CL,CHILE,1197,CL CHILE 1197 40400 EL ESPINAR (SEGOVIA),True,True,
6647885UL9164N,6647885,UL9164N,40.776549,-4.226293,555.0,EL ESPINAR,Residencial,CL,CHILE,1196,CL CHILE 1196 40400 EL ESPINAR (SEGOVIA),True,True,
6647886UL9164N,6647886,UL9164N,40.776662,-4.226271,448.0,EL ESPINAR,Residencial,CL,CHILE,1195,CL CHILE 1195 40400 EL ESPINAR (SEGOVIA),True,True,
6647887UL9164N,6647887,UL9164N,40.776741,-4.226165,533.0,EL ESPINAR,Residencial,CL,CHILE,1194,CL CHILE 1194 40400 EL ESPINAR (SEGOVIA),True,True,
6647888UL9164N,6647888,UL9164N,40.776841,-4.226104,527.0,EL ESPINAR,Residencial,CL,CHILE,1193,CL CHILE 1193 40400 EL ESPINAR (SEGOVIA),True,True,
6647889UL9164N,6647889,UL9164N,40.776945,-4.226047,496.0,EL ESPINAR,Residencial,CL,CHILE,1192,CL CHILE 1192 40400 EL ESPINAR (SEGOVIA),True,True,
6647890UL9164N,6647890,UL9164N,40.77705,-4.225991,473.0,EL ESPINAR,Residencial,CL,CHILE,1191,CL CHILE 1191 40400 EL ESPINAR (SEGOVIA),True,True,
6647891UL9164N,6647891,UL9164N,40.777154,-4.225938,448.0,EL ESPINAR,Residencial,CL,CHILE,1190,CL CHILE 1190 40400 EL ESPINAR (SEGOVIA),True,True,
6647892UL9164N,6647892,UL9164N,40.777259,-4.225888,427.0,EL ESPINAR,Residencial,CL,CHILE,1189,CL CHILE 1189 40400 EL ESPINAR (SEGOVIA),True,True,
6647893UL9164N,6647893,UL9164N,40.777364,-4.225835,417.0,EL ESPINAR,Residencial,CL,CHILE,1188,CL CHILE 1188 40400 EL ESPINAR (SEGOVIA),True,True,
6647894UL9164N,6647894,UL9164N,40.777468,-4.225783,415.0,EL ESPINAR,Residencial,CL,CHILE,1187,CL CHILE 1187 40400 EL ESPINAR (SEGOVIA),True,True,
6647895UL9164N,6647895,UL9164N,40.777574,-4.225739,391.0,EL ESPINAR,Residencial,CL,CHILE,1186,CL CHILE 1186 40424 EL ESPINAR (SEGOVIA),True,True,
6647896UL9164N,6647896,UL9164N,40.777676,-4.225695,382.0,EL ESPINAR,Residencial,CL,CHILE,1185,CL CHILE 1185 40400 EL ESPINAR (SEGOVIA),True,True,
6647897UL9164N,6647897,UL9164N,40.777779,-4.225651,374.0,EL ESPINAR,Residencial,CL,CHILE,1184,CL CHILE 1184 40424 EL ESPINAR (SEGOVIA),True,True,
6647898UL9164N,6647898,UL9164N,40.777969,-4.225663,408.0,EL ESPINAR,Residencial,AV,LOS ANGELES,1183,AV LOS ANGELES 1183 40424 EL ESPINAR (SEGOVIA),True,True,
6647899UL9164N,6647899,UL9164N,40.777921,-4.225497,395.0,EL ESPINAR,Residencial,AV,LOS ANGELES,1182,AV LOS ANGELES 1182 40424 EL ESPINAR (SEGOVIA),True,True,
6651201UL9165S,6651201,UL9165S,40.778874,-4.226852,583.0,EL ESPINAR,"Obras de urbanización y jardineria, suelos sin edificar",CL,SIERRA MORENA,2,CL SIERRA MORENA 2 Suelo 40400 EL ESPINAR (SEGOVIA),False,False,
6651202UL9165S,6651202,UL9165S,40.778994,-4.226756,699.0,EL ESPINAR,"Obras de urbanización y jardineria, suelos sin edificar",CL,SIERRA MORENA,4,CL SIERRA MORENA 4 Suelo 40400 EL ESPINAR (SEGOVIA),False,False,
6651203UL9165S,6651203,UL9165S,40.779102,-4.226617,717.0,EL ESPINAR,"Obras de urbanización y jardineria, suelos sin edificar",CL,SIERRA MORENA,6,CL SIERRA MORENA 6 Suelo 40400 EL ESPINAR (SEGOVIA),False,False,
6651204UL9165S,6651204,UL9165S,40.779173,-4.226438,595.0,EL ESPINAR,"Obras de urbanización y jardineria, suelos sin edificar",CL,SIERRA MORENA,8,CL SIERRA MORENA 8 Suelo 40400 EL ESPINAR (SEGOVIA),False,False,
6651205UL9165S,6651205,UL9165S,40.779219,-4.22626,480.0,EL ESPINAR,"Obras de urbanización y jardineria, suelos sin edificar",CL,SIERRA MORENA,10,CL SIERRA MORENA 10 Suelo 40400 EL ESPINAR (SEGOVIA),False,False,
6651206UL9165S,6651206,UL9165S,40.779252,-4.226093,422.0,EL ESPINAR,"Obras de urbanización y jardineria, suelos sin edificar",CL,SIERRA MORENA,12,CL SIERRA MORENA 12 Suelo 40400 EL ESPINAR (SEGOVIA),False,False,
6651207UL9165S,6651207,UL9165S,40.779281,-4.225924,418.0,EL ESPINAR,"Obras de urbanización y jardineria, suelos sin edificar",CL,SIERRA MORENA,14,CL SIERRA MORENA 14 Suelo 40400 EL ESPINAR (SEGOVIA),False,False,
6651208UL9165S,6651208,UL9165S,40.779312,-4.225753,408.0,EL ESPINAR,"Obras de urbanización y jardineria, suelos sin edificar",CL,SIERRA MORENA,16,CL SIERRA MORENA 16 Suelo 40400 EL ESPINAR (SEGOVIA),False,False,
6651209UL9165S,6651209,UL9165S,40.779345,-4.225582,402.0,EL ESPINAR,"Obras de urbanización y jardineria, suelos sin edificar",CL,SIERRA MORENA,18,CL SIERRA MORENA 18 Suelo 40400 EL ESPINAR (SEGOVIA),False,False,
6651210UL9165S,6651210,UL9165S,40.779098,-4.225493,453.0,EL ESPINAR,"Obras de urbanización y jardineria, suelos sin edificar",CL,SIERRA NEVADA,13,CL SIERRA NEVADA 13 Suelo 40400 EL ESPINAR (SEGOVIA),False,False,
6651211UL9165S,6651211,UL9165S,40.77906,-4.225671,507.0,EL ESPINAR,"Obras de urbanización y jardineria, suelos sin edificar",CL,SIERRA NEVADA,11,CL SIERRA NEVADA 11 Suelo 40400 EL ESPINAR (SEGOVIA),False,False,
6651212UL9165S,6651212,UL9165S,40.779011,-4.225854,555.0,EL ESPINAR,"Obras de urbanización y jardineria, suelos sin edificar",CL,SIERRA NEVADA,9,CL SIERRA NEVADA 9 Suelo 40400 EL ESPINAR (SEGOVIA),False,False,
6651213UL9165S,6651213,UL9165S,40.778952,-4.226032,621.0,EL ESPINAR,"Obras de urbanización y jardineria, suelos sin edificar",CL,SIERRA NEVADA,7,CL SIERRA NEVADA 7 Suelo 40400 EL ESPINAR (SEGOVIA),False,False,
6651214UL9165S,6651214,UL9165S,40.778872,-4.226198,675.0,EL ESPINAR,"Obras de urbanización y jardineria, suelos sin edificar",CL,SIERRA NEVADA,5,CL SIERRA NEVADA 5 Suelo 40400 EL ESPINAR (SEGOVIA),False,False,
6651215UL9165S,6651215,UL9165S,40.778774,-4.226334,645.0,EL ESPINAR,"Obras de urbanización y jardineria, suelos sin edificar",CL,SIERRA NEVADA,3,CL SIERRA NEVADA 3 Suelo 40400 EL ESPINAR (SEGOVIA),False,False,
6651216UL9165S,6651216,UL9165S,40.778681,-4.226458,583.0,EL ESPINAR,"Obras de urbanización y jardineria, suelos sin edificar",CL,SIERRA NEVADA,1,CL SIERRA NEVADA 1 Suelo 40400 EL ESPINAR (SEGOVIA),False,False,
6651701UL9165S,6651701,UL9165S,40.778446,-4.225944,501.0,EL ESPINAR,Residencial,CL,SIERRA NEVADA,2,CL SIERRA NEVADA 2 40400 EL ESPINAR (SEGOVIA),True,True,
6651702UL9165S,6651702,UL9165S,40.778533,-4.225831,556.0,EL ESPINAR,Residencial,CL,SIERRA NEVADA,4,CL SIERRA NEVADA 4 Es:1 Pl:00 Pt:01 40400 EL ESPINAR (SEGOVIA),True,True,
6651703UL9165S,6651703,UL9165S,40.778613,-4.225687,589.0,EL ESPINAR,Residencial,CL,SIERRA NEVADA,6,CL SIERRA NEVADA 6 40400 EL ESPINAR (SEGOVIA),True,True,
6651704UL9165S,6651704,UL9165S,40.778692,-4.225528,556.0,EL ESPINAR,Residencial,CL,SIERRA NEVADA,8,CL SIERRA NEVADA 8 40400 EL ESPINAR (SEGOVIA),True,True,
6651705UL9165S,6651705,UL9165S,40.778744,-4.225353,479.0,EL ESPINAR,Residencial,CL,SIERRA NEVADA,10,CL SIERRA NEVADA 10 40400 EL ESPINAR (SEGOVIA),True,True,
6651706UL9165S,6651706,UL9165S,40.778786,-4.225189,449.0,EL ESPINAR,Residencial,CL,SIERRA NEVADA,12,CL SIERRA NEVADA 12 40400 EL ESPINAR (SEGOVIA),True,True,
6651707UL9165S,6651707,UL9165S,40.778821,-4.225023,473.0,EL ESPINAR,Residencial,CL,SIERRA NEVADA,14,CL SIERRA NEVADA 14 40400 EL ESPINAR (SEGOVIA),True,True,
6651708UL9165S,6651708,UL9165S,40.778862,-4.224862,496.0,EL ESPINAR,Residencial,CL,SIERRA NEVADA,16,CL SIERRA NEVADA 16 Es:1 Pl:00 Pt:01 40400 EL ESPINAR (SEGOVIA),True,True,
6651709UL9165S,6651709,UL9165S,40.778608,-4.224703,412.0,EL ESPINAR,Residencial,CL,SIERRA ALBARRACIN,11,CL SIERRA ALBARRACIN 11 Es:1 Pl:00 Pt:01 40400 EL ESPINAR (SEGOVIA),True,True,
6651710UL9165S,6651710,UL9165S,40.778571,-4.22487,412.0,EL ESPINAR,Residencial,CL,SIERRA ALBARRACIN,9,CL SIERRA ALBARRACIN 9 Es:1 Pl:00 Pt:01 40400 EL ESPINAR (SEGOVIA),True,True,
6651711UL9165S,6651711,UL9165S,40.778531,-4.225033,437.0,EL ESPINAR,Residencial,CL,SIERRA ALBARRACIN,7,CL SIERRA ALBARRACIN 7 40400 EL ESPINAR (SEGOVIA),True,True,
6651712UL9165S,6651712,UL9165S,40.778482,-4.225209,543.0,EL ESPINAR,Residencial,CL,SIERRA ALBARRACIN,5,CL SIERRA ALBARRACIN 5 Es:1 Pl:00 Pt:01 40400 EL ESPINAR (SEGOVIA),True,True,
6651713UL9165S,6651713,UL9165S,40.778389,-4.225372,619.0,EL ESPINAR,Residencial,CL,SIERRA ALBARRACIN,3,CL SIERRA ALBARRACIN 3 Es:1 Pl:00 Pt:01 40400 EL ESPINAR (SEGOVIA),True,True,
6651714UL9165S,6651714,UL9165S,40.778278,-4.225509,631.0,EL ESPINAR,Residencial,CL,SIERRA ALBARRACIN,1,CL SIERRA ALBARRACIN 1 40400 EL ESPINAR (SEGOVIA),True,True,
6652601UL9165S,6652601,UL9165S,40.779901,-4.226449,514.0,EL ESPINAR,"Obras de urbanización y jardineria, suelos sin edificar",CL,SIERRA DE GREDOS,18,CL SIERRA DE GREDOS 18 Suelo 40400 EL ESPINAR (SEGOVIA),False,False,
6652602UL9165S,6652602,UL9165S,40.779924,-4.226278,491.0,EL ESPINAR,"Obras de urbanización y jardineria, suelos sin edificar",CL,SIERRA DE GREDOS,20,CL SIERRA DE GREDOS 20 Suelo 40400 EL ESPINAR (SEGOVIA),False,False,
6652603UL9165S,6652603,UL9165S,40.779954,-4.226114,487.0,EL ESPINAR,"Obras de urbanización y jardineria, suelos sin edificar",CL,SIERRA DE GREDOS,22,CL SIERRA DE GREDOS 22 Suelo 40400 EL ESPINAR (SEGOVIA),False,False,
6652604UL9165S,6652604,UL9165S,40.779989,-4.225949,528.0,EL ESPINAR,"Obras de urbanización y jardineria, suelos sin edificar",CL,SIERRA DE GREDOS,24,CL SIERRA DE GREDOS 24 Suelo 40400 EL ESPINAR (SEGOVIA),False,False,
6652605UL9165S,6652605,UL9165S,40.780046,-4.225787,551.0,EL ESPINAR,"Obras de urbanización y jardineria, suelos sin edificar",CL,SIERRA DE GREDOS,26,CL SIERRA DE GREDOS 26 Suelo 40400 EL ESPINAR (SEGOVIA),False,False,
6652606UL9165S,6652606,UL9165S,40.780109,-4.225644,512.0,EL ESPINAR,"Obras de urbanización y jardineria, suelos sin edificar",CL,SIERRA DE GREDOS,28,CL SIERRA DE GREDOS 28 Suelo 40400 EL ESPINAR (SEGOVIA),False,False,
6652607UL9165S,6652607,UL9165S,40.780117,-4.225463,434.0,EL ESPINAR,"Obras de urbanización y jardineria, suelos sin edificar",CL,SIERRA DEL QUINTANAR,9,CL SIERRA DEL QUINTANAR 9 Suelo 40400 EL ESPINAR (SEGOVIA),False,False,
6652608UL9165S,6652608,UL9165S,40.779967,-4.225061,492.0,EL ESPINAR,"Obras de urbanización y jardineria, suelos sin edificar",CL,SIERRA MORENA,29,CL SIERRA MORENA 29 Suelo 40400 EL ESPINAR (SEGOVIA),False,False,
6652609UL9165S,6652609,UL9165S,40.779901,-4.225205,593.0,EL ESPINAR,"Obras de urbanización y jardineria, suelos sin edificar",CL,SIERRA MORENA,27,CL SIERRA MORENA 27 Suelo 40400 EL ESPINAR (SEGOVIA),False,False,
6652610UL9165S,6652610,UL9165S,40.779815,-4.225349,623.0,EL ESPINAR,"Obras de urbanización y jardineria, suelos sin edificar",CL,SIERRA MORENA,25,CL SIERRA MORENA 25 Suelo 40400 EL ESPINAR (SEGOVIA),False,False,
6652611UL9165S,6652611,UL9165S,40.779757,-4.225521,607.0,EL ESPINAR,"Obras de urbanización y jardineria, suelos sin edificar",CL,SIERRA MORENA,23,CL SIERRA MORENA 23 Suelo 40400 EL ESPINAR (SEGOVIA),False,False,
6652612UL9165S,6652612,UL9165S,40.779712,-4.225696,563.0,EL ESPINAR,"Obras de urbanización y jardineria, suelos sin edificar",CL,SIERRA MORENA,21,CL SIERRA MORENA 21 Suelo 40400 EL ESPINAR (SEGOVIA),False,False,
6652613UL9165S,6652613,UL9165S,40.779673,-4.225865,529.0,EL ESPINAR,"Obras de urbanización y jardineria, suelos sin edificar",CL,SIERRA MORENA,19,CL SIERRA MORENA 19 Suelo 40400 EL ESPINAR (SEGOVIA),False,False,
6652614UL9165S,6652614,UL9165S,40.779644,-4.226033,507.0,EL ESPINAR,"Obras de urbanización y jardineria, suelos sin edificar",CL,SIERRA MORENA,17,CL SIERRA MORENA 17 Suelo 40400 EL ESPINAR (SEGOVIA),False,False,
6652615UL9165S,6652615,UL9165S,40.779621,-4.2262,503.0,EL ESPINAR,"Obras de urbanización y jardineria, suelos sin edificar",CL,SIERRA MORENA,15,CL SIERRA MORENA 15 Suelo 40400 EL ESPINAR (SEGOVIA),False,False,
6652616UL9165S,6652616,UL9165S,40.779596,-4.226367,500.0,EL ESPINAR,"Obras de urbanización y jardineria, suelos sin edificar",CL,SIERRA MORENA,13,CL SIERRA MORENA 13 Suelo 40400 EL ESPINAR (SEGOVIA),False,False,
6739501UL9163N,6739501,UL9163N,40.768226,-4.225637,778.0,EL ESPINAR,"Obras de urbanización y jardineria, suelos sin edificar",CL,HONDURAS,602,CL HONDURAS 602(B) Suelo 40400 EL ESPINAR (SEGOVIA),False,False,
6739502UL9163N,6739502,UL9163N,40.768155,-4.225411,870.0,EL ESPINAR,"Obras de urbanización y jardineria, suelos sin edificar",CL,HONDURAS,602,CL HONDURAS 602(C) Suelo 40424 EL ESPINAR (SEGOVIA),False,False,
6739503UL9163N,6739503,UL9163N,40.768027,-4.225192,1297.0,EL ESPINAR,"Obras de urbanización y jardineria, suelos sin edificar",CL,HONDURAS,602,CL HONDURAS 602(D) Suelo 40400 EL ESPINAR (SEGOVIA),False,False,
6739504UL9163N,6739504,UL9163N,40.76796,-4.224917,1091.0,EL ESPINAR,"Obras de urbanización y jardineria, suelos sin edificar",CL,HONDURAS,602,CL HONDURAS 602(E) Suelo 40400 EL ESPINAR (SEGOVIA),False,False,
6739505UL9163N,6739505,UL9163N,40.767932,-4.224663,802.0,EL ESPINAR,"Obras de urbanización y jardineria, suelos sin edificar",CL,HONDURAS,602,CL HONDURAS 602(F) Suelo 40400 EL ESPINAR (SEGOVIA),False,False,
6739506UL9163N,6739506,UL9163N,40.767903,-4.224423,786.0,EL ESPINAR,"Obras de urbanización y jardineria, suelos sin edificar",CL,HONDURAS,602,CL HONDURAS 602(G) Suelo 40400 EL ESPINAR (SEGOVIA),False,False,
6739507UL9163N,6739507,UL9163N,40.767881,-4.224171,799.0,EL ESPINAR,"Obras de urbanización y jardineria, suelos sin edificar",CL,HONDURAS,601,CL HONDURAS 601(A) Suelo 40400 EL ESPINAR (SEGOVIA),False,False,
6739508UL9163N,6739508,UL9163N,40.768007,-4.223058,1453.0,EL ESPINAR,Industrial,CL,HONDURAS,600,CL HONDURAS 600(B) 40400 EL ESPINAR (SEGOVIA),False,False,
6739509UL9163N,6739509,UL9163N,40.767867,-4.223923,819.0,EL ESPINAR,"Obras de urbanización y jardineria, suelos sin edificar",CL,HONDURAS,601,CL HONDURAS 601(B) Suelo 40400 EL ESPINAR (SEGOVIA),False,False,
6739510UL9163N,6739510,UL9163N,40.767874,-4.223678,939.0,EL ESPINAR,"Obras de urbanización y jardineria, suelos sin edificar",CL,HONDURAS,601,CL HONDURAS 601(C) Suelo 40400 EL ESPINAR (SEGOVIA),False,False,
6739511UL9163N,6739511,UL9163N,40.767791,-4.223461,812.0,EL ESPINAR,"Obras de urbanización y jardineria, suelos sin edificar",CL,PUERTO RICO,601,CL PUERTO RICO 601(D) Suelo 40400 EL ESPINAR (SEGOVIA),False,False,
6739512UL9163N,6739512,UL9163N,40.767744,-4.22323,810.0,EL ESPINAR,"Obras de urbanización y jardineria, suelos sin edificar",CL,PUERTO RICO,601,CL PUERTO RICO 601(E) Suelo 40400 EL ESPINAR (SEGOVIA),False,False,
6739513UL9163N,6739513,UL9163N,40.767696,-4.223004,831.0,EL ESPINAR,"Obras de urbanización y jardineria, suelos sin edificar",CL,PUERTO RICO,601,CL PUERTO RICO 601(F) Suelo 40400 EL ESPINAR (SEGOVIA),False,False,
6739514UL9163N,6739514,UL9163N,40.767665,-4.22277,824.0,EL ESPINAR,"Obras de urbanización y jardineria, suelos sin edificar",CL,PUERTO RICO,601,CL PUERTO RICO 601(G) Suelo 40400 EL ESPINAR (SEGOVIA),False,False,
6739515UL9163N,6739515,UL9163N,40.7676,-4.222475,779.0,EL ESPINAR,"Obras de urbanización y jardineria, suelos sin edificar",CL,PUERTO RICO,600,CL PUERTO RICO 600(A) Suelo 40400 EL ESPINAR (SEGOVIA),False,False,
6739516UL9163N,6739516,UL9163N,40.768063,-4.223471,24.0,EL ESPINAR,"Obras de urbanización y jardineria, suelos sin edificar",CL,HONDURAS,600,CL HONDURAS 600(C) Suelo 40400 EL ESPINAR (SEGOVIA),False,False,
6740801UL9164S,6740801,UL9164S,40.768951,-4.228603,820.0,EL ESPINAR,Residencial,CL,MEJICO,636,CL MEJICO 636 40400 EL ESPINAR (SEGOVIA),True,True,
6740802UL9164S,6740802,UL9164S,40.768953,-4.228129,822.0,EL ESPINAR,Residencial,CL,MEJICO,634,CL MEJICO 634 40400 EL ESPINAR (SEGOVIA),True,True,
6740803UL9164S,6740803,UL9164S,40.768973,-4.227374,946.0,EL ESPINAR,Residencial,CL,MEJICO,631,CL MEJICO 631 Es:T Pl:OD Pt:0S 40400 EL ESPINAR (SEGOVIA),True,True,
6740804UL9164S,6740804,UL9164S,40.769025,-4.227112,932.0,EL ESPINAR,Residencial,CL,MEJICO,630,CL MEJICO 630 40400 EL ESPINAR (SEGOVIA),True,True,
6740805UL9164S,6740805,UL9164S,40.769175,-4.226672,833.0,EL ESPINAR,Residencial,CL,MEJICO,628,CL MEJICO 628 40400 EL ESPINAR (SEGOVIA),True,True,
6740822UL9164S,6740822,UL9164S,40.768878,-4.226261,943.0,EL ESPINAR,"Obras de urbanización y jardineria, suelos sin edificar",CL,PERU,605,CL PERU 605(B) Suelo 40400 EL ESPINAR (SEGOVIA),False,False,
6740824UL9164S,6740824,UL9164S,40.767621,-4.225099,65571.0,EL ESPINAR,Industrial,CL,PUERTO RICO,1224,CL PUERTO RICO 1224(A) 40400 EL ESPINAR (SEGOVIA),False,False,
6740825UL9164S,6740825,UL9164S,40.768952,-4.228366,838.0,EL ESPINAR,Residencial,CL,MEJICO,635,CL MEJICO 635 40400 EL ESPINAR (SEGOVIA),True,True,
6740826UL9164S,6740826,UL9164S,40.768953,-4.22789,848.0,EL ESPINAR,Residencial,CL,MEJICO,633,CL MEJICO 633 40400 EL ESPINAR (SEGOVIA),True,True,
6740827UL9164S,6740827,UL9164S,40.768954,-4.22764,891.0,EL ESPINAR,Residencial,CL,MEJICO,632,CL MEJICO 632 40400 EL ESPINAR (SEGOVIA),True,True,
6740828UL9164S,6740828,UL9164S,40.769099,-4.22688,885.0,EL ESPINAR,Residencial,CL,MEJICO,629,CL MEJICO 629 40400 EL ESPINAR (SEGOVIA),True,True,
6740829UL9164S,6740829,UL9164S,40.76923,-4.226451,844.0,EL ESPINAR,Residencial,CL,MEJICO,627,CL MEJICO 627 40400 EL ESPINAR (SEGOVIA),True,True,
6745901UL9164N,6745901,UL9164N,40.771236,-4.229958,1107.0,EL ESPINAR,Residencial,CL,BRASIL,1013,CL BRASIL 1013 A 40400 EL ESPINAR (SEGOVIA),True,True,
6745902UL9164N,6745902,UL9164N,40.771313,-4.229565,1446.0,EL ESPINAR,Residencial,CL,BRASIL,1012,CL BRASIL 1012 A 40400 EL ESPINAR (SEGOVIA),True,True,
6745903UL9164N,6745903,UL9164N,40.771396,-4.229149,1348.0,EL ESPINAR,Residencial,CL,BRASIL,1011,CL BRASIL 1011 Es:1 Pl:00 Pt:01 A 40400 EL ESPINAR (SEGOVIA),True,True,
6745904UL9164N,6745904,UL9164N,40.771496,-4.228721,1503.0,EL ESPINAR,Residencial,CL,BRASIL,1010,CL BRASIL 1010 Es:1 Pl:00 Pt:01 A 40400 EL ESPINAR (SEGOVIA),True,True,
6745905UL9164N,6745905,UL9164N,40.771609,-4.228296,1359.0,EL ESPINAR,Residencial,CL,BRASIL,1009,CL BRASIL 1009 Es:1 Pl:00 Pt:01 A 40400 EL ESPINAR (SEGOVIA),True,True,
6745906UL9164N,6745906,UL9164N,40.771703,-4.227936,1271.0,EL ESPINAR,Residencial,CL,BRASIL,1008,CL BRASIL 1008 Es:1 Pl:00 Pt:01 A 40400 EL ESPINAR (SEGOVIA),True,True,
6745907UL9164N,6745907,UL9164N,40.771817,-4.227602,1630.0,EL ESPINAR,Residencial,CL,BRASIL,1007,CL BRASIL 1007 A 40400 EL ESPINAR (SEGOVIA),True,True,
6745908UL9164N,6745908,UL9164N,40.77227,-4.226469,1303.0,EL ESPINAR,Residencial,CL,BRASIL,1004,CL BRASIL 1004 Es:1 Pl:00 Pt:01 A 40400 EL ESPINAR (SEGOVIA),True,True,
6745909UL9164N,6745909,UL9164N,40.772421,-4.226116,1040.0,EL ESPINAR,Residencial,CL,BRASIL,1003,CL BRASIL 1003 Es:1 Pl:00 Pt:01 A 40400 EL ESPINAR (SEGOVIA),True,True,
6745910UL9164N,6745910,UL9164N,40.772583,-4.225811,1027.0,EL ESPINAR,"Obras de urbanización y jardineria, suelos sin edificar",CL,BRASIL,1002,CL BRASIL 1002 Suelo A 40400 EL ESPINAR (SEGOVIA),False,False,
6745911UL9164N,6745911,UL9164N,40.772795,-4.225591,1093.0,EL ESPINAR,Residencial,CL,BRASIL,1001,CL BRASIL 1001 Es:1 Pl:00 Pt:01 A 40400 EL ESPINAR (SEGOVIA),True,True,
6745912UL9164N,6745912,UL9164N,40.773073,-4.225382,1373.0,EL ESPINAR,Residencial,CL,BRASIL,1000,CL BRASIL 1000 Es:1 Pl:00 Pt:01 40400 EL ESPINAR (SEGOVIA),True,True,
6745913UL9164N,6745913,UL9164N,40.773365,-4.225154,1338.0,EL ESPINAR,Residencial,CL,BRASIL,999,CL BRASIL 999 40400 EL ESPINAR (SEGOVIA),True,True,
6745914UL9164N,6745914,UL9164N,40.773638,-4.224984,1070.0,EL ESPINAR,Residencial,CL,BRASIL,998,CL BRASIL 998 Es:1 Pl:00 Pt:01 40400 EL ESPINAR (SEGOVIA),True,True,
6745915UL9164N,6745915,UL9164N,40.773931,-4.224883,1125.0,EL ESPINAR,"Obras de urbanización y jardineria, suelos sin edificar",CL,BRASIL,997,CL BRASIL 997 Suelo 40400 EL ESPINAR (SEGOVIA),False,False,
6745916UL9164N,6745916,UL9164N,40.774234,-4.224794,1000.0,EL ESPINAR,Residencial,CL,BRASIL,996,CL BRASIL 996 40400 EL ESPINAR (SEGOVIA),True,True,
6745917UL9164N,6745917,UL9164N,40.774528,-4.224702,1055.0,EL ESPINAR,Residencial,CL,BRASIL,995,CL BRASIL 995 Es:1 Pl:00 Pt:01 40400 EL ESPINAR (SEGOVIA),True,True,
6745918UL9164N,6745918,UL9164N,40.77483,-4.224613,1024.0,EL ESPINAR,Residencial,CL,BRASIL,994,CL BRASIL 994 40400 EL ESPINAR (SEGOVIA),True,True,
6745919UL9164N,6745919,UL9164N,40.775144,-4.224516,1143.0,EL ESPINAR,Residencial,CL,BRASIL,993,CL BRASIL 993 40400 EL ESPINAR (SEGOVIA),True,True,
6745920UL9164N,6745920,UL9164N,40.77545,-4.224422,1014.0,EL ESPINAR,Residencial,CL,BRASIL,992,CL BRASIL 992 Es:1 Pl:00 Pt:01 40400 EL ESPINAR (SEGOVIA),True,True,
6745921UL9164N,6745921,UL9164N,40.775743,-4.224335,1017.0,EL ESPINAR,Residencial,CL,BRASIL,991,CL BRASIL 991 40400 EL ESPINAR (SEGOVIA),True,True,
6745922UL9164N,6745922,UL9164N,40.77605,-4.224244,1079.0,EL ESPINAR,Residencial,CL,BRASIL,990,CL BRASIL 990 Es:1 Pl:00 Pt:01 40400 EL ESPINAR (SEGOVIA),True,True,
6745923UL9164N,6745923,UL9164N,40.776383,-4.22414,1214.0,EL ESPINAR,Residencial,CL,BRASIL,989,CL BRASIL 989 40400 EL ESPINAR (SEGOVIA),True,True,
6745925UL9164N,6745925,UL9164N,40.776835,-4.223996,1967.0,EL ESPINAR,Residencial,CL,BRASIL,987,CL BRASIL 987 40400 EL ESPINAR (SEGOVIA),True,True,
6745926UL9164N,6745926,UL9164N,40.777276,-4.223859,1167.0,EL ESPINAR,Residencial,CL,BRASIL,986,CL BRASIL 986 40400 EL ESPINAR (SEGOVIA),True,True,
6745927UL9164N,6745927,UL9164N,40.777521,-4.223411,1243.0,EL ESPINAR,Residencial,AV,LOS ANGELES,985,AV LOS ANGELES 985 40424 EL ESPINAR (SEGOVIA),True,True,
6745930UL9164N,6745930,UL9164N,40.776601,-4.22368,1143.0,EL ESPINAR,"Obras de urbanización y jardineria, suelos sin edificar",CL,URUGUAY,982,CL URUGUAY 982 Suelo 40400 EL ESPINAR (SEGOVIA),False,False,
6745931UL9164N,6745931,UL9164N,40.776294,-4.223779,1173.0,EL ESPINAR,"Obras de urbanización y jardineria, suelos sin edificar",CL,URUGUAY,981,CL URUGUAY 981 Suelo 40400 EL ESPINAR (SEGOVIA),False,False,
6745932UL9164N,6745932,UL9164N,40.775986,-4.223878,1187.0,EL ESPINAR,Residencial,CL,URUGUAY,980,CL URUGUAY 980 A 40400 EL ESPINAR (SEGOVIA),True,True,
6745933UL9164N,6745933,UL9164N,40.775678,-4.223973,1142.0,EL ESPINAR,Residencial,CL,URUGUAY,979,CL URUGUAY 979 Es:1 Pl:00 Pt:01 40400 EL ESPINAR (SEGOVIA),True,True,
6745934UL9164N,6745934,UL9164N,40.775371,-4.224061,1126.0,EL ESPINAR,Residencial,CL,URUGUAY,978,CL URUGUAY 978 Es:1 Pl:00 Pt:01 40400 EL ESPINAR (SEGOVIA),True,True,
6745935UL9164N,6745935,UL9164N,40.775058,-4.224164,1142.0,EL ESPINAR,Residencial,CL,URUGUAY,977,CL URUGUAY 977 40400 EL ESPINAR (SEGOVIA),True,True,
6745936UL9164N,6745936,UL9164N,40.774746,-4.224263,1139.0,EL ESPINAR,Residencial,CL,URUGUAY,976,CL URUGUAY 976 Es:1 Pl:00 Pt:01 40400 EL ESPINAR (SEGOVIA),True,True,
6745937UL9164N,6745937,UL9164N,40.774435,-4.224356,1081.0,EL ESPINAR,Residencial,CL,URUGUAY,975,CL URUGUAY 975 Es:1 Pl:00 Pt:01 40400 EL ESPINAR (SEGOVIA),True,True,
6745938UL9164N,6745938,UL9164N,40.774142,-4.224442,981.0,EL ESPINAR,"Obras de urbanización y jardineria, suelos sin edificar",CL,URUGUAY,974,CL URUGUAY 974 Suelo 40400 EL ESPINAR (SEGOVIA),False,False,
6745939UL9164N,6745939,UL9164N,40.773851,-4.224531,1096.0,EL ESPINAR,Residencial,CL,URUGUAY,973,CL URUGUAY 973 Es:1 Pl:00 Pt:01 40400 EL ESPINAR (SEGOVIA),True,True,
6745940UL9164N,6745940,UL9164N,40.773516,-4.224623,1258.0,EL ESPINAR,Residencial,CL,URUGUAY,972,CL URUGUAY 972 Es:1 Pl:00 Pt:01 40400 EL ESPINAR (SEGOVIA),True,True,
6745941UL9164N,6745941,UL9164N,40.773198,-4.224815,1269.0,EL ESPINAR,Residencial,CL,URUGUAY,971,CL URUGUAY 971 Es:1 Pl:00 Pt:01 40400 EL ESPINAR (SEGOVIA),True,True,
6745942UL9164N,6745942,UL9164N,40.77288,-4.225081,1345.0,EL ESPINAR,Residencial,CL,URUGUAY,970,CL URUGUAY 970 Es:1 Pl:00 Pt:01 40400 EL ESPINAR (SEGOVIA),True,True,
6745943UL9164N,6745943,UL9164N,40.772604,-4.225298,810.0,EL ESPINAR,Residencial,CL,URUGUAY,969,CL URUGUAY 969 40400 EL ESPINAR (SEGOVIA),True,True,
6745944UL9164N,6745944,UL9164N,40.772345,-4.225558,1397.0,EL ESPINAR,Residencial,CL,URUGUAY,968,CL URUGUAY 968 Es:1 Pl:00 Pt:01 40400 EL ESPINAR (SEGOVIA),True,True,
6745945UL9164N,6745945,UL9164N,40.772141,-4.22589,1358.0,EL ESPINAR,Residencial,CL,URUGUAY,967,CL URUGUAY 967 Es:1 Pl:00 Pt:01 40400 EL ESPINAR (SEGOVIA),True,True,
6745946UL9164N,6745946,UL9164N,40.771981,-4.226258,1396.0,EL ESPINAR,Residencial,CL,URUGUAY,966,CL URUGUAY 966 A 40400 EL ESPINAR (SEGOVIA),True,True,
6745947UL9164N,6745947,UL9164N,40.771659,-4.226974,1440.0,EL ESPINAR,"Obras de urbanización y jardineria, suelos sin edificar",CL,URUGUAY,964,CL URUGUAY 964 Suelo 40400 EL ESPINAR (SEGOVIA),False,False,
6745948UL9164N,6745948,UL9164N,40.77146,-4.227316,1712.0,EL ESPINAR,Residencial,CL,URUGUAY,963,CL URUGUAY 963 Es:1 Pl:00 Pt:01 40400 EL ESPINAR (SEGOVIA),True,True,
6745949UL9164N,6745949,UL9164N,40.771333,-4.227761,1853.0,EL ESPINAR,Residencial,CL,URUGUAY,962,CL URUGUAY 962 Es:1 Pl:00 Pt:01 40400 EL ESPINAR (SEGOVIA),True,True,
6745950UL9164N,6745950,UL9164N,40.771212,-4.22817,1788.0,EL ESPINAR,Residencial,CL,URUGUAY,961,CL URUGUAY 961 Es:1 Pl:00 Pt:01 40400 EL ESPINAR (SEGOVIA),True,True,
6745951UL9164N,6745951,UL9164N,40.771108,-4.22872,901.0,EL ESPINAR,Residencial,CL,URUGUAY,960,CL URUGUAY 960 40400 EL ESPINAR (SEGOVIA),True,True,
6745952UL9164N,6745952,UL9164N,40.771015,-4.229175,820.0,EL ESPINAR,Residencial,CL,URUGUAY,959,CL URUGUAY 959(A) 40400 EL ESPINAR (SEGOVIA),True,True,
6745953UL9164S,6745953,UL9164S,40.770958,-4.229485,1453.0,EL ESPINAR,Residencial,CL,URUGUAY,958,CL URUGUAY 958 40400 EL ESPINAR (SEGOVIA),True,True,
6745954UL9164N,6745954,UL9164N,40.77088,-4.229871,1430.0,EL ESPINAR,"Obras de urbanización y jardineria, suelos sin edificar",CL,URUGUAY,957,CL URUGUAY 957 Suelo 40400 EL ESPINAR (SEGOVIA),False,False,
6745956UL9164N,6745956,UL9164N,40.77213,-4.226835,1282.0,EL ESPINAR,Residencial,CL,BRASIL,1005,CL BRASIL 1005 40400 EL ESPINAR (SEGOVIA),True,True,
6745957UL9164N,6745957,UL9164N,40.771822,-4.22663,1319.0,EL ESPINAR,Residencial,CL,URUGUAY,965,CL URUGUAY 965 40400 EL ESPINAR (SEGOVIA),True,True,
6745958UL9164N,6745958,UL9164N,40.777266,-4.223474,781.0,EL ESPINAR,Residencial,CL,URUGUAY,983,CL URUGUAY 983(A) N2-984 40400 EL ESPINAR (SEGOVIA),True,True,
6745959UL9164N,6745959,UL9164N,40.777058,-4.223537,783.0,EL ESPINAR,Residencial,CL,URUGUAY,983,CL URUGUAY 983(B) N2-984 40400 EL ESPINAR (SEGOVIA),True,True,
6745960UL9164N,6745960,UL9164N,40.776854,-4.2236,757.0,EL ESPINAR,Residencial,CL,URUGUAY,983,CL URUGUAY 983(C) N2-984 40400 EL ESPINAR (SEGOVIA),True,True,
6745961UL9164N,6745961,UL9164N,40.77756,-4.223793,718.0,EL ESPINAR,Residencial,AV,LOS ANGELES,985,AV LOS ANGELES 985(B) 40424 EL ESPINAR (SEGOVIA),True,True,
6745990UL9164N,6745990,UL9164N,40.771059,-4.22895,841.0,EL ESPINAR,Residencial,CL,URUGUAY,959,CL URUGUAY 959(B) 40400 EL ESPINAR (SEGOVIA),True,True,
6745995UL9164N,6745995,UL9164N,40.772028,-4.22712,806.0,EL ESPINAR,Residencial,CL,BRASIL,1006,CL BRASIL 1006(A) 40400 EL ESPINAR (SEGOVIA),True,True,
6745996UL9164N,6745996,UL9164N,40.771942,-4.22733,858.0,EL ESPINAR,Residencial,CL,BRASIL,1006,CL BRASIL 1006(B) 40400 EL ESPINAR (SEGOVIA),True,True,
6745999UL9164N,6745999,UL9164N,40.771155,-4.22849,910.0,EL ESPINAR,Residencial,CL,URUGUAY,960,CL URUGUAY 960(B) 40400 EL ESPINAR (SEGOVIA),True,True,
6750601UL9165S,6750601,UL9165S,40.778111,-4.224971,754.0,EL ESPINAR,Residencial,CL,SIERRA ALBARRACIN,2,CL SIERRA ALBARRACIN 2 Pl:00 Pt:01 40400 EL ESPINAR (SEGOVIA),True,True,
6750602UL9165S,6750602,UL9165S,40.778206,-4.224801,600.0,EL ESPINAR,Residencial,CL,SIERRA ALBARRACIN,4,CL SIERRA ALBARRACIN 4 40400 EL ESPINAR (SEGOVIA),True,True,
6750603UL9165S,6750603,UL9165S,40.778272,-4.224623,523.0,EL ESPINAR,Residencial,CL,SIERRA ALBARRACIN,6,CL SIERRA ALBARRACIN 6 40400 EL ESPINAR (SEGOVIA),True,True,
6750604UL9165S,6750604,UL9165S,40.778333,-4.22443,506.0,EL ESPINAR,Residencial,CL,SIERRA ALBARRACIN,8,CL SIERRA ALBARRACIN 8 40400 EL ESPINAR (SEGOVIA),True,True,
6750605UL9165S,6750605,UL9165S,40.778397,-4.224238,430.0,EL ESPINAR,Residencial,CL,SIERRA ALBARRACIN,10,CL SIERRA ALBARRACIN 10 40400 EL ESPINAR (SEGOVIA),True,True,
6750606UL9165S,6750606,UL9165S,40.778216,-4.224076,406.0,EL ESPINAR,Residencial,CL,SIERRA MAGINA,7,CL SIERRA MAGINA 7 40400 EL ESPINAR (SEGOVIA),True,True,
6750607UL9165S,6750607,UL9165S,40.778135,-4.224237,419.0,EL ESPINAR,Residencial,CL,SIERRA MAGINA,5,CL SIERRA MAGINA 5 40400 EL ESPINAR (SEGOVIA),True,True,
6750608UL9165S,6750608,UL9165S,40.778052,-4.224381,479.0,EL ESPINAR,Residencial,CL,SIERRA MAGINA,3,CL SIERRA MAGINA 3 Es:1 Pl:00 Pt:01 40400 EL ESPINAR (SEGOVIA),True,True,
6750609UL9165S,6750609,UL9165S,40.777978,-4.224542,496.0,EL ESPINAR,Residencial,CL,SIERRA MAGINA,1,CL SIERRA MAGINA 1 40400 EL ESPINAR (SEGOVIA),True,True,
6752801UL9165S,6752801,UL9165S,40.779388,-4.225381,418.0,EL ESPINAR,"Obras de urbanización y jardineria, suelos sin edificar",CL,SIERRA MORENA,20,CL SIERRA MORENA 20 Suelo 40400 EL ESPINAR (SEGOVIA),False,False,
6752802UL9165S,6752802,UL9165S,40.779443,-4.22521,412.0,EL ESPINAR,"Obras de urbanización y jardineria, suelos sin edificar",CL,SIERRA MORENA,22,CL SIERRA MORENA 22 Suelo 40400 EL ESPINAR (SEGOVIA),False,False,
6752803UL9165S,6752803,UL9165S,40.779511,-4.225046,424.0,EL ESPINAR,"Obras de urbanización y jardineria, suelos sin edificar",CL,SIERRA MORENA,24,CL SIERRA MORENA 24 Suelo 40400 EL ESPINAR (SEGOVIA),False,False,
6752804UL9165S,6752804,UL9165S,40.779592,-4.224896,433.0,EL ESPINAR,"Obras de urbanización y jardineria, suelos sin edificar",CL,SIERRA MORENA,26,CL SIERRA MORENA 26 Suelo 40400 EL ESPINAR (SEGOVIA),False,False,
6752805UL9165S,6752805,UL9165S,40.77968,-4.224762,426.0,EL ESPINAR,"Obras de urbanización y jardineria, suelos sin edificar",CL,SIERRA MORENA,28,CL SIERRA MORENA 28 Suelo 40400 EL ESPINAR (SEGOVIA),False,False,
6752806UL9165S,6752806,UL9165S,40.779769,-4.224611,494.0,EL ESPINAR,"Obras de urbanización y jardineria, suelos sin edificar",CL,SIERRA MORENA,30,CL SIERRA MORENA 30 Suelo 40400 EL ESPINAR (SEGOVIA),False,False,
6752807UL9165S,6752807,UL9165S,40.779681,-4.224041,18.0,EL ESPINAR,"Obras de urbanización y jardineria, suelos sin edificar",CL,SIERRA NEVADA,33,CL SIERRA NEVADA 33 Suelo 40400 EL ESPINAR (SEGOVIA),False,False,
6752808UL9165S,6752808,UL9165S,40.77966,-4.224236,532.0,EL ESPINAR,"Obras de urbanización y jardineria, suelos sin edificar",CL,SIERRA NEVADA,31,CL SIERRA NEVADA 31 Suelo 40400 EL ESPINAR (SEGOVIA),False,False,
6752809UL9165S,6752809,UL9165S,40.779574,-4.224386,432.0,EL ESPINAR,"Obras de urbanización y jardineria, suelos sin edificar",CL,SIERRA NEVADA,29,CL SIERRA NEVADA 29 Suelo 40400 EL ESPINAR (SEGOVIA),False,False,
6752810UL9165S,6752810,UL9165S,40.779491,-4.224503,413.0,EL ESPINAR,"Obras de urbanización y jardineria, suelos sin edificar",CL,SIERRA NEVADA,27,CL SIERRA NEVADA 27 Suelo 40400 EL ESPINAR (SEGOVIA),False,False,
6752811UL9165S,6752811,UL9165S,40.779415,-4.224625,407.0,EL ESPINAR,"Obras de urbanización y jardineria, suelos sin edificar",CL,SIERRA NEVADA,25,CL SIERRA NEVADA 25 Suelo 40400 EL ESPINAR (SEGOVIA),False,False,
6752812UL9165S,6752812,UL9165S,40.779345,-4.224752,402.0,EL ESPINAR,"Obras de urbanización y jardineria, suelos sin edificar",CL,SIERRA NEVADA,23,CL SIERRA NEVADA 23 Suelo 40400 EL ESPINAR (SEGOVIA),False,False,
6752813UL9165S,6752813,UL9165S,40.779283,-4.224884,403.0,EL ESPINAR,"Obras de urbanización y jardineria, suelos sin edificar",CL,SIERRA NEVADA,21,CL SIERRA NEVADA 21 Suelo 40400 EL ESPINAR (SEGOVIA),False,False,
6752814UL9165S,6752814,UL9165S,40.779225,-4.22502,408.0,EL ESPINAR,"Obras de urbanización y jardineria, suelos sin edificar",CL,SIERRA NEVADA,19,CL SIERRA NEVADA 19 Suelo 40400 EL ESPINAR (SEGOVIA),False,False,
6752815UL9165S,6752815,UL9165S,40.779175,-4.225161,401.0,EL ESPINAR,"Obras de urbanización y jardineria, suelos sin edificar",CL,SIERRA NEVADA,17,CL SIERRA NEVADA 17 Suelo 40400 EL ESPINAR (SEGOVIA),False,False,
6752816UL9165S,6752816,UL9165S,40.779136,-4.225308,407.0,EL ESPINAR,"Obras de urbanización y jardineria, suelos sin edificar",CL,SIERRA NEVADA,15,CL SIERRA NEVADA 15 Suelo 40400 EL ESPINAR (SEGOVIA),False,False,
6754401UL9165S,6754401,UL9165S,40.783735,-4.224285,2393.0,EL ESPINAR,"Obras de urbanización y jardineria, suelos sin edificar",CL,VEGAS DE MATUTE,228,CL VEGAS DE MATUTE 228 Suelo EL ESPINAR (SEGOVIA),False,False,
6754402UL9165S,6754402,UL9165S,40.78368,-4.223974,1540.0,EL ESPINAR,"Obras de urbanización y jardineria, suelos sin edificar",CL,VEGAS DE MATUTE,227,CL VEGAS DE MATUTE 227 Suelo 40400 EL ESPINAR (SEGOVIA),False,False,
6754403UL9165S,6754403,UL9165S,40.783643,-4.223741,1356.0,EL ESPINAR,"Obras de urbanización y jardineria, suelos sin edificar",CL,VEGAS DE MATUTE,226,CL VEGAS DE MATUTE 226 Suelo 40400 EL ESPINAR (SEGOVIA),False,False,
6754404UL9165S,6754404,UL9165S,40.783702,-4.223414,1076.0,EL ESPINAR,"Obras de urbanización y jardineria, suelos sin edificar",CL,VEGAS DE MATUTE,225,CL VEGAS DE MATUTE 225 Suelo 40400 EL ESPINAR (SEGOVIA),False,False,
6754405UL9165S,6754405,UL9165S,40.78353,-4.223288,1196.0,EL ESPINAR,"Obras de urbanización y jardineria, suelos sin edificar",CL,VEGAS DE MATUTE,224,CL VEGAS DE MATUTE 224 Suelo 40400 EL ESPINAR (SEGOVIA),False,False,
6754406UL9165S,6754406,UL9165S,40.783315,-4.223476,1427.0,EL ESPINAR,"Obras de urbanización y jardineria, suelos sin edificar",CL,VEGAS DE MATUTE,223,CL VEGAS DE MATUTE 223 Suelo 40400 EL ESPINAR (SEGOVIA),False,False,
6754407UL9165S,6754407,UL9165S,40.783137,-4.2235,1494.0,EL ESPINAR,"Obras de urbanización y jardineria, suelos sin edificar",CL,VEGAS DE MATUTE,222,CL VEGAS DE MATUTE 222 Suelo 40400 EL ESPINAR (SEGOVIA),False,False,
6754408UL9165S,6754408,UL9165S,40.782957,-4.223502,1494.0,EL ESPINAR,"Obras de urbanización y jardineria, suelos sin edificar",CL,VEGAS DE MATUTE,221,CL VEGAS DE MATUTE 221 Suelo 40400 EL ESPINAR (SEGOVIA),False,False,
6754409UL9165S,6754409,UL9165S,40.782777,-4.223503,1493.0,EL ESPINAR,"Obras de urbanización y jardineria, suelos sin edificar",CL,VEGAS DE MATUTE,220,CL VEGAS DE MATUTE 220 Suelo 40400 EL ESPINAR (SEGOVIA),False,False,
6754410UL9165S,6754410,UL9165S,40.782597,-4.223504,1492.0,EL ESPINAR,"Obras de urbanización y jardineria, suelos sin edificar",CL,VEGAS DE MATUTE,219,CL VEGAS DE MATUTE 219 Suelo 40400 EL ESPINAR (SEGOVIA),False,False,
6754411UL9165S,6754411,UL9165S,40.782417,-4.223505,1490.0,EL ESPINAR,"Obras de urbanización y jardineria, suelos sin edificar",CL,VEGAS DE MATUTE,218,CL VEGAS DE MATUTE 218 Suelo 40400 EL ESPINAR (SEGOVIA),False,False,
6754412UL9165S,6754412,UL9165S,40.782236,-4.223506,1489.0,EL ESPINAR,"Obras de urbanización y jardineria, suelos sin edificar",CL,VEGAS DE MATUTE,217,CL VEGAS DE MATUTE 217 Suelo 40400 EL ESPINAR (SEGOVIA),False,False,
6754413UL9165S,6754413,UL9165S,40.782056,-4.223507,1486.0,EL ESPINAR,"Obras de urbanización y jardineria, suelos sin edificar",CL,VEGAS DE MATUTE,216,CL VEGAS DE MATUTE 216 Suelo 40400 EL ESPINAR (SEGOVIA),False,False,
6754414UL9165S,6754414,UL9165S,40.781876,-4.223509,1489.0,EL ESPINAR,"Obras de urbanización y jardineria, suelos sin edificar",CL,VEGAS DE MATUTE,215,CL VEGAS DE MATUTE 215 Suelo 40400 EL ESPINAR (SEGOVIA),False,False,
6754415UL9165S,6754415,UL9165S,40.781581,-4.223511,2654.0,EL ESPINAR,"Obras de urbanización y jardineria, suelos sin edificar",CL,VEGAS DE MATUTE,231,CL VEGAS DE MATUTE 231 Suelo 40400 EL ESPINAR (SEGOVIA),False,False,
6754416UL9165S,6754416,UL9165S,40.78058,-4.223431,11150.0,EL ESPINAR,Industrial,CL,VEGAS DE MATUTE,230,CL VEGAS DE MATUTE 230 40400 EL ESPINAR (SEGOVIA),False,False,
6754417UL9165S,6754417,UL9165S,40.78046,-4.224126,9219.0,EL ESPINAR,"Obras de urbanización y jardineria, suelos sin edificar",CL,SIERRA DEL QUINTANAR,4,CL SIERRA DEL QUINTANAR 4 Suelo 40400 EL ESPINAR (SEGOVIA),False,False,
6754418UL9165S,6754418,UL9165S,40.781762,-4.225062,51180.0,EL ESPINAR,"Obras de urbanización y jardineria, suelos sin edificar",CL,SIERRA DEL QUINTANAR,6,CL SIERRA DEL QUINTANAR 6 Suelo EL ESPINAR (SEGOVIA),False,False,
6754419UL9165S,6754419,UL9165S,40.78192,-4.225769,1352.0,EL ESPINAR,Industrial,CL,VEGAS DE MATUTE,235,CL VEGAS DE MATUTE 235 EL ESPINAR (SEGOVIA),False,False,
6754420UL9165S,6754420,UL9165S,40.780239,-4.22508,620.0,EL ESPINAR,"Obras de urbanización y jardineria, suelos sin edificar",CL,SIERRA DEL QUINTANAR,8,CL SIERRA DEL QUINTANAR 8 Suelo 40400 EL ESPINAR (SEGOVIA),False,False,
6754421UL9165S,6754421,UL9165S,40.780384,-4.225284,447.0,EL ESPINAR,"Obras de urbanización y jardineria, suelos sin edificar",CL,SIERRA DEL QUINTANAR,10,CL SIERRA DEL QUINTANAR 10 Suelo 40400 EL ESPINAR (SEGOVIA),False,False,
6754422UL9165S,6754422,UL9165S,40.780466,-4.225431,537.0,EL ESPINAR,"Obras de urbanización y jardineria, suelos sin edificar",CL,SIERRA DEL QUINTANAR,12,CL SIERRA DEL QUINTANAR 12 Suelo 40400 EL ESPINAR (SEGOVIA),False,False,
6754423UL9165S,6754423,UL9165S,40.780535,-4.225591,557.0,EL ESPINAR,"Obras de urbanización y jardineria, suelos sin edificar",CL,SIERRA DEL QUINTANAR,14,CL SIERRA DEL QUINTANAR 14 Suelo 40400 EL ESPINAR (SEGOVIA),False,False,
6754424UL9165S,6754424,UL9165S,40.780596,-4.225755,564.0,EL ESPINAR,"Obras de urbanización y jardineria, suelos sin edificar",CL,SIERRA DEL QUINTANAR,16,CL SIERRA DEL QUINTANAR 16 Suelo 40400 EL ESPINAR (SEGOVIA),False,False,
6754425UL9165S,6754425,UL9165S,40.780653,-4.22592,565.0,EL ESPINAR,"Obras de urbanización y jardineria, suelos sin edificar",CL,SIERRA DEL QUINTANAR,18,CL SIERRA DEL QUINTANAR 18 Suelo 40400 EL ESPINAR (SEGOVIA),False,False,
6754426UL9165S,6754426,UL9165S,40.780705,-4.226087,545.0,EL ESPINAR,"Obras de urbanización y jardineria, suelos sin edificar",CL,SIERRA DEL QUINTANAR,20,CL SIERRA DEL QUINTANAR 20 Suelo 40400 EL ESPINAR (SEGOVIA),False,False,
6754427UL9165S,6754427,UL9165S,40.780757,-4.226253,552.0,EL ESPINAR,"Obras de urbanización y jardineria, suelos sin edificar",CL,SIERRA DEL QUINTANAR,22,CL SIERRA DEL QUINTANAR 22 Suelo 40400 EL ESPINAR (SEGOVIA),False,False,
6754428UL9165S,6754428,UL9165S,40.780811,-4.226422,567.0,EL ESPINAR,"Obras de urbanización y jardineria, suelos sin edificar",CL,SIERRA DEL QUINTANAR,24,CL SIERRA DEL QUINTANAR 24 Suelo 40400 EL ESPINAR (SEGOVIA),False,False,
6754429UL9165S,6754429,UL9165S,40.780861,-4.226597,562.0,EL ESPINAR,"Obras de urbanización y jardineria, suelos sin edificar",CL,SIERRA DEL QUINTANAR,26,CL SIERRA DEL QUINTANAR 26 Suelo 40400 EL ESPINAR (SEGOVIA),False,False,
6754430UL9165S,6754430,UL9165S,40.780906,-4.226774,564.0,EL ESPINAR,"Obras de urbanización y jardineria, suelos sin edificar",CL,SIERRA DEL QUINTANAR,28,CL SIERRA DEL QUINTANAR 28 Suelo 40400 EL ESPINAR (SEGOVIA),False,False,
6754431UL9165S,6754431,UL9165S,40.780943,-4.226955,577.0,EL ESPINAR,"Obras de urbanización y jardineria, suelos sin edificar",CL,SIERRA DEL QUINTANAR,30,CL SIERRA DEL QUINTANAR 30 Suelo 40400 EL ESPINAR (SEGOVIA),False,False,
6754432UL9165S,6754432,UL9165S,40.780949,-4.22715,488.0,EL ESPINAR,"Obras de urbanización y jardineria, suelos sin edificar",CL,SIERRA DEL QUINTANAR,32,CL SIERRA DEL QUINTANAR 32 Suelo 40400 EL ESPINAR (SEGOVIA),False,False,
6754433UL9165S,6754433,UL9165S,40.780951,-4.227342,421.0,EL ESPINAR,"Obras de urbanización y jardineria, suelos sin edificar",CL,SIERRA DEL QUINTANAR,34,CL SIERRA DEL QUINTANAR 34 Suelo 40400 EL ESPINAR (SEGOVIA),False,False,
6754434UL9165S,6754434,UL9165S,40.780953,-4.22753,415.0,EL ESPINAR,"Obras de urbanización y jardineria, suelos sin edificar",CL,SIERRA DEL QUINTANAR,36,CL SIERRA DEL QUINTANAR 36 Suelo 40400 EL ESPINAR (SEGOVIA),False,False,
6754435UL9165S,6754435,UL9165S,40.780949,-4.227715,407.0,EL ESPINAR,"Obras de urbanización y jardineria, suelos sin edificar",CL,SIERRA DEL QUINTANAR,38,CL SIERRA DEL QUINTANAR 38 Suelo EL ESPINAR (SEGOVIA),False,False,
6754436UL9165S,6754436,UL9165S,40.780941,-4.227895,426.0,EL ESPINAR,"Obras de urbanización y jardineria, suelos sin edificar",CL,SIERRA DEL QUINTANAR,40,CL SIERRA DEL QUINTANAR 40 Suelo EL ESPINAR (SEGOVIA),False,False,
6754437UL9165S,6754437,UL9165S,40.780915,-4.228065,418.0,EL ESPINAR,"Obras de urbanización y jardineria, suelos sin edificar",CL,SIERRA DEL QUINTANAR,42,CL SIERRA DEL QUINTANAR 42 Suelo EL ESPINAR (SEGOVIA),False,False,
6754438UL9165S,6754438,UL9165S,40.780874,-4.228239,415.0,EL ESPINAR,"Obras de urbanización y jardineria, suelos sin edificar",CL,SIERRA DEL QUINTANAR,44,CL SIERRA DEL QUINTANAR 44 Suelo EL ESPINAR (SEGOVIA),False,False,
6754439UL9165S,6754439,UL9165S,40.780826,-4.228421,415.0,EL ESPINAR,"Obras de urbanización y jardineria, suelos sin edificar",CL,SIERRA DEL QUINTANAR,46,CL SIERRA DEL QUINTANAR 46 Suelo EL ESPINAR (SEGOVIA),False,False,
6754440UL9165S,6754440,UL9165S,40.780776,-4.228605,402.0,EL ESPINAR,"Obras de urbanización y jardineria, suelos sin edificar",CL,SIERRA DEL QUINTANAR,48,CL SIERRA DEL QUINTANAR 48 Suelo EL ESPINAR (SEGOVIA),False,False,
6754441UL9165S,6754441,UL9165S,40.780723,-4.228787,405.0,EL ESPINAR,"Obras de urbanización y jardineria, suelos sin edificar",CL,SIERRA DEL QUINTANAR,50,CL SIERRA DEL QUINTANAR 50 Suelo EL ESPINAR (SEGOVIA),False,False,
6754442UL9165S,6754442,UL9165S,40.780669,-4.228967,413.0,EL ESPINAR,"Obras de urbanización y jardineria, suelos sin edificar",CL,SIERRA DEL QUINTANAR,52,CL SIERRA DEL QUINTANAR 52 Suelo EL ESPINAR (SEGOVIA),False,False,
6754443UL9165S,6754443,UL9165S,40.780615,-4.229141,406.0,EL ESPINAR,"Obras de urbanización y jardineria, suelos sin edificar",CL,SIERRA DEL QUINTANAR,54,CL SIERRA DEL QUINTANAR 54 Suelo EL ESPINAR (SEGOVIA),False,False,
6754444UL9165S,6754444,UL9165S,40.78056,-4.229308,425.0,EL ESPINAR,"Obras de urbanización y jardineria, suelos sin edificar",CL,SIERRA DEL QUINTANAR,56,CL SIERRA DEL QUINTANAR 56 Suelo EL ESPINAR (SEGOVIA),False,False,
6754445UL9165S,6754445,UL9165S,40.780504,-4.229478,473.0,EL ESPINAR,"Obras de urbanización y jardineria, suelos sin edificar",CL,SIERRA DEL QUINTANAR,58,CL SIERRA DEL QUINTANAR 58 Suelo EL ESPINAR (SEGOVIA),False,False,
6754446UL9165S,6754446,UL9165S,40.780442,-4.229658,574.0,EL ESPINAR,"Obras de urbanización y jardineria, suelos sin edificar",CL,SIERRA DEL QUINTANAR,60,CL SIERRA DEL QUINTANAR 60 Suelo EL ESPINAR (SEGOVIA),False,False,
6754447UL9165S,6754447,UL9165S,40.780371,-4.229846,673.0,EL ESPINAR,"Obras de urbanización y jardineria, suelos sin edificar",CL,SIERRA DEL QUINTANAR,62,CL SIERRA DEL QUINTANAR 62 Suelo EL ESPINAR (SEGOVIA),False,False,
6754448UL9165S,6754448,UL9165S,40.780204,-4.229932,440.0,EL ESPINAR,"Obras de urbanización y jardineria, suelos sin edificar",CL,SIERRA DEL QUINTANAR,64,CL SIERRA DEL QUINTANAR 64 Suelo 40400 EL ESPINAR (SEGOVIA),False,False,
6754449UL9165S,6754449,UL9165S,40.780285,-4.230107,456.0,EL ESPINAR,"Obras de urbanización y jardineria, suelos sin edificar",CL,VEGAS DE MATUTE,27,CL VEGAS DE MATUTE 27 Suelo EL ESPINAR (SEGOVIA),False,False,
6754450UL9165S,6754450,UL9165S,40.780319,-4.230272,408.0,EL ESPINAR,"Obras de urbanización y jardineria, suelos sin edificar",CL,VEGAS DE MATUTE,26,CL VEGAS DE MATUTE 26 Suelo EL ESPINAR (SEGOVIA),False,False,
6758701UL9165N,6758701,UL9165N,40.784791,-4.225056,4089.0,VEGAS DE MATUTE,Oficinas,UR,ANGELES DE SAN RAFAEL,,UR ANGELES DE SAN RAFAEL  Es:E Pl:00 Pt:01 40423 VEGAS DE MATUTE (SEGOVIA),False,False,
6758702UL9165N,6758702,UL9165N,40.785181,-4.224566,4244.0,VEGAS DE MATUTE,Comercial,UR,ANGELES DE SAN RAFAEL,,UR ANGELES DE SAN RAFAEL  Es:E Pl:00 Pt:01 40423 VEGAS DE MATUTE (SEGOVIA),False,False,
6758703UL9165N,6758703,UL9165N,40.785506,-4.224161,2325.0,VEGAS DE MATUTE,Industrial,UR,ANGELES DE SAN RAFAEL,,UR ANGELES DE SAN RAFAEL 40423 VEGAS DE MATUTE (SEGOVIA),False,False,
6839201UL9163N,6839201,UL9163N,40.767878,-4.2216,826.0,EL ESPINAR,"Obras de urbanización y jardineria, suelos sin edificar",CL,PERU,602,CL PERU 602(A) Suelo 40400 EL ESPINAR (SEGOVIA),False,False,
6839202UL9163N,6839202,UL9163N,40.768587,-4.225753,760.0,EL ESPINAR,Residencial,CL,PERU,605,CL PERU 605(D) 40400 EL ESPINAR (SEGOVIA),True,True,
6839203UL9163N,6839203,UL9163N,40.76863,-4.225492,771.0,EL ESPINAR,"Obras de urbanización y jardineria, suelos sin edificar",CL,PERU,605,CL PERU 605(E) Suelo 40400 EL ESPINAR (SEGOVIA),False,False,
6839204UL9163N,6839204,UL9163N,40.768557,-4.225214,750.0,EL ESPINAR,"Obras de urbanización y jardineria, suelos sin edificar",CL,PERU,605,CL PERU 605(F) Suelo 40400 EL ESPINAR (SEGOVIA),False,False,
6839205UL9163N,6839205,UL9163N,40.768476,-4.224954,769.0,EL ESPINAR,"Obras de urbanización y jardineria, suelos sin edificar",CL,PERU,605,CL PERU 605(G) Suelo 40400 EL ESPINAR (SEGOVIA),False,False,
6839206UL9163N,6839206,UL9163N,40.768403,-4.224718,769.0,EL ESPINAR,"Obras de urbanización y jardineria, suelos sin edificar",CL,PERU,604,CL PERU 604(A) Suelo 40400 EL ESPINAR (SEGOVIA),False,False,
6839207UL9163N,6839207,UL9163N,40.768339,-4.224474,843.0,EL ESPINAR,"Obras de urbanización y jardineria, suelos sin edificar",CL,PERU,604,CL PERU 604(B) Suelo 40400 EL ESPINAR (SEGOVIA),False,False,
6839208UL9163N,6839208,UL9163N,40.768295,-4.22421,802.0,EL ESPINAR,"Obras de urbanización y jardineria, suelos sin edificar",CL,PERU,604,CL PERU 604(C) Suelo 40400 EL ESPINAR (SEGOVIA),False,False,
6839209UL9163N,6839209,UL9163N,40.768294,-4.223944,770.0,EL ESPINAR,"Obras de urbanización y jardineria, suelos sin edificar",CL,PERU,604,CL PERU 604(D) Suelo 40400 EL ESPINAR (SEGOVIA),False,False,
6839210UL9163N,6839210,UL9163N,40.768323,-4.223686,850.0,EL ESPINAR,"Obras de urbanización y jardineria, suelos sin edificar",CL,PERU,604,CL PERU 604(E) Suelo 40400 EL ESPINAR (SEGOVIA),False,False,
6839211UL9163N,6839211,UL9163N,40.768385,-4.223462,783.0,EL ESPINAR,"Obras de urbanización y jardineria, suelos sin edificar",CL,PERU,604,CL PERU 604(F) Suelo 40400 EL ESPINAR (SEGOVIA),False,False,
6839212UL9163N,6839212,UL9163N,40.76842,-4.223251,841.0,EL ESPINAR,"Obras de urbanización y jardineria, suelos sin edificar",CL,PERU,604,CL PERU 604(G) Suelo 40400 EL ESPINAR (SEGOVIA),False,False,
6839213UL9163N,6839213,UL9163N,40.768454,-4.223047,804.0,EL ESPINAR,"Obras de urbanización y jardineria, suelos sin edificar",CL,PERU,603,CL PERU 603(A) Suelo 40400 EL ESPINAR (SEGOVIA),False,False,
6839214UL9163N,6839214,UL9163N,40.76848,-4.222854,815.0,EL ESPINAR,"Obras de urbanización y jardineria, suelos sin edificar",CL,PERU,603,CL PERU 603(B) Suelo 40400 EL ESPINAR (SEGOVIA),False,False,
6839215UL9163N,6839215,UL9163N,40.76848,-4.222663,953.0,EL ESPINAR,"Obras de urbanización y jardineria, suelos sin edificar",CL,PERU,603,CL PERU 603(C) Suelo 40400 EL ESPINAR (SEGOVIA),False,False,
6839216UL9163N,6839216,UL9163N,40.768424,-4.222477,1021.0,EL ESPINAR,"Obras de urbanización y jardineria, suelos sin edificar",CL,PERU,603,CL PERU 603(D) Suelo 40400 EL ESPINAR (SEGOVIA),False,False,
6839217UL9163N,6839217,UL9163N,40.768331,-4.222307,865.0,EL ESPINAR,"Obras de urbanización y jardineria, suelos sin edificar",CL,PERU,603,CL PERU 603(E) Suelo 40400 EL ESPINAR (SEGOVIA),False,False,
6839218UL9163N,6839218,UL9163N,40.768204,-4.222143,873.0,EL ESPINAR,Residencial,CL,PERU,603,CL PERU 603(F) 40400 EL ESPINAR (SEGOVIA),True,True,
6839219UL9163N,6839219,UL9163N,40.768084,-4.221926,760.0,EL ESPINAR,"Obras de urbanización y jardineria, suelos sin edificar",CL,PERU,603,CL PERU 603(G) Suelo 40400 EL ESPINAR (SEGOVIA),False,False,
6846901UL9164N,6846901,UL9164N,40.772227,-4.224948,1623.0,EL ESPINAR,Residencial,CL,URUGUAY,920,CL URUGUAY 920 Es:1 Pl:00 Pt:01 40400 EL ESPINAR (SEGOVIA),True,True,
6846902UL9164N,6846902,UL9164N,40.772505,-4.224802,1085.0,EL ESPINAR,Residencial,CL,URUGUAY,956,CL URUGUAY 956 40400 EL ESPINAR (SEGOVIA),True,True,
6846903UL9164N,6846903,UL9164N,40.772758,-4.224599,1022.0,EL ESPINAR,Residencial,CL,URUGUAY,955,CL URUGUAY 955 Es:1 Pl:00 Pt:01 40400 EL ESPINAR (SEGOVIA),True,True,
6846904UL9164N,6846904,UL9164N,40.773015,-4.224374,1166.0,EL ESPINAR,Residencial,CL,URUGUAY,954,CL URUGUAY 954 Es:1 Pl:00 Pt:01 40400 EL ESPINAR (SEGOVIA),True,True,
6846905UL9164N,6846905,UL9164N,40.773279,-4.224173,1126.0,EL ESPINAR,Residencial,CL,URUGUAY,953,CL URUGUAY 953 40400 EL ESPINAR (SEGOVIA),True,True,
6846906UL9164N,6846906,UL9164N,40.773522,-4.224066,1151.0,EL ESPINAR,"Obras de urbanización y jardineria, suelos sin edificar",CL,URUGUAY,952,CL URUGUAY 952 Suelo 40400 EL ESPINAR (SEGOVIA),False,False,
6846907UL9164N,6846907,UL9164N,40.773794,-4.224006,1400.0,EL ESPINAR,Residencial,CL,URUGUAY,951,CL URUGUAY 951 Es:1 Pl:00 Pt:01 40400 EL ESPINAR (SEGOVIA),True,True,
6846908UL9164N,6846908,UL9164N,40.77409,-4.223924,1278.0,EL ESPINAR,Residencial,CL,URUGUAY,950,CL URUGUAY 950 Es:1 Pl:00 Pt:01 40400 EL ESPINAR (SEGOVIA),True,True,
6846909UL9164N,6846909,UL9164N,40.774408,-4.223822,1369.0,EL ESPINAR,Residencial,CL,URUGUAY,949,CL URUGUAY 949 Es:1 Pl:00 Pt:01 40400 EL ESPINAR (SEGOVIA),True,True,
6846910UL9164N,6846910,UL9164N,40.774708,-4.223731,1281.0,EL ESPINAR,Residencial,CL,URUGUAY,948,CL URUGUAY 948 Es:1 Pl:00 Pt:01 40400 EL ESPINAR (SEGOVIA),True,True,
6846911UL9164N,6846911,UL9164N,40.775047,-4.223629,1435.0,EL ESPINAR,Residencial,CL,URUGUAY,947,CL URUGUAY 947 Es:1 Pl:00 Pt:01 40400 EL ESPINAR (SEGOVIA),True,True,
6846912UL9164N,6846912,UL9164N,40.77536,-4.223527,1316.0,EL ESPINAR,Residencial,CL,URUGUAY,946,CL URUGUAY 946 Es:1 Pl:00 Pt:01 40400 EL ESPINAR (SEGOVIA),True,True,
6846913UL9164N,6846913,UL9164N,40.775666,-4.223446,1140.0,EL ESPINAR,Residencial,CL,URUGUAY,945,CL URUGUAY 945 Es:1 Pl:00 Pt:01 40400 EL ESPINAR (SEGOVIA),True,True,
6846914UL9164N,6846914,UL9164N,40.775934,-4.223376,981.0,EL ESPINAR,Residencial,CL,URUGUAY,944,CL URUGUAY 944 40400 EL ESPINAR (SEGOVIA),True,True,
6846915UL9164N,6846915,UL9164N,40.776223,-4.223291,1018.0,EL ESPINAR,"Obras de urbanización y jardineria, suelos sin edificar",CL,URUGUAY,943,CL URUGUAY 943 Suelo 40400 EL ESPINAR (SEGOVIA),False,False,
6846916UL9164N,6846916,UL9164N,40.776517,-4.223197,1075.0,EL ESPINAR,Residencial,CL,URUGUAY,942,CL URUGUAY 942 40400 EL ESPINAR (SEGOVIA),True,True,
6846917UL9164N,6846917,UL9164N,40.776845,-4.223096,1271.0,EL ESPINAR,Residencial,CL,URUGUAY,941,CL URUGUAY 941 Es:1 Pl:00 Pt:01 40400 EL ESPINAR (SEGOVIA),True,True,
6846918UL9164N,6846918,UL9164N,40.777204,-4.22295,1509.0,EL ESPINAR,"Obras de urbanización y jardineria, suelos sin edificar",CL,URUGUAY,940,CL URUGUAY 940 Suelo 40400 EL ESPINAR (SEGOVIA),False,False,
6846921UL9164N,6846921,UL9164N,40.777075,-4.222562,1350.0,EL ESPINAR,Residencial,CL,ARGENTINA,937,CL ARGENTINA 937 40400 EL ESPINAR (SEGOVIA),True,True,
6846922UL9164N,6846922,UL9164N,40.776773,-4.222734,1096.0,EL ESPINAR,Residencial,CL,ARGENTINA,936,CL ARGENTINA 936 Suelo 40400 EL ESPINAR (SEGOVIA),True,True,
6846923UL9164N,6846923,UL9164N,40.776471,-4.222817,1157.0,EL ESPINAR,Residencial,CL,ARGENTINA,935,CL ARGENTINA 935 40400 EL ESPINAR (SEGOVIA),True,True,
6846924UL9164N,6846924,UL9164N,40.776173,-4.222912,1160.0,EL ESPINAR,Residencial,CL,ARGENTINA,934,CL ARGENTINA 934 40400 EL ESPINAR (SEGOVIA),True,True,
6846925UL9164N,6846925,UL9164N,40.775889,-4.222969,1103.0,EL ESPINAR,Residencial,CL,ARGENTINA,933,CL ARGENTINA 933 Es:1 Pl:00 Pt:01 40400 EL ESPINAR (SEGOVIA),True,True,
6846926UL9164N,6846926,UL9164N,40.775598,-4.223033,1163.0,EL ESPINAR,Residencial,CL,ARGENTINA,932,CL ARGENTINA 932 Es:1 Pl:00 Pt:01 40400 EL ESPINAR (SEGOVIA),True,True,
6846927UL9164N,6846927,UL9164N,40.775285,-4.223117,1177.0,EL ESPINAR,Residencial,CL,ARGENTINA,931,CL ARGENTINA 931 Es:1 Pl:00 Pt:01 40400 EL ESPINAR (SEGOVIA),True,True,
6846928UL9164N,6846928,UL9164N,40.774967,-4.223207,1271.0,EL ESPINAR,Residencial,CL,ARGENTINA,930,CL ARGENTINA 930 Es:1 Pl:00 Pt:01 40400 EL ESPINAR (SEGOVIA),True,True,
6846929UL9164N,6846929,UL9164N,40.774627,-4.2233,1210.0,EL ESPINAR,Residencial,CL,ARGENTINA,929,CL ARGENTINA 929 Es:1 Pl:00 Pt:01 40400 EL ESPINAR (SEGOVIA),True,True,
6846930UL9164N,6846930,UL9164N,40.774314,-4.223391,1390.0,EL ESPINAR,"Obras de urbanización y jardineria, suelos sin edificar",CL,ARGENTINA,928,CL ARGENTINA 928 Suelo 40400 EL ESPINAR (SEGOVIA),False,False,
6846931UL9164N,6846931,UL9164N,40.773999,-4.223476,1332.0,EL ESPINAR,Residencial,CL,ARGENTINA,927,CL ARGENTINA 927 Es:1 Pl:00 Pt:01 40400 EL ESPINAR (SEGOVIA),True,True,
6846932UL9164N,6846932,UL9164N,40.773691,-4.223553,1376.0,EL ESPINAR,Residencial,CL,ARGENTINA,926,CL ARGENTINA 926 Es:1 Pl:00 Pt:01 40400 EL ESPINAR (SEGOVIA),True,True,
6846933UL9164N,6846933,UL9164N,40.773377,-4.223608,1209.0,EL ESPINAR,Residencial,CL,ARGENTINA,30,CL ARGENTINA 30 40400 EL ESPINAR (SEGOVIA),True,True,
6846934UL9164N,6846934,UL9164N,40.773101,-4.223777,1513.0,EL ESPINAR,Residencial,CL,ARGENTINA,924,CL ARGENTINA 924 Es:1 Pl:00 Pt:01 40400 EL ESPINAR (SEGOVIA),True,True,
6846935UL9164N,6846935,UL9164N,40.772845,-4.224016,1418.0,EL ESPINAR,Residencial,CL,ARGENTINA,923,CL ARGENTINA 923 Es:1 Pl:00 Pt:01 40400 EL ESPINAR (SEGOVIA),True,True,
6846936UL9164N,6846936,UL9164N,40.772597,-4.22425,1221.0,EL ESPINAR,Residencial,CL,ARGENTINA,922,CL ARGENTINA 922 Es:1 Pl:00 Pt:01 40400 EL ESPINAR (SEGOVIA),True,True,
6846937UL9164N,6846937,UL9164N,40.772349,-4.224475,1131.0,EL ESPINAR,Residencial,CL,ARGENTINA,921,CL ARGENTINA 921 Es:1 Pl:00 Pt:01 40400 EL ESPINAR (SEGOVIA),True,True,
6846938UL9164N,6846938,UL9164N,40.777294,-4.22238,810.0,EL ESPINAR,"Obras de urbanización y jardineria, suelos sin edificar",CL,ARGENTINA,938,CL ARGENTINA 938(A) Suelo 40400 EL ESPINAR (SEGOVIA),False,False,
6846939UL9164N,6846939,UL9164N,40.777444,-4.222245,920.0,EL ESPINAR,"Obras de urbanización y jardineria, suelos sin edificar",CL,ARGENTINA,938,CL ARGENTINA 938(B) Suelo 40400 EL ESPINAR (SEGOVIA),False,False,
6846940UL9164N,6846940,UL9164N,40.777634,-4.222129,1075.0,EL ESPINAR,"Obras de urbanización y jardineria, suelos sin edificar",CL,ARGENTINA,938,CL ARGENTINA 938(C) Suelo 40400 EL ESPINAR (SEGOVIA),False,False,
6850901UL9165S,6850901,UL9165S,40.777939,-4.223817,1045.0,EL ESPINAR,"Obras de urbanización y jardineria, suelos sin edificar",CL,SIERRA MAGINA,2,CL SIERRA MAGINA 2 Suelo 40400 EL ESPINAR (SEGOVIA),False,False,
6850902UL9165S,6850902,UL9165S,40.778003,-4.223487,1034.0,EL ESPINAR,"Obras de urbanización y jardineria, suelos sin edificar",CL,SIERRA MAGINA,4,CL SIERRA MAGINA 4 Suelo 40400 EL ESPINAR (SEGOVIA),False,False,
6850903UL9165S,6850903,UL9165S,40.778027,-4.223224,1115.0,EL ESPINAR,"Obras de urbanización y jardineria, suelos sin edificar",CL,SIERRA MAGINA,6,CL SIERRA MAGINA 6 Suelo 40400 EL ESPINAR (SEGOVIA),False,False,
6850904UL9165S,6850904,UL9165S,40.778258,-4.223115,25.0,EL ESPINAR,"Obras de urbanización y jardineria, suelos sin edificar",CL,VEGAS DE MATUTE,5,CL VEGAS DE MATUTE 5(C) Suelo 40400 EL ESPINAR (SEGOVIA),False,False,
6851201UL9165S,6851201,UL9165S,40.778924,-4.224678,563.0,EL ESPINAR,Residencial,CL,SIERRA NEVADA,18,CL SIERRA NEVADA 18 40400 EL ESPINAR (SEGOVIA),True,True,
6851202UL9165S,6851202,UL9165S,40.778999,-4.224524,567.0,EL ESPINAR,Residencial,CL,SIERRA NEVADA,20,CL SIERRA NEVADA 20 40400 EL ESPINAR (SEGOVIA),True,True,
6851203UL9165S,6851203,UL9165S,40.779084,-4.22438,526.0,EL ESPINAR,Residencial,CL,SIERRA NEVADA,22,CL SIERRA NEVADA 22 40400 EL ESPINAR (SEGOVIA),True,True,
6851204UL9165S,6851204,UL9165S,40.779175,-4.224254,452.0,EL ESPINAR,Residencial,CL,SIERRA NEVADA,24,CL SIERRA NEVADA 24 40400 EL ESPINAR (SEGOVIA),True,True,
6851205UL9165S,6851205,UL9165S,40.779265,-4.224129,453.0,EL ESPINAR,Residencial,CL,SIERRA NEVADA,26,CL SIERRA NEVADA 26 40400 EL ESPINAR (SEGOVIA),True,True,
6851206UL9165S,6851206,UL9165S,40.779357,-4.224,467.0,EL ESPINAR,Residencial,CL,SIERRA NEVADA,28,CL SIERRA NEVADA 28 40400 EL ESPINAR (SEGOVIA),True,True,
6851207UL9165S,6851207,UL9165S,40.779437,-4.223867,488.0,EL ESPINAR,Residencial,CL,SIERRA NEVADA,30,CL SIERRA NEVADA 30 40400 EL ESPINAR (SEGOVIA),True,True,
6851208UL9165S,6851208,UL9165S,40.779502,-4.223723,567.0,EL ESPINAR,Residencial,CL,SIERRA DEL QUINTANAR,7,CL SIERRA DEL QUINTANAR 7 40400 EL ESPINAR (SEGOVIA),True,True,
6851209UL9165S,6851209,UL9165S,40.779501,-4.223543,463.0,EL ESPINAR,Residencial,CL,SIERRA DEL QUINTANAR,5,CL SIERRA DEL QUINTANAR 5 40400 EL ESPINAR (SEGOVIA),True,True,
6851210UL9165S,6851210,UL9165S,40.779492,-4.223372,429.0,EL ESPINAR,Residencial,CL,SIERRA DEL QUINTANAR,3,CL SIERRA DEL QUINTANAR 3 40400 EL ESPINAR (SEGOVIA),True,True,
6851211UL9165S,6851211,UL9165S,40.779488,-4.22319,504.0,EL ESPINAR,Residencial,CL,SIERRA DEL QUINTANAR,1,CL SIERRA DEL QUINTANAR 1 40400 EL ESPINAR (SEGOVIA),True,True,
6851212UL9165S,6851212,UL9165S,40.779328,-4.223111,16.0,EL ESPINAR,"Obras de urbanización y jardineria, suelos sin edificar",CL,VEGAS DE MATUTE,4,CL VEGAS DE MATUTE 4(C) Suelo 40400 EL ESPINAR (SEGOVIA),False,False,
6851213UL9165S,6851213,UL9165S,40.779209,-4.223212,590.0,EL ESPINAR,Residencial,CL,SIERRA ALBARRACIN,29,CL SIERRA ALBARRACIN 29 40400 EL ESPINAR (SEGOVIA),True,True,
6851214UL9165S,6851214,UL9165S,40.779204,-4.22344,692.0,EL ESPINAR,Residencial,CL,SIERRA ALBARRACIN,27,CL SIERRA ALBARRACIN 27 40400 EL ESPINAR (SEGOVIA),True,True,
6851215UL9165S,6851215,UL9165S,40.779149,-4.223653,701.0,EL ESPINAR,Residencial,CL,SIERRA ALBARRACIN,25,CL SIERRA ALBARRACIN 25 40400 EL ESPINAR (SEGOVIA),True,True,
6851216UL9165S,6851216,UL9165S,40.779064,-4.22382,600.0,EL ESPINAR,Residencial,CL,SIERRA ALBARRACIN,23,CL SIERRA ALBARRACIN 23 40400 EL ESPINAR (SEGOVIA),True,True,
6851217UL9165S,6851217,UL9165S,40.778971,-4.223958,551.0,EL ESPINAR,Residencial,CL,SIERRA ALBARRACIN,21,CL SIERRA ALBARRACIN 21 EL ESPINAR (SEGOVIA),True,True,
6851218UL9165S,6851218,UL9165S,40.778877,-4.22409,516.0,EL ESPINAR,Residencial,CL,SIERRA ALBARRACIN,19,CL SIERRA ALBARRACIN 19 40400 EL ESPINAR (SEGOVIA),True,True,
6851219UL9165S,6851219,UL9165S,40.778795,-4.224226,437.0,EL ESPINAR,Residencial,CL,SIERRA ALBARRACIN,17,CL SIERRA ALBARRACIN 17 40400 EL ESPINAR (SEGOVIA),True,True,
6851220UL9165S,6851220,UL9165S,40.778724,-4.224362,412.0,EL ESPINAR,Residencial,CL,SIERRA ALBARRACIN,15,CL SIERRA ALBARRACIN 15 40400 EL ESPINAR (SEGOVIA),True,True,
6851221UL9165S,6851221,UL9165S,40.778663,-4.224514,414.0,EL ESPINAR,Residencial,CL,SIERRA ALBARRACIN,13,CL SIERRA ALBARRACIN 13 40400 EL ESPINAR (SEGOVIA),True,True,
6851801UL9165S,6851801,UL9165S,40.778493,-4.224034,418.0,EL ESPINAR,Residencial,CL,SIERRA ALBARRACIN,12,CL SIERRA ALBARRACIN 12 40400 EL ESPINAR (SEGOVIA),True,True,
6851802UL9165S,6851802,UL9165S,40.778573,-4.223856,436.0,EL ESPINAR,Residencial,CL,SIERRA ALBARRACIN,14,CL SIERRA ALBARRACIN 14 40400 EL ESPINAR (SEGOVIA),True,True,
6851803UL9165S,6851803,UL9165S,40.778657,-4.223696,419.0,EL ESPINAR,Residencial,CL,SIERRA ALBARRACIN,16,CL SIERRA ALBARRACIN 16 40400 EL ESPINAR (SEGOVIA),True,True,
6851804UL9165S,6851804,UL9165S,40.778732,-4.223545,444.0,EL ESPINAR,Residencial,CL,SIERRA ALBARRACIN,18,CL SIERRA ALBARRACIN 18 40400 EL ESPINAR (SEGOVIA),True,True,
6851805UL9165S,6851805,UL9165S,40.7788,-4.223373,543.0,EL ESPINAR,Residencial,CL,SIERRA ALBARRACIN,20,CL SIERRA ALBARRACIN 20 Es:1 Pl:00 Pt:01 40400 EL ESPINAR (SEGOVIA),True,True,
6851806UL9165S,6851806,UL9165S,40.778842,-4.223182,498.0,EL ESPINAR,Residencial,CL,SIERRA ALBARRACIN,22,CL SIERRA ALBARRACIN 22 Es:1 Pl:00 Pt:01 40400 EL ESPINAR (SEGOVIA),True,True,
6851807UL9165S,6851807,UL9165S,40.778561,-4.223171,433.0,EL ESPINAR,Residencial,CL,SIERRA MAGINA,17,CL SIERRA MAGINA 17 40400 EL ESPINAR (SEGOVIA),True,True,
6851808UL9165S,6851808,UL9165S,40.778513,-4.223335,462.0,EL ESPINAR,Residencial,CL,SIERRA MAGINA,15,CL SIERRA MAGINA 15 40400 EL ESPINAR (SEGOVIA),True,True,
6851809UL9165S,6851809,UL9165S,40.778462,-4.223511,431.0,EL ESPINAR,Residencial,CL,SIERRA MAGINA,13,CL SIERRA MAGINA 13 40400 EL ESPINAR (SEGOVIA),True,True,
6851810UL9165S,6851810,UL9165S,40.778394,-4.223689,410.0,EL ESPINAR,Residencial,CL,SIERRA MAGINA,11,CL SIERRA MAGINA 11 40400 EL ESPINAR (SEGOVIA),True,True,
6851811UL9165S,6851811,UL9165S,40.778317,-4.223871,409.0,EL ESPINAR,Residencial,CL,SIERRA MAGINA,9,CL SIERRA MAGINA 9 40400 EL ESPINAR (SEGOVIA),True,True,
6940801UL9164S,6940801,UL9164S,40.768985,-4.225932,1020.0,EL ESPINAR,"Obras de urbanización y jardineria, suelos sin edificar",CL,PERU,605,CL PERU 605(A) Suelo 40400 EL ESPINAR (SEGOVIA),False,False,
6940802UL9164S,6940802,UL9164S,40.769021,-4.225615,878.0,EL ESPINAR,"Obras de urbanización y jardineria, suelos sin edificar",CL,PERU,606,CL PERU 606(G) Suelo 40400 EL ESPINAR (SEGOVIA),False,False,
6940803UL9164S,6940803,UL9164S,40.768973,-4.225318,812.0,EL ESPINAR,"Obras de urbanización y jardineria, suelos sin edificar",CL,PERU,606,CL PERU 606(F) Suelo 40400 EL ESPINAR (SEGOVIA),False,False,
6940804UL9164S,6940804,UL9164S,40.768912,-4.225032,836.0,EL ESPINAR,"Obras de urbanización y jardineria, suelos sin edificar",CL,PERU,606,CL PERU 606(E) Suelo 40400 EL ESPINAR (SEGOVIA),False,False,
6940805UL9164S,6940805,UL9164S,40.768816,-4.224734,830.0,EL ESPINAR,"Obras de urbanización y jardineria, suelos sin edificar",CL,PERU,606,CL PERU 606(D) Suelo 40400 EL ESPINAR (SEGOVIA),False,False,
6940806UL9164S,6940806,UL9164S,40.768723,-4.224402,824.0,EL ESPINAR,"Obras de urbanización y jardineria, suelos sin edificar",CL,PERU,606,CL PERU 606(C) Suelo 40400 EL ESPINAR (SEGOVIA),False,False,
6940807UL9164S,6940807,UL9164S,40.768664,-4.224057,831.0,EL ESPINAR,"Obras de urbanización y jardineria, suelos sin edificar",CL,PERU,606,CL PERU 606(B) Suelo 40400 EL ESPINAR (SEGOVIA),False,False,
6940808UL9164S,6940808,UL9164S,40.768728,-4.223708,828.0,EL ESPINAR,"Obras de urbanización y jardineria, suelos sin edificar",CL,PERU,606,CL PERU 606(A) Suelo 40400 EL ESPINAR (SEGOVIA),False,False,
6940809UL9164S,6940809,UL9164S,40.768824,-4.22337,778.0,EL ESPINAR,"Obras de urbanización y jardineria, suelos sin edificar",CL,PERU,607,CL PERU 607(G) Suelo 40400 EL ESPINAR (SEGOVIA),False,False,
6940810UL9164S,6940810,UL9164S,40.768872,-4.223028,746.0,EL ESPINAR,"Obras de urbanización y jardineria, suelos sin edificar",CL,PERU,607,CL PERU 607(F) Suelo 40400 EL ESPINAR (SEGOVIA),False,False,
6940811UL9164S,6940811,UL9164S,40.768914,-4.222637,856.0,EL ESPINAR,"Obras de urbanización y jardineria, suelos sin edificar",CL,PERU,607,CL PERU 607(E) Suelo 40400 EL ESPINAR (SEGOVIA),False,False,
6940812UL9164S,6940812,UL9164S,40.768844,-4.222227,856.0,EL ESPINAR,"Obras de urbanización y jardineria, suelos sin edificar",CL,PERU,607,CL PERU 607(D) Suelo 40400 EL ESPINAR (SEGOVIA),False,False,
6940813UL9164S,6940813,UL9164S,40.768705,-4.221944,880.0,EL ESPINAR,"Obras de urbanización y jardineria, suelos sin edificar",CL,PERU,607,CL PERU 607(C) Suelo 40400 EL ESPINAR (SEGOVIA),False,False,
6940814UL9164S,6940814,UL9164S,40.768542,-4.22177,831.0,EL ESPINAR,"Obras de urbanización y jardineria, suelos sin edificar",CL,PERU,607,CL PERU 607(B) Suelo 40400 EL ESPINAR (SEGOVIA),False,False,
6940815UL9164S,6940815,UL9164S,40.76839,-4.22159,931.0,EL ESPINAR,Residencial,CL,PERU,607,CL PERU 607(A) 40400 EL ESPINAR (SEGOVIA),True,True,
6940816UL9164S,6940816,UL9164S,40.767813,-4.220927,1004.0,EL ESPINAR,"Obras de urbanización y jardineria, suelos sin edificar",CL,PERU,608,CL PERU 608(C) Suelo 40400 EL ESPINAR (SEGOVIA),False,False,
6940817UL9164S,6940817,UL9164S,40.767662,-4.220561,912.0,EL ESPINAR,"Obras de urbanización y jardineria, suelos sin edificar",CL,HONDURAS,608,CL HONDURAS 608(B) Suelo 40400 EL ESPINAR (SEGOVIA),False,False,
6940818UL9164S,6940818,UL9164S,40.767981,-4.220681,1008.0,EL ESPINAR,"Obras de urbanización y jardineria, suelos sin edificar",CL,HONDURAS,608,CL HONDURAS 608(A) Suelo 40400 EL ESPINAR (SEGOVIA),False,False,
6940819UL9164S,6940819,UL9164S,40.768617,-4.221226,746.0,EL ESPINAR,"Obras de urbanización y jardineria, suelos sin edificar",CL,MEJICO,609,CL MEJICO 609 Suelo 40400 EL ESPINAR (SEGOVIA),False,False,
6940820UL9164S,6940820,UL9164S,40.768743,-4.221391,762.0,EL ESPINAR,"Obras de urbanización y jardineria, suelos sin edificar",CL,MEJICO,610,CL MEJICO 610 Suelo 40400 EL ESPINAR (SEGOVIA),False,False,
6940821UL9164S,6940821,UL9164S,40.768877,-4.221564,776.0,EL ESPINAR,"Obras de urbanización y jardineria, suelos sin edificar",CL,MEJICO,611,CL MEJICO 611 Suelo 40400 EL ESPINAR (SEGOVIA),False,False,
6940822UL9164S,6940822,UL9164S,40.76898,-4.221799,774.0,EL ESPINAR,"Obras de urbanización y jardineria, suelos sin edificar",CL,MEJICO,612,CL MEJICO 612 Suelo 40400 EL ESPINAR (SEGOVIA),False,False,
6940823UL9164S,6940823,UL9164S,40.769057,-4.222113,758.0,EL ESPINAR,"Obras de urbanización y jardineria, suelos sin edificar",CL,MEJICO,613,CL MEJICO 613 Suelo 40400 EL ESPINAR (SEGOVIA),False,False,
6940824UL9164S,6940824,UL9164S,40.769104,-4.222545,833.0,EL ESPINAR,"Obras de urbanización y jardineria, suelos sin edificar",CL,MEJICO,614,CL MEJICO 614 Suelo 40400 EL ESPINAR (SEGOVIA),False,False,
6940825UL9164S,6940825,UL9164S,40.76912,-4.222959,765.0,EL ESPINAR,"Obras de urbanización y jardineria, suelos sin edificar",CL,MEJICO,615,CL MEJICO 615 Suelo 40400 EL ESPINAR (SEGOVIA),False,False,
6940826UL9164S,6940826,UL9164S,40.769103,-4.22328,835.0,EL ESPINAR,Residencial,CL,MEJICO,616,CL MEJICO 616 40400 EL ESPINAR (SEGOVIA),True,True,
6940827UL9164S,6940827,UL9164S,40.76903,-4.223586,779.0,EL ESPINAR,Residencial,CL,MEJICO,617,CL MEJICO 617 40400 EL ESPINAR (SEGOVIA),True,True,
6940828UL9164S,6940828,UL9164S,40.768922,-4.223915,784.0,EL ESPINAR,Residencial,CL,MEJICO,618,CL MEJICO 618 40400 EL ESPINAR (SEGOVIA),True,True,
6940829UL9164S,6940829,UL9164S,40.768936,-4.224289,791.0,EL ESPINAR,Residencial,CL,MEJICO,619,CL MEJICO 619 40400 EL ESPINAR (SEGOVIA),True,True,
6940830UL9164S,6940830,UL9164S,40.769054,-4.224619,783.0,EL ESPINAR,Residencial,CL,MEJICO,620,CL MEJICO 620 40400 EL ESPINAR (SEGOVIA),True,True,
6940831UL9164S,6940831,UL9164S,40.769177,-4.2249,781.0,EL ESPINAR,Residencial,CL,MEJICO,621,CL MEJICO 621 40400 EL ESPINAR (SEGOVIA),True,True,
6940832UL9164S,6940832,UL9164S,40.769261,-4.225157,771.0,EL ESPINAR,Residencial,CL,MEJICO,622,CL MEJICO 622 40400 EL ESPINAR (SEGOVIA),True,True,
6940833UL9164S,6940833,UL9164S,40.769308,-4.225397,773.0,EL ESPINAR,Residencial,CL,MEJICO,623,CL MEJICO 623 40400 EL ESPINAR (SEGOVIA),True,True,
6940834UL9164S,6940834,UL9164S,40.769346,-4.22565,764.0,EL ESPINAR,Residencial,CL,MEJICO,624,CL MEJICO 624 40400 EL ESPINAR (SEGOVIA),True,True,
6940835UL9164S,6940835,UL9164S,40.769308,-4.225917,787.0,EL ESPINAR,Residencial,CL,MEJICO,625,CL MEJICO 625 40400 EL ESPINAR (SEGOVIA),True,True,
6940836UL9164S,6940836,UL9164S,40.769275,-4.226162,780.0,EL ESPINAR,Residencial,CL,MEJICO,626,CL MEJICO 626 40400 EL ESPINAR (SEGOVIA),True,True,
6940837UL9164S,6940837,UL9164S,40.768467,-4.221101,973.0,EL ESPINAR,Residencial,CL,MEJICO,395,"CL MEJICO 395(A) SE SEGREGAN: 38,39,40,41 40400 EL ESPINAR (SEGOVIA)",True,True,
6940838UL9164S,6940838,UL9164S,40.768341,-4.220942,955.0,EL ESPINAR,Residencial,CL,MEJICO,395,CL MEJICO 395(B) SE SEGREGAN DE LA 37 40400 EL ESPINAR (SEGOVIA),True,True,
6940839UL9164S,6940839,UL9164S,40.768199,-4.220823,810.0,EL ESPINAR,Residencial,CL,MEJICO,395,CL MEJICO 395(C) SE SEGREGA DE LA 37 40400 EL ESPINAR (SEGOVIA),True,True,
6940840UL9164S,6940840,UL9164S,40.768008,-4.2212,901.0,EL ESPINAR,Residencial,CL,PERU,395,CL PERU 395(E) SE SEGREGA DE LA 37 40400 EL ESPINAR (SEGOVIA),True,True,
6940841UL9164S,6940841,UL9164S,40.768191,-4.221424,899.0,EL ESPINAR,Residencial,CL,PERU,395,CL PERU 395(D) SE SEGREGA DE LA 37 40400 EL ESPINAR (SEGOVIA),True,True,
6941201UL9164S,6941201,UL9164S,40.770474,-4.229835,828.0,EL ESPINAR,"Obras de urbanización y jardineria, suelos sin edificar",CL,URUGUAY,771,CL URUGUAY 771 Suelo 40400 EL ESPINAR (SEGOVIA),False,False,
6941202UL9164S,6941202,UL9164S,40.770543,-4.229451,1113.0,EL ESPINAR,"Obras de urbanización y jardineria, suelos sin edificar",CL,URUGUAY,770,CL URUGUAY 770 Suelo 40400 EL ESPINAR (SEGOVIA),False,False,
6941203UL9164S,6941203,UL9164S,40.770622,-4.228995,1324.0,EL ESPINAR,"Obras de urbanización y jardineria, suelos sin edificar",CL,URUGUAY,769,CL URUGUAY 769 Suelo 40400 EL ESPINAR (SEGOVIA),False,False,
6941204UL9164S,6941204,UL9164S,40.770691,-4.22853,1227.0,EL ESPINAR,Residencial,CL,URUGUAY,768,CL URUGUAY 768 Es:1 Pl:00 Pt:01 40400 EL ESPINAR (SEGOVIA),True,True,
6941205UL9164S,6941205,UL9164S,40.770737,-4.22814,1213.0,EL ESPINAR,"Obras de urbanización y jardineria, suelos sin edificar",CL,URUGUAY,767,CL URUGUAY 767 Suelo 40400 EL ESPINAR (SEGOVIA),False,False,
6941206UL9164S,6941206,UL9164S,40.770798,-4.227798,1155.0,EL ESPINAR,Residencial,CL,URUGUAY,766,CL URUGUAY 766 40400 EL ESPINAR (SEGOVIA),True,True,
6941207UL9164S,6941207,UL9164S,40.770855,-4.227476,1344.0,EL ESPINAR,Residencial,CL,URUGUAY,765,CL URUGUAY 765 40400 EL ESPINAR (SEGOVIA),True,True,
6941208UL9164S,6941208,UL9164S,40.7709,-4.227139,1340.0,EL ESPINAR,Residencial,AV,BRUSELAS,764,AV BRUSELAS 764 40400 EL ESPINAR (SEGOVIA),True,True,
6941209UL9164S,6941209,UL9164S,40.770941,-4.226378,1303.0,EL ESPINAR,"Obras de urbanización y jardineria, suelos sin edificar",AV,BRUSELAS,762,AV BRUSELAS 762 Suelo 40424 EL ESPINAR (SEGOVIA),False,False,
6941210UL9164S,6941210,UL9164S,40.770926,-4.225957,1370.0,EL ESPINAR,Residencial,AV,BRUSELAS,761,AV BRUSELAS 761 Es:1 Pl:00 Pt:01 40400 EL ESPINAR (SEGOVIA),True,True,
6941211UL9164S,6941211,UL9164S,40.770892,-4.225494,1388.0,EL ESPINAR,Residencial,AV,BRUSELAS,760,AV BRUSELAS 760 40400 EL ESPINAR (SEGOVIA),True,True,
6941212UL9164S,6941212,UL9164S,40.770799,-4.2251,1318.0,EL ESPINAR,Residencial,AV,BRUSELAS,759,AV BRUSELAS 759 40400 EL ESPINAR (SEGOVIA),True,True,
6941213UL9164S,6941213,UL9164S,40.770645,-4.224742,1225.0,EL ESPINAR,Residencial,AV,BRUSELAS,758,AV BRUSELAS 758 A 40424 EL ESPINAR (SEGOVIA),True,True,
6941214UL9164S,6941214,UL9164S,40.770466,-4.224337,1095.0,EL ESPINAR,Residencial,AV,BRUSELAS,757,AV BRUSELAS 757 Es:1 Pl:01 Pt:01 40400 EL ESPINAR (SEGOVIA),True,True,
6941215UL9164S,6941215,UL9164S,40.770351,-4.223822,1216.0,EL ESPINAR,Residencial,AV,BRUSELAS,756,AV BRUSELAS 756 Es:1 Pl:00 Pt:01 40424 EL ESPINAR (SEGOVIA),True,True,
6941216UL9164S,6941216,UL9164S,40.770393,-4.223359,1365.0,EL ESPINAR,"Obras de urbanización y jardineria, suelos sin edificar",AV,BRUSELAS,755,AV BRUSELAS 755 Suelo 40400 EL ESPINAR (SEGOVIA),False,False,
6941217UL9164S,6941217,UL9164S,40.770459,-4.222941,1251.0,EL ESPINAR,Residencial,AV,BRUSELAS,754,AV BRUSELAS 754 Es:1 Pl:00 Pt:01 40400 EL ESPINAR (SEGOVIA),True,True,
6941218UL9164S,6941218,UL9164S,40.770538,-4.222558,1324.0,EL ESPINAR,Residencial,AV,BRUSELAS,753,AV BRUSELAS 753 Es:1 Pl:00 Pt:01 40400 EL ESPINAR (SEGOVIA),True,True,
6941219UL9164S,6941219,UL9164S,40.770675,-4.222235,1268.0,EL ESPINAR,Residencial,AV,BRUSELAS,752,AV BRUSELAS 752 Es:1 Pl:00 Pt:01 40400 EL ESPINAR (SEGOVIA),True,True,
6941220UL9164S,6941220,UL9164S,40.770861,-4.22193,1363.0,EL ESPINAR,Residencial,AV,BRUSELAS,751,AV BRUSELAS 751 Es:1 Pl:00 Pt:01 40400 EL ESPINAR (SEGOVIA),True,True,
6941221UL9164S,6941221,UL9164S,40.771042,-4.221612,1249.0,EL ESPINAR,Residencial,AV,BRUSELAS,750,AV BRUSELAS 750 Es:1 Pl:00 Pt:01 40400 EL ESPINAR (SEGOVIA),True,True,
6941222UL9164S,6941222,UL9164S,40.771226,-4.221295,1293.0,EL ESPINAR,Residencial,AV,BRUSELAS,749,AV BRUSELAS 749 Es:1 Pl:00 Pt:01 40400 EL ESPINAR (SEGOVIA),True,True,
6941223UL9164S,6941223,UL9164S,40.771393,-4.22099,1050.0,EL ESPINAR,Residencial,AV,BRUSELAS,748,AV BRUSELAS 748 40400 EL ESPINAR (SEGOVIA),True,True,
6941224UL9164S,6941224,UL9164S,40.771572,-4.220684,1193.0,EL ESPINAR,Residencial,AV,BRUSELAS,747,AV BRUSELAS 747 40400 EL ESPINAR (SEGOVIA),True,True,
6941225UL9164S,6941225,UL9164S,40.771804,-4.220448,1002.0,EL ESPINAR,Residencial,AV,BRUSELAS,746,AV BRUSELAS 746 Es:1 Pl:00 Pt:01 40400 EL ESPINAR (SEGOVIA),True,True,
6941226UL9164S,6941226,UL9164S,40.772108,-4.220352,941.0,EL ESPINAR,Residencial,AV,BRUSELAS,745,AV BRUSELAS 745 Es:1 Pl:00 Pt:01 40400 EL ESPINAR (SEGOVIA),True,True,
6941227UL9164S,6941227,UL9164S,40.772442,-4.220243,1164.0,EL ESPINAR,Residencial,AV,BRUSELAS,744,AV BRUSELAS 744 Es:1 Pl:00 Pt:01 40400 EL ESPINAR (SEGOVIA),True,True,
6941228UL9164S,6941228,UL9164S,40.772783,-4.220123,1197.0,EL ESPINAR,Residencial,AV,BRUSELAS,743,AV BRUSELAS 743 40424 EL ESPINAR (SEGOVIA),True,True,
6941229UL9164S,6941229,UL9164S,40.773147,-4.220023,1352.0,EL ESPINAR,Residencial,AV,BRUSELAS,742,AV BRUSELAS 742 Es:1 Pl:00 Pt:01 40400 EL ESPINAR (SEGOVIA),True,True,
6941230UL9164S,6941230,UL9164S,40.773501,-4.219891,1283.0,EL ESPINAR,Residencial,AV,BRUSELAS,741,AV BRUSELAS 741 Es:1 Pl:00 Pt:01 40424 EL ESPINAR (SEGOVIA),True,True,
6941231UL9164S,6941231,UL9164S,40.773813,-4.219755,1153.0,EL ESPINAR,Residencial,AV,BRUSELAS,740,AV BRUSELAS 740 40400 EL ESPINAR (SEGOVIA),True,True,
6941232UL9164S,6941232,UL9164S,40.774053,-4.21944,1389.0,EL ESPINAR,Residencial,AV,BRUSELAS,737,AV BRUSELAS 737 40400 EL ESPINAR (SEGOVIA),True,True,
6941233UL9164S,6941233,UL9164S,40.774307,-4.219281,1358.0,EL ESPINAR,Residencial,AV,BRUSELAS,738,AV BRUSELAS 738 40424 EL ESPINAR (SEGOVIA),True,True,
6941234UL9164S,6941234,UL9164S,40.774665,-4.219076,1269.0,EL ESPINAR,Residencial,AV,BRUSELAS,739,AV BRUSELAS 739 Es:1 Pl:00 Pt:01 40400 EL ESPINAR (SEGOVIA),True,True,
6941235UL9164S,6941235,UL9164S,40.773744,-4.219409,1112.0,EL ESPINAR,Residencial,CL,VENEZUELA,736,CL VENEZUELA 736 40400 EL ESPINAR (SEGOVIA),True,True,
6941236UL9164S,6941236,UL9164S,40.773412,-4.219536,1102.0,EL ESPINAR,Residencial,CL,VENEZUELA,735,CL VENEZUELA 735 40400 EL ESPINAR (SEGOVIA),True,True,
6941237UL9164S,6941237,UL9164S,40.773068,-4.219673,1314.0,EL ESPINAR,Residencial,CL,VENEZUELA,734,CL VENEZUELA 734 Es:1 Pl:00 Pt:01 40400 EL ESPINAR (SEGOVIA),True,True,
6941238UL9164S,6941238,UL9164S,40.772709,-4.219787,1106.0,EL ESPINAR,Residencial,CL,VENEZUELA,733,CL VENEZUELA 733 Es:1 Pl:00 Pt:01 40400 EL ESPINAR (SEGOVIA),True,True,
6941239UL9164S,6941239,UL9164S,40.77236,-4.219924,1165.0,EL ESPINAR,Residencial,CL,VENEZUELA,732,CL VENEZUELA 732 40400 EL ESPINAR (SEGOVIA),True,True,
6941240UL9164S,6941240,UL9164S,40.772019,-4.220051,1015.0,EL ESPINAR,Residencial,CL,VENEZUELA,731,CL VENEZUELA 731 40400 EL ESPINAR (SEGOVIA),True,True,
6941241UL9164S,6941241,UL9164S,40.771663,-4.220171,1080.0,EL ESPINAR,"Obras de urbanización y jardineria, suelos sin edificar",CL,VENEZUELA,730,CL VENEZUELA 730 Suelo 40400 EL ESPINAR (SEGOVIA),False,False,
6941243UL9164S,6941243,UL9164S,40.771128,-4.220692,1300.0,EL ESPINAR,Residencial,CL,VENEZUELA,728,CL VENEZUELA 728 40400 EL ESPINAR (SEGOVIA),True,True,
6941244UL9164S,6941244,UL9164S,40.77095,-4.221022,1402.0,EL ESPINAR,Residencial,CL,VENEZUELA,727,CL VENEZUELA 727 40400 EL ESPINAR (SEGOVIA),True,True,
6941245UL9164S,6941245,UL9164S,40.770763,-4.221347,1269.0,EL ESPINAR,Residencial,CL,VENEZUELA,726,CL VENEZUELA 726 Es:1 Pl:01 Pt:01 40400 EL ESPINAR (SEGOVIA),True,True,
6941246UL9164S,6941246,UL9164S,40.770572,-4.221664,1361.0,EL ESPINAR,Residencial,CL,VENEZUELA,725,CL VENEZUELA 725 Es:1 Pl:01 Pt:01 40400 EL ESPINAR (SEGOVIA),True,True,
6941247UL9164S,6941247,UL9164S,40.770371,-4.221978,1325.0,EL ESPINAR,Residencial,CL,VENEZUELA,724,CL VENEZUELA 724 Es:1 Pl:01 Pt:01 40400 EL ESPINAR (SEGOVIA),True,True,
6941248UL9164S,6941248,UL9164S,40.770236,-4.222248,768.0,EL ESPINAR,"Obras de urbanización y jardineria, suelos sin edificar",CL,VENEZUELA,723,CL VENEZUELA 723 Suelo 40400 EL ESPINAR (SEGOVIA),False,False,
6941249UL9164S,6941249,UL9164S,40.770185,-4.222473,842.0,EL ESPINAR,"Obras de urbanización y jardineria, suelos sin edificar",CL,VENEZUELA,722,CL VENEZUELA 722 Suelo 40400 EL ESPINAR (SEGOVIA),False,False,
6941250UL9164S,6941250,UL9164S,40.770148,-4.22272,838.0,EL ESPINAR,"Obras de urbanización y jardineria, suelos sin edificar",CL,VENEZUELA,721,CL VENEZUELA 721 Suelo 40400 EL ESPINAR (SEGOVIA),False,False,
6941251UL9164S,6941251,UL9164S,40.770106,-4.222975,826.0,EL ESPINAR,"Obras de urbanización y jardineria, suelos sin edificar",CL,VENEZUELA,720,CL VENEZUELA 720 Suelo 40400 EL ESPINAR (SEGOVIA),False,False,
6941252UL9164S,6941252,UL9164S,40.770082,-4.223239,822.0,EL ESPINAR,"Obras de urbanización y jardineria, suelos sin edificar",CL,VENEZUELA,719,CL VENEZUELA 719 Suelo 40400 EL ESPINAR (SEGOVIA),False,False,
6941253UL9164S,6941253,UL9164S,40.770057,-4.223503,834.0,EL ESPINAR,"Obras de urbanización y jardineria, suelos sin edificar",CL,VENEZUELA,718,CL VENEZUELA 718 Suelo 40400 EL ESPINAR (SEGOVIA),False,False,
6941254UL9164S,6941254,UL9164S,40.77005,-4.223777,829.0,EL ESPINAR,"Obras de urbanización y jardineria, suelos sin edificar",CL,VENEZUELA,717,CL VENEZUELA 717 Suelo 40400 EL ESPINAR (SEGOVIA),False,False,
6941255UL9164S,6941255,UL9164S,40.770087,-4.224064,804.0,EL ESPINAR,"Obras de urbanización y jardineria, suelos sin edificar",CL,VENEZUELA,716,CL VENEZUELA 716 Suelo 40400 EL ESPINAR (SEGOVIA),False,False,
6941256UL9164S,6941256,UL9164S,40.770201,-4.224366,855.0,EL ESPINAR,"Obras de urbanización y jardineria, suelos sin edificar",CL,VENEZUELA,715,CL VENEZUELA 715 Suelo 40400 EL ESPINAR (SEGOVIA),False,False,
6941257UL9164S,6941257,UL9164S,40.770504,-4.225312,838.0,EL ESPINAR,"Obras de urbanización y jardineria, suelos sin edificar",CL,VENEZUELA,712,CL VENEZUELA 712 Suelo 40400 EL ESPINAR (SEGOVIA),False,False,
6941258UL9164S,6941258,UL9164S,40.770539,-4.225563,809.0,EL ESPINAR,"Obras de urbanización y jardineria, suelos sin edificar",CL,VENEZUELA,711,CL VENEZUELA 711 Suelo 40400 EL ESPINAR (SEGOVIA),False,False,
6941259UL9164S,6941259,UL9164S,40.770573,-4.225803,887.0,EL ESPINAR,"Obras de urbanización y jardineria, suelos sin edificar",CL,VENEZUELA,710,CL VENEZUELA 710 Suelo 40400 EL ESPINAR (SEGOVIA),False,False,
6941260UL9164S,6941260,UL9164S,40.77059,-4.226053,832.0,EL ESPINAR,"Obras de urbanización y jardineria, suelos sin edificar",CL,VENEZUELA,709,CL VENEZUELA 709 Suelo 40400 EL ESPINAR (SEGOVIA),False,False,
6941261UL9164S,6941261,UL9164S,40.770598,-4.226314,895.0,EL ESPINAR,Residencial,CL,VENEZUELA,708,CL VENEZUELA 708 40400 EL ESPINAR (SEGOVIA),True,True,
6941262UL9164S,6941262,UL9164S,40.770573,-4.226635,1245.0,EL ESPINAR,Residencial,CL,VENEZUELA,707,CL VENEZUELA 707 40400 EL ESPINAR (SEGOVIA),True,True,
6941263UL9164S,6941263,UL9164S,40.77048,-4.226946,785.0,EL ESPINAR,Residencial,CL,VENEZUELA,706,CL VENEZUELA 706(A) 40400 EL ESPINAR (SEGOVIA),True,True,
6941264UL9164S,6941264,UL9164S,40.770457,-4.227159,976.0,EL ESPINAR,Residencial,CL,VENEZUELA,706,CL VENEZUELA 706(B) 40400 EL ESPINAR (SEGOVIA),True,True,
6941265UL9164S,6941265,UL9164S,40.770925,-4.226768,1309.0,EL ESPINAR,"Obras de urbanización y jardineria, suelos sin edificar",CL,VENEZUELA,763,CL VENEZUELA 763 Suelo 40400 EL ESPINAR (SEGOVIA),False,False,
6941266UL9164S,6941266,UL9164S,40.770325,-4.22469,852.0,EL ESPINAR,"Obras de urbanización y jardineria, suelos sin edificar",CL,VENEZUELA,48,CL VENEZUELA 48 Suelo 40400 EL ESPINAR (SEGOVIA),False,False,
6941267UL9164S,6941267,UL9164S,40.770434,-4.225021,850.0,EL ESPINAR,"Obras de urbanización y jardineria, suelos sin edificar",CL,VENEZUELA,713,CL VENEZUELA 713 Suelo 40400 EL ESPINAR (SEGOVIA),False,False,
6941268UL9164S,6941268,UL9164S,40.771261,-4.220448,766.0,EL ESPINAR,Residencial,CL,VENEZUELA,18,CL VENEZUELA 18 40400 EL ESPINAR (SEGOVIA),True,True,
6941269UL9164S,6941269,UL9164S,40.771402,-4.220322,764.0,EL ESPINAR,Residencial,CL,VENEZUELA,729,CL VENEZUELA 729(B) 40400 EL ESPINAR (SEGOVIA),True,True,
6941270UL9164S,6941270,UL9164S,40.770416,-4.227382,1010.0,EL ESPINAR,Residencial,CL,VENEZUELA,68,CL VENEZUELA 68 40400 EL ESPINAR (SEGOVIA),True,True,
6941271UL9164S,6941271,UL9164S,40.770383,-4.227609,1067.0,EL ESPINAR,Residencial,CL,VENEZUELA,706,CL VENEZUELA 706(D) 40400 EL ESPINAR (SEGOVIA),True,True,
6941272UL9164S,6941272,UL9164S,40.770354,-4.227848,1148.0,EL ESPINAR,Residencial,CL,VENEZUELA,706,CL VENEZUELA 706(E) Es:T Pl:OD Pt:OD 40400 EL ESPINAR (SEGOVIA),True,True,
6941273UL9164S,6941273,UL9164S,40.770322,-4.228086,1083.0,EL ESPINAR,Residencial,CL,VENEZUELA,706,CL VENEZUELA 706(F) 40400 EL ESPINAR (SEGOVIA),True,True,
6941274UL9164S,6941274,UL9164S,40.770287,-4.2283,919.0,EL ESPINAR,Residencial,CL,VENEZUELA,76,CL VENEZUELA 76 40400 EL ESPINAR (SEGOVIA),True,True,
6941275UL9164S,6941275,UL9164S,40.770287,-4.228519,1092.0,EL ESPINAR,"Obras de urbanización y jardineria, suelos sin edificar",CL,VENEZUELA,705,CL VENEZUELA 705(A) Suelo 40400 EL ESPINAR (SEGOVIA),False,False,
6941276UL9164S,6941276,UL9164S,40.770269,-4.22875,1071.0,EL ESPINAR,"Obras de urbanización y jardineria, suelos sin edificar",CL,VENEZUELA,705,CL VENEZUELA 705(B) Suelo 40400 EL ESPINAR (SEGOVIA),False,False,
6941277UL9164S,6941277,UL9164S,40.770241,-4.22898,1034.0,EL ESPINAR,"Obras de urbanización y jardineria, suelos sin edificar",CL,VENEZUELA,705,CL VENEZUELA 705(C) Suelo 40400 EL ESPINAR (SEGOVIA),False,False,
6941278UL9164S,6941278,UL9164S,40.770215,-4.229211,975.0,EL ESPINAR,"Obras de urbanización y jardineria, suelos sin edificar",CL,VENEZUELA,705,CL VENEZUELA 705(D) Suelo 40400 EL ESPINAR (SEGOVIA),False,False,
6941279UL9164S,6941279,UL9164S,40.770196,-4.229443,881.0,EL ESPINAR,"Obras de urbanización y jardineria, suelos sin edificar",CL,VENEZUELA,705,CL VENEZUELA 705(E) Suelo 40400 EL ESPINAR (SEGOVIA),False,False,
6941280UL9164S,6941280,UL9164S,40.770177,-4.22968,800.0,EL ESPINAR,"Obras de urbanización y jardineria, suelos sin edificar",CL,VENEZUELA,705,CL VENEZUELA 705(F) Suelo 40400 EL ESPINAR (SEGOVIA),False,False,
6941281UL9164S,6941281,UL9164S,40.770172,-4.229963,858.0,EL ESPINAR,"Obras de urbanización y jardineria, suelos sin edificar",CL,VENEZUELA,705,CL VENEZUELA 705(G) Suelo 40400 EL ESPINAR (SEGOVIA),False,False,
6941282UL9164S,6941282,UL9164S,40.770363,-4.226687,17.0,EL ESPINAR,"Obras de urbanización y jardineria, suelos sin edificar",CL,VENEZUELA,707,CL VENEZUELA 707(D) Suelo 40400 EL ESPINAR (SEGOVIA),False,False,
6946901UL9164N,6946901,UL9164N,40.772235,-4.2239,1527.0,EL ESPINAR,Residencial,CL,ARGENTINA,876,CL ARGENTINA 876 Es:1 Pl:00 Pt:01 40400 EL ESPINAR (SEGOVIA),True,True,
6946902UL9164N,6946902,UL9164N,40.772494,-4.223699,830.0,EL ESPINAR,Residencial,CL,ARGENTINA,919,CL ARGENTINA 919 Es:1 Pl:00 Pt:01 40400 EL ESPINAR (SEGOVIA),True,True,
6946903UL9164N,6946903,UL9164N,40.772671,-4.223467,976.0,EL ESPINAR,Residencial,CL,ARGENTINA,918,CL ARGENTINA 918 Es:1 Pl:00 Pt:01 40400 EL ESPINAR (SEGOVIA),True,True,
6946904UL9164N,6946904,UL9164N,40.77291,-4.223291,878.0,EL ESPINAR,Residencial,CL,ARGENTINA,917,CL ARGENTINA 917 Es:1 Pl:00 Pt:01 40400 EL ESPINAR (SEGOVIA),True,True,
6946905UL9164N,6946905,UL9164N,40.773156,-4.22315,911.0,EL ESPINAR,Residencial,CL,ARGENTINA,916,CL ARGENTINA 916 40400 EL ESPINAR (SEGOVIA),True,True,
6946906UL9164N,6946906,UL9164N,40.7734,-4.22306,965.0,EL ESPINAR,Residencial,CL,ARGENTINA,915,CL ARGENTINA 915 Es:1 Pl:00 Pt:01 40400 EL ESPINAR (SEGOVIA),True,True,
6946907UL9164N,6946907,UL9164N,40.773659,-4.222982,1175.0,EL ESPINAR,Residencial,CL,ARGENTINA,914,CL ARGENTINA 914 40400 EL ESPINAR (SEGOVIA),True,True,
6946908UL9164N,6946908,UL9164N,40.773909,-4.222915,967.0,EL ESPINAR,"Obras de urbanización y jardineria, suelos sin edificar",CL,ARGENTINA,913,CL ARGENTINA 913 Suelo 40400 EL ESPINAR (SEGOVIA),False,False,
6946909UL9164N,6946909,UL9164N,40.774125,-4.222856,933.0,EL ESPINAR,Residencial,CL,ARGENTINA,912,CL ARGENTINA 912 Es:1 Pl:00 Pt:01 40400 EL ESPINAR (SEGOVIA),True,True,
6946910UL9164N,6946910,UL9164N,40.774356,-4.222798,1137.0,EL ESPINAR,Residencial,CL,ARGENTINA,911,CL ARGENTINA 911 40400 EL ESPINAR (SEGOVIA),True,True,
6946911UL9164N,6946911,UL9164N,40.774586,-4.222737,950.0,EL ESPINAR,"Obras de urbanización y jardineria, suelos sin edificar",CL,ARGENTINA,910,CL ARGENTINA 910 Suelo 40400 EL ESPINAR (SEGOVIA),False,False,
6946912UL9164N,6946912,UL9164N,40.774817,-4.222678,1141.0,EL ESPINAR,Residencial,CL,ARGENTINA,909,CL ARGENTINA 909 Es:1 Pl:00 Pt:01 40400 EL ESPINAR (SEGOVIA),True,True,
6946913UL9164N,6946913,UL9164N,40.775055,-4.222612,1054.0,EL ESPINAR,Residencial,CL,ARGENTINA,908,CL ARGENTINA 908 40400 EL ESPINAR (SEGOVIA),True,True,
6946914UL9164N,6946914,UL9164N,40.77527,-4.222527,1111.0,EL ESPINAR,Residencial,CL,ARGENTINA,907,CL ARGENTINA 907 40400 EL ESPINAR (SEGOVIA),True,True,
6946915UL9164N,6946915,UL9164N,40.775489,-4.222483,1086.0,EL ESPINAR,Residencial,CL,ARGENTINA,906,CL ARGENTINA 906 40400 EL ESPINAR (SEGOVIA),True,True,
6946916UL9164N,6946916,UL9164N,40.775697,-4.22242,1066.0,EL ESPINAR,Industrial,CL,ARGENTINA,905,CL ARGENTINA 905 40400 EL ESPINAR (SEGOVIA),False,False,
6946917UL9164N,6946917,UL9164N,40.775879,-4.222314,1042.0,EL ESPINAR,"Obras de urbanización y jardineria, suelos sin edificar",CL,ARGENTINA,904,CL ARGENTINA 904 Suelo 40400 EL ESPINAR (SEGOVIA),False,False,
6946918UL9164N,6946918,UL9164N,40.776097,-4.222272,1412.0,EL ESPINAR,Residencial,CL,ARGENTINA,903,CL ARGENTINA 903 40400 EL ESPINAR (SEGOVIA),True,True,
6946919UL9164N,6946919,UL9164N,40.776383,-4.222284,1562.0,EL ESPINAR,"Obras de urbanización y jardineria, suelos sin edificar",CL,ARGENTINA,902,CL ARGENTINA 902 Suelo 40400 EL ESPINAR (SEGOVIA),False,False,
6946921UL9164N,6946921,UL9164N,40.777011,-4.221963,918.0,EL ESPINAR,Residencial,CL,ARGENTINA,896,CL ARGENTINA 896(A) 40400 EL ESPINAR (SEGOVIA),True,True,
6946922UL9164N,6946922,UL9164N,40.777145,-4.221635,1272.0,EL ESPINAR,Residencial,CL,BOLIVIA,897,CL BOLIVIA 897 40400 EL ESPINAR (SEGOVIA),True,True,
6946923UL9164N,6946923,UL9164N,40.777348,-4.221538,1425.0,EL ESPINAR,Residencial,CL,ARGENTINA,898,CL ARGENTINA 898 Es:1 Pl:00 Pt:01 40400 EL ESPINAR (SEGOVIA),True,True,
6946924UL9164N,6946924,UL9164N,40.777661,-4.221584,1108.0,EL ESPINAR,Residencial,CL,ARGENTINA,900,CL ARGENTINA 900 40400 EL ESPINAR (SEGOVIA),True,True,
6946925UL9164N,6946925,UL9164N,40.777767,-4.221159,827.0,EL ESPINAR,Residencial,CL,BOLIVIA,899,CL BOLIVIA 899(A) 40400 EL ESPINAR (SEGOVIA),True,True,
6946926UL9164N,6946926,UL9164N,40.776643,-4.22174,1052.0,EL ESPINAR,Residencial,CL,BOLIVIA,895,CL BOLIVIA 895 Es:1 Pl:00 Pt:01 40400 EL ESPINAR (SEGOVIA),True,True,
6946927UL9164N,6946927,UL9164N,40.776385,-4.221793,1029.0,EL ESPINAR,"Obras de urbanización y jardineria, suelos sin edificar",CL,BOLIVIA,894,CL BOLIVIA 894 Suelo 40400 EL ESPINAR (SEGOVIA),False,False,
6946928UL9164N,6946928,UL9164N,40.776092,-4.221737,1542.0,EL ESPINAR,Residencial,CL,BOLIVIA,893,CL BOLIVIA 893 40400 EL ESPINAR (SEGOVIA),True,True,
6946929UL9164N,6946929,UL9164N,40.775811,-4.221761,1286.0,EL ESPINAR,"Obras de urbanización y jardineria, suelos sin edificar",CL,CUBA,892,CL CUBA 892 Suelo 40400 EL ESPINAR (SEGOVIA),False,False,
6946930UL9164N,6946930,UL9164N,40.775591,-4.221871,1132.0,EL ESPINAR,Residencial,CL,CUBA,891,CL CUBA 891 40400 EL ESPINAR (SEGOVIA),True,True,
6946931UL9164N,6946931,UL9164N,40.775385,-4.221939,1168.0,EL ESPINAR,Residencial,CL,CUBA,890,CL CUBA 890 40400 EL ESPINAR (SEGOVIA),True,True,
6946932UL9164N,6946932,UL9164N,40.775163,-4.222024,1255.0,EL ESPINAR,Residencial,CL,CUBA,889,CL CUBA 889 40400 EL ESPINAR (SEGOVIA),True,True,
6946933UL9164N,6946933,UL9164N,40.774938,-4.222102,1119.0,EL ESPINAR,Residencial,CL,CUBA,888,CL CUBA 888 40400 EL ESPINAR (SEGOVIA),True,True,
6946934UL9164N,6946934,UL9164N,40.774716,-4.222186,1282.0,EL ESPINAR,Residencial,CL,CUBA,887,CL CUBA 887 40400 EL ESPINAR (SEGOVIA),True,True,
6946935UL9164N,6946935,UL9164N,40.774493,-4.222254,1019.0,EL ESPINAR,"Obras de urbanización y jardineria, suelos sin edificar",CL,CUBA,886,CL CUBA 886 Suelo 40400 EL ESPINAR (SEGOVIA),False,False,
6946936UL9164N,6946936,UL9164N,40.774269,-4.222324,1184.0,EL ESPINAR,Residencial,CL,CUBA,885,CL CUBA 885 40400 EL ESPINAR (SEGOVIA),True,True,
6946937UL9164N,6946937,UL9164N,40.774033,-4.222397,1045.0,EL ESPINAR,Residencial,CL,CUBA,884,CL CUBA 884 Es:1 Pl:00 Pt:01 A 40400 EL ESPINAR (SEGOVIA),True,True,
6946938UL9164N,6946938,UL9164N,40.773809,-4.22248,991.0,EL ESPINAR,Residencial,CL,CUBA,883,CL CUBA 883 40400 EL ESPINAR (SEGOVIA),True,True,
6946939UL9164N,6946939,UL9164N,40.773583,-4.222569,931.0,EL ESPINAR,Residencial,CL,CUBA,882,CL CUBA 882 Suelo 40400 EL ESPINAR (SEGOVIA),True,True,
6946940UL9164N,6946940,UL9164N,40.77333,-4.222674,1041.0,EL ESPINAR,Residencial,CL,CUBA,881,CL CUBA 881 Es:1 Pl:00 Pt:01 40400 EL ESPINAR (SEGOVIA),True,True,
6946941UL9164N,6946941,UL9164N,40.773043,-4.222808,1099.0,EL ESPINAR,Residencial,CL,CUBA,880,CL CUBA 880 Es:1 Pl:00 Pt:01 40400 EL ESPINAR (SEGOVIA),True,True,
6946942UL9164N,6946942,UL9164N,40.772758,-4.222996,1111.0,EL ESPINAR,Residencial,CL,CUBA,879,CL CUBA 879 Es:1 Pl:01 Pt:01 40400 EL ESPINAR (SEGOVIA),True,True,
6946943UL9164N,6946943,UL9164N,40.772493,-4.223181,896.0,EL ESPINAR,Residencial,CL,CUBA,878,CL CUBA 878 40400 EL ESPINAR (SEGOVIA),True,True,
6946944UL9164N,6946944,UL9164N,40.772298,-4.223444,903.0,EL ESPINAR,Residencial,CL,CUBA,877,CL CUBA 877 Es:1 Pl:00 Pt:01 40400 EL ESPINAR (SEGOVIA),True,True,
6946945UL9164N,6946945,UL9164N,40.77689,-4.22163,879.0,EL ESPINAR,Residencial,CL,BOLIVIA,896,CL BOLIVIA 896(B) 40400 EL ESPINAR (SEGOVIA),True,True,
6946946UL9164N,6946946,UL9164N,40.777542,-4.221278,805.0,EL ESPINAR,Residencial,CL,BOLIVIA,899,CL BOLIVIA 899(B) 40400 EL ESPINAR (SEGOVIA),True,True,
6946950UL9164N,6946950,UL9164N,40.776841,-4.222136,831.0,EL ESPINAR,"Obras de urbanización y jardineria, suelos sin edificar",CL,ARGENTINA,901,CL ARGENTINA 901(A) Suelo SEGREG 6946920UL9164N 40400 EL ESPINAR (SEGOVIA),False,False,
6946951UL9164N,6946951,UL9164N,40.776664,-4.222222,830.0,EL ESPINAR,Residencial,CL,ARGENTINA,901,CL ARGENTINA 901(B) SEGREG 6946920UL9164N 40400 EL ESPINAR (SEGOVIA),True,True,
7043201UL9174S,7043201,UL9174S,40.771248,-4.225203,1493.0,EL ESPINAR,Residencial,CL,BELGICA,772,CL BELGICA 772 Es:1 Pl:01 Pt:01 40400 EL ESPINAR (SEGOVIA),True,True,
7043202UL9174S,7043202,UL9174S,40.771293,-4.224617,996.0,EL ESPINAR,Residencial,CL,BELGICA,815,CL BELGICA 815 Es:1 Pl:00 Pt:01 40400 EL ESPINAR (SEGOVIA),True,True,
7043203UL9174S,7043203,UL9174S,40.771271,-4.22423,1173.0,EL ESPINAR,Residencial,CL,BELGICA,814,CL BELGICA 814 Es:1 Pl:00 Pt:01 40400 EL ESPINAR (SEGOVIA),True,True,
7043204UL9174S,7043204,UL9174S,40.771238,-4.223885,1315.0,EL ESPINAR,Residencial,CL,BELGICA,813,CL BELGICA 813 Es:1 Pl:00 Pt:01 40400 EL ESPINAR (SEGOVIA),True,True,
7043205UL9174S,7043205,UL9174S,40.771218,-4.22348,2087.0,EL ESPINAR,Residencial,CL,BELGICA,812,CL BELGICA 812 Es:1 Pl:00 Pt:01 40400 EL ESPINAR (SEGOVIA),True,True,
7043206UL9174S,7043206,UL9174S,40.771297,-4.22302,1897.0,EL ESPINAR,"Obras de urbanización y jardineria, suelos sin edificar",CL,BELGICA,811,CL BELGICA 811 Suelo 40400 EL ESPINAR (SEGOVIA),False,False,
7043207UL9174S,7043207,UL9174S,40.771491,-4.222604,1673.0,EL ESPINAR,"Obras de urbanización y jardineria, suelos sin edificar",CL,BELGICA,810,CL BELGICA 810 Suelo 40400 EL ESPINAR (SEGOVIA),False,False,
7043208UL9174S,7043208,UL9174S,40.771709,-4.222238,1909.0,EL ESPINAR,"Obras de urbanización y jardineria, suelos sin edificar",CL,BELGICA,809,CL BELGICA 809 Suelo 40400 EL ESPINAR (SEGOVIA),False,False,
7043209UL9174S,7043209,UL9174S,40.77195,-4.221857,2287.0,EL ESPINAR,Residencial,CL,BELGICA,808,CL BELGICA 808 Es:1 Pl:00 Pt:01 40400 EL ESPINAR (SEGOVIA),True,True,
7043210UL9174S,7043210,UL9174S,40.772227,-4.221533,1748.0,EL ESPINAR,Residencial,CL,BELGICA,807,CL BELGICA 807 40400 EL ESPINAR (SEGOVIA),True,True,
7043211UL9174S,7043211,UL9174S,40.772521,-4.221359,1729.0,EL ESPINAR,Residencial,CL,BELGICA,806,CL BELGICA 806 40400 EL ESPINAR (SEGOVIA),True,True,
7043212UL9174S,7043212,UL9174S,40.772833,-4.22122,1484.0,EL ESPINAR,Industrial,CL,BELGICA,805,CL BELGICA 805 40400 EL ESPINAR (SEGOVIA),False,False,
7043213UL9174S,7043213,UL9174S,40.773118,-4.221078,1097.0,EL ESPINAR,Residencial,CL,BELGICA,804,CL BELGICA 804 40400 EL ESPINAR (SEGOVIA),True,True,
7043214UL9174S,7043214,UL9174S,40.77346,-4.220885,1920.0,EL ESPINAR,"Obras de urbanización y jardineria, suelos sin edificar",CL,BELGICA,803,CL BELGICA 803 Suelo 40400 EL ESPINAR (SEGOVIA),False,False,
7043215UL9174S,7043215,UL9174S,40.773858,-4.220679,1385.0,EL ESPINAR,"Obras de urbanización y jardineria, suelos sin edificar",CL,BELGICA,802,CL BELGICA 802 Suelo 40400 EL ESPINAR (SEGOVIA),False,False,
7043216UL9174S,7043216,UL9174S,40.774225,-4.220484,1418.0,EL ESPINAR,"Obras de urbanización y jardineria, suelos sin edificar",CL,BELGICA,801,CL BELGICA 801 Suelo 40400 EL ESPINAR (SEGOVIA),False,False,
7043217UL9174S,7043217,UL9174S,40.774118,-4.220117,1404.0,EL ESPINAR,"Obras de urbanización y jardineria, suelos sin edificar",AV,BRUSELAS,787,AV BRUSELAS 787 Suelo A 40400 EL ESPINAR (SEGOVIA),False,False,
7043218UL9174S,7043218,UL9174S,40.77377,-4.220311,1377.0,EL ESPINAR,Residencial,AV,BRUSELAS,786,AV BRUSELAS 786 Es:1 Pl:00 Pt:01 40400 EL ESPINAR (SEGOVIA),True,True,
7043219UL9174S,7043219,UL9174S,40.773372,-4.220475,1717.0,EL ESPINAR,"Obras de urbanización y jardineria, suelos sin edificar",AV,BRUSELAS,785,AV BRUSELAS 785 Suelo 40400 EL ESPINAR (SEGOVIA),False,False,
7043220UL9174S,7043220,UL9174S,40.77303,-4.220628,1411.0,EL ESPINAR,Residencial,AV,BRUSELAS,784,AV BRUSELAS 784 40424 EL ESPINAR (SEGOVIA),True,True,
7043221UL9174S,7043221,UL9174S,40.772735,-4.220717,1608.0,EL ESPINAR,Residencial,AV,BRUSELAS,783,AV BRUSELAS 783 40424 EL ESPINAR (SEGOVIA),True,True,
7043222UL9174S,7043222,UL9174S,40.772263,-4.220862,1118.0,EL ESPINAR,Residencial,AV,BRUSELAS,782,AV BRUSELAS 782(A) 40400 EL ESPINAR (SEGOVIA),True,True,
7043223UL9174S,7043223,UL9174S,40.771987,-4.221027,2342.0,EL ESPINAR,Residencial,AV,BRUSELAS,781,AV BRUSELAS 781 40424 EL ESPINAR (SEGOVIA),True,True,
7043224UL9174S,7043224,UL9174S,40.771697,-4.221417,2091.0,EL ESPINAR,Residencial,AV,BRUSELAS,780,AV BRUSELAS 780 Es:1 Pl:00 Pt:01 40424 EL ESPINAR (SEGOVIA),True,True,
7043225UL9174S,7043225,UL9174S,40.771488,-4.221751,846.0,EL ESPINAR,Residencial,AV,BRUSELAS,779,AV BRUSELAS 779(B) 40400 EL ESPINAR (SEGOVIA),True,True,
7043226UL9174S,7043226,UL9174S,40.771191,-4.222311,1840.0,EL ESPINAR,Residencial,AV,BRUSELAS,778,AV BRUSELAS 778 Es:1 Pl:00 Pt:01 40400 EL ESPINAR (SEGOVIA),True,True,
7043227UL9174S,7043227,UL9174S,40.770986,-4.222711,1441.0,EL ESPINAR,Residencial,AV,BRUSELAS,777,AV BRUSELAS 777(B) 40424 EL ESPINAR (SEGOVIA),True,True,
7043228UL9174S,7043228,UL9174S,40.77082,-4.223421,2010.0,EL ESPINAR,Almacen-Estacionamiento.Uso Industrial,AV,BRUSELAS,776,AV BRUSELAS 776 Es:1 Pl:00 Pt:01 40400 EL ESPINAR (SEGOVIA),False,False,
7043229UL9174S,7043229,UL9174S,40.770809,-4.224053,1009.0,EL ESPINAR,"Obras de urbanización y jardineria, suelos sin edificar",AV,BRUSELAS,775,AV BRUSELAS 775(A) Suelo 40424 EL ESPINAR (SEGOVIA),False,False,
7043231UL9174S,7043231,UL9174S,40.771066,-4.224782,1098.0,EL ESPINAR,Residencial,AV,BRUSELAS,773,AV BRUSELAS 773 Es:1 Pl:00 Pt:01 40400 EL ESPINAR (SEGOVIA),True,True,
7043232UL9174S,7043232,UL9174S,40.770956,-4.22443,770.0,EL ESPINAR,Residencial,AV,BRUSELAS,774,AV BRUSELAS 774(A) 40424 EL ESPINAR (SEGOVIA),True,True,
7043233UL9174S,7043233,UL9174S,40.770873,-4.224247,688.0,EL ESPINAR,Residencial,AV,BRUSELAS,774,AV BRUSELAS 774(B) 40400 EL ESPINAR (SEGOVIA),True,True,
7043235UL9174S,7043235,UL9174S,40.772476,-4.220806,1148.0,EL ESPINAR,Residencial,AV,BRUSELAS,782,AV BRUSELAS 782(B) 40400 EL ESPINAR (SEGOVIA),True,True,
7043236UL9174S,7043236,UL9174S,40.771374,-4.221979,868.0,EL ESPINAR,Residencial,AV,BRUSELAS,779,AV BRUSELAS 779(A) 40400 EL ESPINAR (SEGOVIA),True,True,
7043238UL9174S,7043238,UL9174S,40.770872,-4.223007,752.0,EL ESPINAR,Residencial,AV,BRUSELAS,777,AV BRUSELAS 777(A) 40400 EL ESPINAR (SEGOVIA),True,True,
7043239UL9174S,7043239,UL9174S,40.77078,-4.223819,1011.0,EL ESPINAR,Residencial,AV,BRUSELAS,775,AV BRUSELAS 775(B) 40400 EL ESPINAR (SEGOVIA),True,True,
7045801UL9174N,7045801,UL9174N,40.771558,-4.22619,1050.0,EL ESPINAR,Residencial,CL,URUGUAY,875,CL URUGUAY 875 40400 EL ESPINAR (SEGOVIA),True,True,
7045802UL9174N,7045802,UL9174N,40.771718,-4.225845,1021.0,EL ESPINAR,Residencial,CL,URUGUAY,37,CL URUGUAY 37 40400 EL ESPINAR (SEGOVIA),True,True,
7045805UL9174N,7045805,UL9174N,40.77189,-4.224304,1231.0,EL ESPINAR,Residencial,CL,CUBA,871,CL CUBA 871 40400 EL ESPINAR (SEGOVIA),True,True,
7045806UL9164S,7045806,UL9164S,40.771896,-4.223853,975.0,EL ESPINAR,Industrial,CL,CUBA,870,CL CUBA 870 Es:1 Pl:00 Pt:01 40400 EL ESPINAR (SEGOVIA),False,False,
7045807UL9174N,7045807,UL9174N,40.771907,-4.223473,820.0,EL ESPINAR,Residencial,CL,CUBA,864,CL CUBA 864(I) 40400 EL ESPINAR (SEGOVIA),True,True,
7045808UL9174N,7045808,UL9174N,40.772009,-4.223178,820.0,EL ESPINAR,Residencial,CL,CUBA,864,CL CUBA 864(H) 40400 EL ESPINAR (SEGOVIA),True,True,
7045809UL9174N,7045809,UL9174N,40.772176,-4.222944,821.0,EL ESPINAR,Residencial,CL,CUBA,864,CL CUBA 864(G) 40400 EL ESPINAR (SEGOVIA),True,True,
7045810UL9174N,7045810,UL9174N,40.772367,-4.222742,820.0,EL ESPINAR,Residencial,CL,CUBA,864,CL CUBA 864(F) 40400 EL ESPINAR (SEGOVIA),True,True,
7045811UL9174N,7045811,UL9174N,40.772548,-4.222561,830.0,EL ESPINAR,Residencial,CL,CUBA,864,CL CUBA 864(E) 40400 EL ESPINAR (SEGOVIA),True,True,
7045812UL9174N,7045812,UL9174N,40.772721,-4.222426,790.0,EL ESPINAR,Residencial,CL,CUBA,864,CL CUBA 864(D) 40400 EL ESPINAR (SEGOVIA),True,True,
7045821UL9174N,7045821,UL9174N,40.776714,-4.220171,750.0,EL ESPINAR,Residencial,CL,CUBA,852,CL CUBA 852(A) 40400 EL ESPINAR (SEGOVIA),True,True,
7045822UL9174N,7045822,UL9174N,40.775053,-4.220741,956.0,EL ESPINAR,Residencial,CL,BELGICA,32,CL BELGICA 32 40400 EL ESPINAR (SEGOVIA),True,True,
7045823UL9174N,7045823,UL9174N,40.774715,-4.220862,978.0,EL ESPINAR,Residencial,CL,BELGICA,36,CL BELGICA 36 40400 EL ESPINAR (SEGOVIA),True,True,
7045824UL9174N,7045824,UL9174N,40.774501,-4.220944,908.0,EL ESPINAR,Residencial,CL,BELGICA,38,CL BELGICA 38 40400 EL ESPINAR (SEGOVIA),True,True,
7045825UL9174N,7045825,UL9174N,40.774176,-4.221134,893.0,EL ESPINAR,Residencial,CL,BELGICA,42,CL BELGICA 42 40400 EL ESPINAR (SEGOVIA),True,True,
7045826UL9174N,7045826,UL9174N,40.773839,-4.221306,825.0,EL ESPINAR,Residencial,CL,BELGICA,46,CL BELGICA 46 40400 EL ESPINAR (SEGOVIA),True,True,
7045827UL9174N,7045827,UL9174N,40.773312,-4.221589,746.0,EL ESPINAR,Residencial,CL,BELGICA,52,CL BELGICA 52 Suelo 40400 EL ESPINAR (SEGOVIA),True,True,
7045828UL9174N,7045828,UL9174N,40.772986,-4.221768,723.0,EL ESPINAR,Residencial,CL,BELGICA,56,CL BELGICA 56 40400 EL ESPINAR (SEGOVIA),True,True,
7045829UL9174N,7045829,UL9174N,40.77282,-4.221864,770.0,EL ESPINAR,Residencial,CL,BELGICA,58,CL BELGICA 58 40400 EL ESPINAR (SEGOVIA),True,True,
7045830UL9174N,7045830,UL9174N,40.772478,-4.222092,848.0,EL ESPINAR,Residencial,CL,BELGICA,62,CL BELGICA 62 40400 EL ESPINAR (SEGOVIA),True,True,
7045831UL9174N,7045831,UL9174N,40.772017,-4.222669,747.0,EL ESPINAR,Residencial,CL,BELGICA,68,CL BELGICA 68 40400 EL ESPINAR (SEGOVIA),True,True,
7045832UL9174N,7045832,UL9174N,40.771845,-4.222896,779.0,EL ESPINAR,Residencial,CL,BELGICA,70,CL BELGICA 70 40400 EL ESPINAR (SEGOVIA),True,True,
7045833UL9174N,7045833,UL9174N,40.771668,-4.223495,764.0,EL ESPINAR,Residencial,CL,BELGICA,74,CL BELGICA 74 40400 EL ESPINAR (SEGOVIA),True,True,
7045834UL9174N,7045834,UL9174N,40.771657,-4.223857,757.0,EL ESPINAR,Residencial,CL,BELGICA,76,CL BELGICA 76 40400 EL ESPINAR (SEGOVIA),True,True,
7045835UL9174N,7045835,UL9174N,40.771644,-4.224214,762.0,EL ESPINAR,Residencial,CL,BELGICA,78,CL BELGICA 78 40400 EL ESPINAR (SEGOVIA),True,True,
7045839UL9174N,7045839,UL9174N,40.776489,-4.219526,817.0,EL ESPINAR,Residencial,CL,CUBA,1,CL CUBA 1 40400 EL ESPINAR (SEGOVIA),True,True,
7045840UL9174N,7045840,UL9174N,40.776372,-4.21994,1124.0,EL ESPINAR,Residencial,CL,BELGICA,16,CL BELGICA 16 40400 EL ESPINAR (SEGOVIA),True,True,
7045843UL9174N,7045843,UL9174N,40.775584,-4.220502,905.0,EL ESPINAR,Residencial,CL,BELGICA,26,CL BELGICA 26 Suelo 40400 EL ESPINAR (SEGOVIA),True,True,
7045844UL9174N,7045844,UL9174N,40.775409,-4.220596,985.0,EL ESPINAR,Residencial,CL,BELGICA,28,CL BELGICA 28 40400 EL ESPINAR (SEGOVIA),True,True,
7045847UL9174N,7045847,UL9174N,40.771618,-4.224889,777.0,EL ESPINAR,Residencial,CL,BELGICA,82,CL BELGICA 82 40400 EL ESPINAR (SEGOVIA),True,True,
7045848UL9174N,7045848,UL9174N,40.77159,-4.225204,790.0,EL ESPINAR,Residencial,CL,BELGICA,84,CL BELGICA 84 40400 EL ESPINAR (SEGOVIA),True,True,
7045849UL9164S,7045849,UL9164S,40.77151,-4.225503,777.0,EL ESPINAR,Residencial,CL,BELGICA,86,CL BELGICA 86 40400 EL ESPINAR (SEGOVIA),True,True,
7045850UL9164S,7045850,UL9164S,40.771403,-4.225792,761.0,EL ESPINAR,Residencial,CL,BELGICA,88,CL BELGICA 88 40400 EL ESPINAR (SEGOVIA),True,True,
7045851UL9164S,7045851,UL9164S,40.771299,-4.226749,1074.0,EL ESPINAR,Residencial,CL,URUGUAY,43,CL URUGUAY 43 40400 EL ESPINAR (SEGOVIA),True,True,
7045852UL9174N,7045852,UL9174N,40.77265,-4.22197,782.0,EL ESPINAR,Residencial,CL,BELGICA,60,CL BELGICA 60 40400 EL ESPINAR (SEGOVIA),True,True,
7045853UL9174N,7045853,UL9174N,40.776227,-4.220078,1065.0,EL ESPINAR,Residencial,CL,BELGICA,18,CL BELGICA 18 40400 EL ESPINAR (SEGOVIA),True,True,
7045854UL9174N,7045854,UL9174N,40.776081,-4.22022,1067.0,EL ESPINAR,Residencial,CL,BELGICA,20,CL BELGICA 20 40400 EL ESPINAR (SEGOVIA),True,True,
7045855UL9174N,7045855,UL9174N,40.775926,-4.220336,1062.0,EL ESPINAR,Residencial,CL,BELGICA,22,CL BELGICA 22 40400 EL ESPINAR (SEGOVIA),True,True,
7045856UL9174N,7045856,UL9174N,40.775753,-4.220416,1019.0,EL ESPINAR,Residencial,CL,BELGICA,24,CL BELGICA 24 40400 EL ESPINAR (SEGOVIA),True,True,
7045857UL9174N,7045857,UL9174N,40.772327,-4.222242,750.0,EL ESPINAR,Residencial,CL,BELGICA,64,CL BELGICA 64 40400 EL ESPINAR (SEGOVIA),True,True,
7045858UL9174N,7045858,UL9174N,40.772893,-4.22231,844.0,EL ESPINAR,Residencial,CL,CUBA,864,CL CUBA 864(C) 40400 EL ESPINAR (SEGOVIA),True,True,
7045859UL9174N,7045859,UL9174N,40.773071,-4.222213,842.0,EL ESPINAR,Residencial,CL,CUBA,864,CL CUBA 864(B) 40400 EL ESPINAR (SEGOVIA),True,True,
7045860UL9174N,7045860,UL9174N,40.773248,-4.222126,839.0,EL ESPINAR,Residencial,CL,CUBA,864,CL CUBA 864(A) 40400 EL ESPINAR (SEGOVIA),True,True,
7045861UL9174N,7045861,UL9174N,40.772273,-4.222392,139.0,EL ESPINAR,"Obras de urbanización y jardineria, suelos sin edificar",CL,BELGICA,864,CL BELGICA 864(J) Suelo 40400 EL ESPINAR (SEGOVIA),False,False,
7045862UL9164S,7045862,UL9164S,40.771711,-4.223157,741.0,EL ESPINAR,Residencial,CL,BELGICA,72,CL BELGICA 72 40400 EL ESPINAR (SEGOVIA),True,True,
7045863UL9174N,7045863,UL9174N,40.773149,-4.22168,748.0,EL ESPINAR,Residencial,CL,BELGICA,54,CL BELGICA 54 Suelo 40400 EL ESPINAR (SEGOVIA),True,True,
7045864UL9174N,7045864,UL9174N,40.773473,-4.221496,777.0,EL ESPINAR,Residencial,CL,BELGICA,50,CL BELGICA 50 Suelo 40400 EL ESPINAR (SEGOVIA),True,True,
7045865UL9174N,7045865,UL9174N,40.774998,-4.221378,991.0,EL ESPINAR,Residencial,CL,CUBA,858,CL CUBA 858(J) 40400 EL ESPINAR (SEGOVIA),True,True,
7045866UL9174N,7045866,UL9174N,40.774823,-4.221448,959.0,EL ESPINAR,Residencial,CL,CUBA,858,CL CUBA 858(I) 40400 EL ESPINAR (SEGOVIA),True,True,
7045867UL9174N,7045867,UL9174N,40.774652,-4.22152,940.0,EL ESPINAR,Residencial,CL,CUBA,858,CL CUBA 858(H) 40400 EL ESPINAR (SEGOVIA),True,True,
7045868UL9174N,7045868,UL9174N,40.77448,-4.221592,909.0,EL ESPINAR,Residencial,CL,CUBA,858,CL CUBA 858(G) 40400 EL ESPINAR (SEGOVIA),True,True,
7045869UL9174N,7045869,UL9174N,40.774309,-4.221664,883.0,EL ESPINAR,Residencial,CL,CUBA,858,CL CUBA 858(F) 40400 EL ESPINAR (SEGOVIA),True,True,
7045870UL9174N,7045870,UL9174N,40.774137,-4.221735,853.0,EL ESPINAR,Residencial,CL,CUBA,858,CL CUBA 858(E) Suelo 40400 EL ESPINAR (SEGOVIA),True,True,
7045871UL9174N,7045871,UL9174N,40.773964,-4.221808,840.0,EL ESPINAR,Residencial,CL,CUBA,858,CL CUBA 858(D) 40400 EL ESPINAR (SEGOVIA),True,True,
7045872UL9174N,7045872,UL9174N,40.773781,-4.221889,906.0,EL ESPINAR,Residencial,CL,CUBA,858,CL CUBA 858(C) 40400 EL ESPINAR (SEGOVIA),True,True,
7045873UL9174N,7045873,UL9174N,40.773593,-4.221975,854.0,EL ESPINAR,Residencial,CL,CUBA,858,CL CUBA 858(B) 40400 EL ESPINAR (SEGOVIA),True,True,
7045874UL9174N,7045874,UL9174N,40.773421,-4.222064,742.0,EL ESPINAR,Residencial,CL,CUBA,858,CL CUBA 858(A) 40400 EL ESPINAR (SEGOVIA),True,True,
7045875UL9174N,7045875,UL9174N,40.775169,-4.221305,943.0,EL ESPINAR,Residencial,CL,CUBA,858,CL CUBA 858(K) 40400 EL ESPINAR (SEGOVIA),True,True,
7045886UL9174N,7045886,UL9174N,40.775331,-4.221241,955.0,EL ESPINAR,Residencial,CL,CUBA,852,CL CUBA 852(L) 40400 EL ESPINAR (SEGOVIA),True,True,
7045887UL9174N,7045887,UL9174N,40.775496,-4.221185,999.0,EL ESPINAR,Residencial,CL,CUBA,852,CL CUBA 852(K) 40400 EL ESPINAR (SEGOVIA),True,True,
7045888UL9174N,7045888,UL9174N,40.775653,-4.221109,999.0,EL ESPINAR,Residencial,CL,CUBA,852,CL CUBA 852(J) 40400 EL ESPINAR (SEGOVIA),True,True,
7045889UL9174N,7045889,UL9174N,40.775813,-4.221047,1013.0,EL ESPINAR,Residencial,CL,CUBA,852,CL CUBA 852(I) 40400 EL ESPINAR (SEGOVIA),True,True,
7045890UL9174N,7045890,UL9174N,40.775972,-4.220994,1004.0,EL ESPINAR,Residencial,CL,CUBA,852,CL CUBA 852(H) 40400 EL ESPINAR (SEGOVIA),True,True,
7045891UL9174N,7045891,UL9174N,40.776132,-4.220957,919.0,EL ESPINAR,Residencial,CL,CUBA,852,CL CUBA 852(G) 40400 EL ESPINAR (SEGOVIA),True,True,
7045892UL9174N,7045892,UL9174N,40.776271,-4.220872,1072.0,EL ESPINAR,Residencial,CL,CUBA,852,CL CUBA 852(F) 40400 EL ESPINAR (SEGOVIA),True,True,
7045893UL9174N,7045893,UL9174N,40.776417,-4.220789,777.0,EL ESPINAR,Residencial,CL,CUBA,852,CL CUBA 852(E) 40400 EL ESPINAR (SEGOVIA),True,True,
7045894UL9174N,7045894,UL9174N,40.776505,-4.220661,777.0,EL ESPINAR,Residencial,CL,CUBA,852,CL CUBA 852(D) 40400 EL ESPINAR (SEGOVIA),True,True,
7045895UL9174N,7045895,UL9174N,40.776559,-4.220518,777.0,EL ESPINAR,Residencial,CL,CUBA,852,CL CUBA 852(C) 40400 EL ESPINAR (SEGOVIA),True,True,
7045896UL9174N,7045896,UL9174N,40.776637,-4.220369,781.0,EL ESPINAR,Residencial,CL,CUBA,852,CL CUBA 852(B) 40400 EL ESPINAR (SEGOVIA),True,True,
7045897UL9174N,7045897,UL9174N,40.772166,-4.222459,741.0,EL ESPINAR,Residencial,CL,BELGICA,66,CL BELGICA 66 40400 EL ESPINAR (SEGOVIA),True,True,
7045898UL9174N,7045898,UL9174N,40.773279,-4.221867,1002.0,EL ESPINAR,"Obras de urbanización y jardineria, suelos sin edificar",CL,CUBA,859,CL CUBA 859 Suelo 40400 EL ESPINAR (SEGOVIA),False,False,
7045899UL9174N,7045899,UL9174N,40.771843,-4.225434,1465.0,EL ESPINAR,"Obras de urbanización y jardineria, suelos sin edificar",CL,CUBA,872,CL CUBA 872(C) Suelo 40400 EL ESPINAR (SEGOVIA),False,False,
70458A0UL9174N,70458A0,UL9174N,40.771886,-4.225032,848.0,EL ESPINAR,"Obras de urbanización y jardineria, suelos sin edificar",CL,CUBA,872,CL CUBA 872(B) Suelo 40400 EL ESPINAR (SEGOVIA),False,False,
70458A1UL9174N,70458A1,UL9174N,40.771884,-4.22471,846.0,EL ESPINAR,Residencial,CL,CUBA,872,CL CUBA 872(A) 40400 EL ESPINAR (SEGOVIA),True,True,
70458A2UL9164S,70458A2,UL9164S,40.771308,-4.226085,756.0,EL ESPINAR,Residencial,CL,BELGICA,90,CL BELGICA 90 Es:1 Pl:00 Pt:01 40400 EL ESPINAR (SEGOVIA),True,True,
70458A3UL9174N,70458A3,UL9174N,40.771579,-4.225756,143.0,EL ESPINAR,"Obras de urbanización y jardineria, suelos sin edificar",CL,URUGUAY,37,CL URUGUAY 37(B) Suelo 40400 EL ESPINAR (SEGOVIA),False,False,
70458A4UL9174N,70458A4,UL9174N,40.776673,-4.219957,821.0,EL ESPINAR,Residencial,CL,CUBA,5,CL CUBA 5 40400 EL ESPINAR (SEGOVIA),True,True,
70458A5UL9174N,70458A5,UL9174N,40.776593,-4.219746,798.0,EL ESPINAR,Residencial,CL,CUBA,3,CL CUBA 3 40400 EL ESPINAR (SEGOVIA),True,True,
70458A6UL9174N,70458A6,UL9174N,40.775225,-4.22067,897.0,EL ESPINAR,Residencial,CL,BELGICA,30,CL BELGICA 30 40400 EL ESPINAR (SEGOVIA),True,True,
70458A7UL9174N,70458A7,UL9174N,40.774885,-4.220805,970.0,EL ESPINAR,Residencial,CL,BELGICA,34,CL BELGICA 34 40400 EL ESPINAR (SEGOVIA),True,True,
70458A8UL9174N,70458A8,UL9174N,40.77434,-4.221043,897.0,EL ESPINAR,Residencial,CL,BELGICA,40,CL BELGICA 40 40400 EL ESPINAR (SEGOVIA),True,True,
70458A9UL9174N,70458A9,UL9174N,40.774007,-4.221218,880.0,EL ESPINAR,Residencial,CL,BELGICA,44,CL BELGICA 44 40400 EL ESPINAR (SEGOVIA),True,True,
70458B0UL9174N,70458B0,UL9174N,40.773675,-4.221387,763.0,EL ESPINAR,Residencial,CL,BELGICA,48,CL BELGICA 48 40400 EL ESPINAR (SEGOVIA),True,True,
70458B1UL9174N,70458B1,UL9174N,40.771631,-4.224556,733.0,EL ESPINAR,Residencial,CL,BELGICA,80,CL BELGICA 80 40400 EL ESPINAR (SEGOVIA),True,True,
70458B2UL9164S,70458B2,UL9164S,40.771388,-4.226431,860.0,EL ESPINAR,"Obras de urbanización y jardineria, suelos sin edificar",CL,URUGUAY,41,CL URUGUAY 41 Suelo 40400 EL ESPINAR (SEGOVIA),False,False,
7051801UL9175S,7051801,UL9175S,40.779921,-4.222682,3801.0,EL ESPINAR,"Obras de urbanización y jardineria, suelos sin edificar",CL,COIMBRA,15,CL COIMBRA 15 Suelo 40400 EL ESPINAR (SEGOVIA),False,False,
7051802UL9175S,7051802,UL9175S,40.779922,-4.222108,3834.0,EL ESPINAR,"Obras de urbanización y jardineria, suelos sin edificar",CL,COIMBRA,14,CL COIMBRA 14 Suelo 40400 EL ESPINAR (SEGOVIA),False,False,
7051803UL9175S,7051803,UL9175S,40.779926,-4.221531,3863.0,EL ESPINAR,"Obras de urbanización y jardineria, suelos sin edificar",CL,COIMBRA,10,CL COIMBRA 10 Suelo 40400 EL ESPINAR (SEGOVIA),False,False,
7051804UL9175S,7051804,UL9175S,40.779939,-4.220893,4663.0,EL ESPINAR,"Obras de urbanización y jardineria, suelos sin edificar",CL,COIMBRA,9,CL COIMBRA 9 Suelo 40400 EL ESPINAR (SEGOVIA),False,False,
7051805UL9175S,7051805,UL9175S,40.779499,-4.220816,56.0,EL ESPINAR,Industrial,CL,DUERO,9,CL DUERO 9(D) Es:1 Pl:00 Pt:01 40400 EL ESPINAR (SEGOVIA),False,False,
7051806UL9175S,7051806,UL9175S,40.778893,-4.221179,470.0,EL ESPINAR,Industrial,CL,DUERO,16,CL DUERO 16 40400 EL ESPINAR (SEGOVIA),False,False,
7051807UL9175S,7051807,UL9175S,40.778564,-4.221523,3948.0,EL ESPINAR,"Obras de urbanización y jardineria, suelos sin edificar",CL,DUERO,6,CL DUERO 6 Suelo 40400 EL ESPINAR (SEGOVIA),False,False,
7051808UL9175S,7051808,UL9175S,40.778147,-4.221625,3885.0,EL ESPINAR,"Obras de urbanización y jardineria, suelos sin edificar",CL,DUERO,7,CL DUERO 7 Suelo 40400 EL ESPINAR (SEGOVIA),False,False,
7051809UL9175S,7051809,UL9175S,40.778125,-4.222564,4778.0,EL ESPINAR,"Obras de urbanización y jardineria, suelos sin edificar",CL,LISBOA,8,CL LISBOA 8 Suelo 40400 EL ESPINAR (SEGOVIA),False,False,
7051810UL9175S,7051810,UL9175S,40.778604,-4.222496,3640.0,EL ESPINAR,"Obras de urbanización y jardineria, suelos sin edificar",CL,LISBOA,11,CL LISBOA 11 Suelo 40400 EL ESPINAR (SEGOVIA),False,False,
7051811UL9175S,7051811,UL9175S,40.778993,-4.222477,3712.0,EL ESPINAR,"Obras de urbanización y jardineria, suelos sin edificar",CL,LISBOA,12,CL LISBOA 12 Suelo 40400 EL ESPINAR (SEGOVIA),False,False,
7051812UL9175S,7051812,UL9175S,40.779378,-4.222462,3615.0,EL ESPINAR,"Obras de urbanización y jardineria, suelos sin edificar",CL,LISBOA,13,CL LISBOA 13 Suelo 40400 EL ESPINAR (SEGOVIA),False,False,
7051899UL9175S,7051899,UL9175S,40.779225,-4.221472,6807.0,EL ESPINAR,"Obras de urbanización y jardineria, suelos sin edificar",CL,DUERO,16,CL DUERO 16(D) Suelo 40400 EL ESPINAR (SEGOVIA),False,False,
7054401UL9175S,7054401,UL9175S,40.780539,-4.222692,1758.0,EL ESPINAR,Residencial,CL,LISBOA,488,CL LISBOA 488 Es:1 Pl:00 Pt:01 40400 EL ESPINAR (SEGOVIA),True,True,
7054402UL9175S,7054402,UL9175S,40.780868,-4.222687,1631.0,EL ESPINAR,"Obras de urbanización y jardineria, suelos sin edificar",CL,LISBOA,490,CL LISBOA 490 Suelo 40400 EL ESPINAR (SEGOVIA),False,False,
7054403UL9175S,7054403,UL9175S,40.781343,-4.22267,1128.0,EL ESPINAR,Residencial,CL,LISBOA,493,CL LISBOA 493(A) 40400 EL ESPINAR (SEGOVIA),True,True,
7054404UL9175S,7054404,UL9175S,40.781657,-4.222658,2255.0,EL ESPINAR,Residencial,CL,LISBOA,495,CL LISBOA 495 Es:1 Pl:00 Pt:01 40400 EL ESPINAR (SEGOVIA),True,True,
7054405UL9175S,7054405,UL9175S,40.78166,-4.222067,2439.0,EL ESPINAR,Residencial,CL,SANTAREM,496,CL SANTAREM 496 Es:1 Pl:00 Pt:01 40400 EL ESPINAR (SEGOVIA),True,True,
7054406UL9175S,7054406,UL9175S,40.782146,-4.222084,2747.0,EL ESPINAR,Residencial,CL,SANTAREM,498,CL SANTAREM 498 Es:1 Pl:00 Pt:01 40400 EL ESPINAR (SEGOVIA),True,True,
7054407UL9175S,7054407,UL9175S,40.78218,-4.222664,2327.0,EL ESPINAR,Residencial,CL,LISBOA,497,CL LISBOA 497 Es:1 Pl:00 Pt:01 40400 EL ESPINAR (SEGOVIA),True,True,
7054408UL9175S,7054408,UL9175S,40.782491,-4.222663,970.0,EL ESPINAR,"Obras de urbanización y jardineria, suelos sin edificar",CL,LISBOA,499,CL LISBOA 499(A) Suelo 40400 EL ESPINAR (SEGOVIA),False,False,
7054409UL9175S,7054409,UL9175S,40.783066,-4.222547,2926.0,EL ESPINAR,Residencial,CL,LISBOA,501,CL LISBOA 501 Es:1 Pl:00 Pt:01 40400 EL ESPINAR (SEGOVIA),True,True,
7054410UL9175S,7054410,UL9175S,40.783449,-4.222512,1084.0,EL ESPINAR,"Obras de urbanización y jardineria, suelos sin edificar",CL,VENECIA,503,CL VENECIA 503(D) Suelo 40400 EL ESPINAR (SEGOVIA),False,False,
7054411UL9175S,7054411,UL9175S,40.783333,-4.222065,1705.0,EL ESPINAR,Residencial,CL,VENECIA,504,CL VENECIA 504 Es:1 Pl:00 Pt:01 40400 EL ESPINAR (SEGOVIA),True,True,
7054413UL9175S,7054413,UL9175S,40.782919,-4.221754,2377.0,EL ESPINAR,Residencial,CL,VILLARREAL,502,CL VILLARREAL 502 Es:1 Pl:00 Pt:01 40400 EL ESPINAR (SEGOVIA),True,True,
7054414UL9175S,7054414,UL9175S,40.78258,-4.221944,3618.0,EL ESPINAR,"Obras de urbanización y jardineria, suelos sin edificar",CL,VILLARREAL,500,CL VILLARREAL 500 Suelo 40400 EL ESPINAR (SEGOVIA),False,False,
7054415UL9175S,7054415,UL9175S,40.782382,-4.221256,1470.0,EL ESPINAR,Residencial,CL,VILLARREAL,537,CL VILLARREAL 537 40400 EL ESPINAR (SEGOVIA),True,True,
7054416UL9175S,7054416,UL9175S,40.782709,-4.221073,1271.0,EL ESPINAR,Residencial,CL,VILLARREAL,538,CL VILLARREAL 538 40400 EL ESPINAR (SEGOVIA),True,True,
7054417UL9175S,7054417,UL9175S,40.783006,-4.220918,1380.0,EL ESPINAR,Residencial,CL,VILLARREAL,539,CL VILLARREAL 539 40400 EL ESPINAR (SEGOVIA),True,True,
7054418UL9175S,7054418,UL9175S,40.78289,-4.220515,1222.0,EL ESPINAR,Residencial,CL,BEJA,534,CL BEJA 534 40400 EL ESPINAR (SEGOVIA),True,True,
7054419UL9175S,7054419,UL9175S,40.782595,-4.220687,1241.0,EL ESPINAR,"Obras de urbanización y jardineria, suelos sin edificar",CL,BEJA,535,CL BEJA 535 Suelo 40400 EL ESPINAR (SEGOVIA),False,False,
7054420UL9175S,7054420,UL9175S,40.782268,-4.220858,1500.0,EL ESPINAR,Residencial,CL,BEJA,536,CL BEJA 536 Es:1 Pl:00 Pt:01 40400 EL ESPINAR (SEGOVIA),True,True,
7054421UL9175S,7054421,UL9175S,40.782131,-4.220414,1414.0,EL ESPINAR,Residencial,CL,BEJA,531,CL BEJA 531 40400 EL ESPINAR (SEGOVIA),True,True,
7054422UL9175S,7054422,UL9175S,40.782451,-4.22021,1378.0,EL ESPINAR,Residencial,CL,BEJA,530,CL BEJA 530 Es:1 Pl:00 Pt:01 40400 EL ESPINAR (SEGOVIA),True,True,
7054423UL9175S,7054423,UL9175S,40.782761,-4.220047,1194.0,EL ESPINAR,Residencial,CL,VENECIA,529,CL VENECIA 529 40400 EL ESPINAR (SEGOVIA),True,True,
7054424UL9175S,7054424,UL9175S,40.78265,-4.219649,1257.0,EL ESPINAR,Residencial,CL,BRAGANZA,524,CL BRAGANZA 524 40400 EL ESPINAR (SEGOVIA),True,True,
7054426UL9175S,7054426,UL9175S,40.782015,-4.21999,1228.0,EL ESPINAR,Residencial,CL,BRAGANZA,526,CL BRAGANZA 526 40400 EL ESPINAR (SEGOVIA),True,True,
7054427UL9175S,7054427,UL9175S,40.781775,-4.219487,3099.0,EL ESPINAR,Residencial,CL,BRAGANZA,468,CL BRAGANZA 468 40424 EL ESPINAR (SEGOVIA),True,True,
7054429UL9175S,7054429,UL9175S,40.78254,-4.219127,961.0,EL ESPINAR,"Obras de urbanización y jardineria, suelos sin edificar",CL,BRAGANZA,464,CL BRAGANZA 464(A) Suelo 40400 EL ESPINAR (SEGOVIA),False,False,
7054430UL9175S,7054430,UL9175S,40.78241,-4.218828,812.0,EL ESPINAR,Residencial,CL,VENECIA,464,CL VENECIA 464(B) 40400 EL ESPINAR (SEGOVIA),True,True,
7054433UL9175S,7054433,UL9175S,40.781434,-4.219059,1428.0,EL ESPINAR,Residencial,CL,PORTUGAL,470,CL PORTUGAL 470 40400 EL ESPINAR (SEGOVIA),True,True,
7054434UL9175S,7054434,UL9175S,40.781212,-4.219142,899.0,EL ESPINAR,Residencial,CL,PORTUGAL,472,CL PORTUGAL 472 40424 EL ESPINAR (SEGOVIA),True,True,
7054435UL9175S,7054435,UL9175S,40.780801,-4.219242,1129.0,EL ESPINAR,Residencial,CL,PORTUGAL,474,CL PORTUGAL 474 40400 EL ESPINAR (SEGOVIA),True,True,
7054436UL9175S,7054436,UL9175S,40.780539,-4.219507,2044.0,EL ESPINAR,Residencial,CL,PORTUGAL,475,CL PORTUGAL 475 Es:1 Pl:00 Pt:01 40400 EL ESPINAR (SEGOVIA),True,True,
7054437UL9175S,7054437,UL9175S,40.780881,-4.219625,1137.0,EL ESPINAR,Residencial,CL,OPORTO,473,CL OPORTO 473 Es:1 Pl:00 Pt:01 40400 EL ESPINAR (SEGOVIA),True,True,
7054438UL9175S,7054438,UL9175S,40.781336,-4.219671,2190.0,EL ESPINAR,Residencial,CL,OPORTO,471,CL OPORTO 471 40400 EL ESPINAR (SEGOVIA),True,True,
7054439UL9175S,7054439,UL9175S,40.781293,-4.220123,778.0,EL ESPINAR,Residencial,CL,OPORTO,479,CL OPORTO 479(A) Es:1 Pl:00 Pt:01 40400 EL ESPINAR (SEGOVIA),True,True,
7054440UL9175S,7054440,UL9175S,40.781118,-4.220155,766.0,EL ESPINAR,Residencial,CL,OPORTO,479,CL OPORTO 479(B) Es:1 Pl:00 Pt:01 40400 EL ESPINAR (SEGOVIA),True,True,
7054441UL9175S,7054441,UL9175S,40.780865,-4.220147,1282.0,EL ESPINAR,Residencial,CL,OPORTO,483,CL OPORTO 483 Es:1 Pl:00 Pt:01 40400 EL ESPINAR (SEGOVIA),True,True,
7054442UL9175S,7054442,UL9175S,40.780542,-4.220152,1328.0,EL ESPINAR,Residencial,CL,OPORTO,487,CL OPORTO 487 Es:1 Pl:00 Pt:01 40400 EL ESPINAR (SEGOVIA),True,True,
7054443UL9175S,7054443,UL9175S,40.780544,-4.220577,1352.0,EL ESPINAR,Residencial,CL,COIMBRA,486,CL COIMBRA 486 Es:1 Pl:00 Pt:01 40400 EL ESPINAR (SEGOVIA),True,True,
7054444UL9175S,7054444,UL9175S,40.780868,-4.220576,1246.0,EL ESPINAR,Residencial,CL,EVORA,482,CL EVORA 482 Es:1 Pl:00 Pt:01 40400 EL ESPINAR (SEGOVIA),True,True,
7054445UL9175S,7054445,UL9175S,40.781224,-4.220587,1629.0,EL ESPINAR,Residencial,CL,EVORA,478,CL EVORA 478 Es:1 Pl:00 Pt:01 40400 EL ESPINAR (SEGOVIA),True,True,
7054446UL9175S,7054446,UL9175S,40.781232,-4.221078,1664.0,EL ESPINAR,Residencial,CL,EVORA,477,CL EVORA 477 40400 EL ESPINAR (SEGOVIA),True,True,
7054447UL9175S,7054447,UL9175S,40.780864,-4.221024,836.0,EL ESPINAR,Residencial,CL,EVORA,481,CL EVORA 481(B) Es:1 Pl:00 Pt:01 40400 EL ESPINAR (SEGOVIA),True,True,
7054448UL9175S,7054448,UL9175S,40.780535,-4.221119,1304.0,EL ESPINAR,Residencial,CL,EVORA,485,CL EVORA 485 Es:1 Pl:00 Pt:01 40400 EL ESPINAR (SEGOVIA),True,True,
7054449UL9175S,7054449,UL9175S,40.780535,-4.221553,1325.0,EL ESPINAR,"Obras de urbanización y jardineria, suelos sin edificar",CL,GUARDA,484,CL GUARDA 484 Suelo 40400 EL ESPINAR (SEGOVIA),False,False,
7054450UL9175S,7054450,UL9175S,40.780846,-4.221556,1021.0,EL ESPINAR,Residencial,CL,GUARDA,480,CL GUARDA 480 40400 EL ESPINAR (SEGOVIA),True,True,
7054451UL9175S,7054451,UL9175S,40.780896,-4.221293,818.0,EL ESPINAR,Residencial,CL,GUARDA,481,CL GUARDA 481(A) 40400 EL ESPINAR (SEGOVIA),True,True,
7054452UL9175S,7054452,UL9175S,40.781248,-4.221535,1665.0,EL ESPINAR,Residencial,CL,GUARDA,476,CL GUARDA 476 Es:1 Pl:00 Pt:01 40400 EL ESPINAR (SEGOVIA),True,True,
7054453UL9175S,7054453,UL9175S,40.781247,-4.222086,2297.0,EL ESPINAR,Residencial,CL,GUARDA,494,CL GUARDA 494 40400 EL ESPINAR (SEGOVIA),True,True,
7054454UL9175S,7054454,UL9175S,40.780882,-4.22213,1612.0,EL ESPINAR,Residencial,CL,GUARDA,491,CL GUARDA 491 40400 EL ESPINAR (SEGOVIA),True,True,
7054455UL9175S,7054455,UL9175S,40.780549,-4.22228,949.0,EL ESPINAR,Residencial,CL,COIMBRA,489,CL COIMBRA 489(A) 40400 EL ESPINAR (SEGOVIA),True,True,
7054457UL9175S,7054457,UL9175S,40.78055,-4.222006,909.0,EL ESPINAR,Residencial,CL,COIMBRA,489,CL COIMBRA 489(B) 40400 EL ESPINAR (SEGOVIA),True,True,
7054458UL9175S,7054458,UL9175S,40.782176,-4.219303,811.0,EL ESPINAR,Residencial,CL,BRAGANZA,466,CL BRAGANZA 466(B) 40424 EL ESPINAR (SEGOVIA),True,True,
7054459UL9175S,7054459,UL9175S,40.782339,-4.218584,813.0,EL ESPINAR,Residencial,CL,VENECIA,464,CL VENECIA 464(C) 40400 EL ESPINAR (SEGOVIA),True,True,
7054460UL9175S,7054460,UL9175S,40.783218,-4.221632,903.0,EL ESPINAR,Residencial,CL,VENECIA,505,CL VENECIA 505 40400 EL ESPINAR (SEGOVIA),True,True,
7054461UL9175S,7054461,UL9175S,40.783125,-4.221375,751.0,EL ESPINAR,"Obras de urbanización y jardineria, suelos sin edificar",CL,VENECIA,505,CL VENECIA 505(D) Suelo 40400 EL ESPINAR (SEGOVIA),False,False,
7054462UL9175S,7054462,UL9175S,40.783494,-4.222807,1083.0,EL ESPINAR,Residencial,CL,LISBOA,503,CL LISBOA 503 Es:1 Pl:00 Pt:01 40400 EL ESPINAR (SEGOVIA),True,True,
7054494UL9175S,7054494,UL9175S,40.781765,-4.220923,11953.0,EL ESPINAR,Almacen-Estacionamiento.Uso Residencial,CL,OPORTO,,CL OPORTO 40400 EL ESPINAR (SEGOVIA),True,True,
7054495UL9175S,7054495,UL9175S,40.781838,-4.218917,906.0,EL ESPINAR,Residencial,CL,PORTUGAL,469,CL PORTUGAL 469(B) 40424 EL ESPINAR (SEGOVIA),True,True,
7054496UL9175S,7054496,UL9175S,40.781659,-4.218969,928.0,EL ESPINAR,Residencial,CL,PORTUGAL,469,CL PORTUGAL 469(A) 40400 EL ESPINAR (SEGOVIA),True,True,
7054497UL9175S,7054497,UL9175S,40.78225,-4.21987,764.0,EL ESPINAR,"Obras de urbanización y jardineria, suelos sin edificar",CL,BRAGANZA,525,CL BRAGANZA 525(B) Suelo 40400 EL ESPINAR (SEGOVIA),False,False,
7054498UL9175S,7054498,UL9175S,40.782422,-4.219771,753.0,EL ESPINAR,Residencial,CL,BRAGANZA,525,CL BRAGANZA 525(A) 40400 EL ESPINAR (SEGOVIA),True,True,
7054499UL9175S,7054499,UL9175S,40.781043,-4.219214,922.0,EL ESPINAR,Residencial,CL,PORTUGAL,472,CL PORTUGAL 472(A) 40400 EL ESPINAR (SEGOVIA),True,True,
70544A0UL9175S,70544A0,UL9175S,40.782726,-4.222663,1526.0,EL ESPINAR,"Obras de urbanización y jardineria, suelos sin edificar",CL,LISBOA,499,CL LISBOA 499(B) Suelo 40400 EL ESPINAR (SEGOVIA),False,False,
70544A1UL9175S,70544A1,UL9175S,40.781131,-4.222675,1120.0,EL ESPINAR,Residencial,CL,LISBOA,493,CL LISBOA 493(B) 40400 EL ESPINAR (SEGOVIA),True,True,
70544A2UL9175S,70544A2,UL9175S,40.782214,-4.219082,1459.0,EL ESPINAR,Residencial,CL,BRAGANZA,466,CL BRAGANZA 466(A) 40400 EL ESPINAR (SEGOVIA),True,True,
70544A3UL9175S,70544A3,UL9175S,40.782053,-4.218705,818.0,EL ESPINAR,Almacen-Estacionamiento.Uso Residencial,CL,PORTUGAL,467,CL PORTUGAL 467 40424 EL ESPINAR (SEGOVIA),True,True,
7158702UL9175N,7158702,UL9175N,40.784159,-4.223339,1990.0,EL ESPINAR,Residencial,CL,VENECIA,550,CL VENECIA 550 Es:1 Pl:00 Pt:01 40400 EL ESPINAR (SEGOVIA),True,True,
7158703UL9175N,7158703,UL9175N,40.784443,-4.223234,941.0,EL ESPINAR,Residencial,CL,TURIN,551,CL TURIN 551(I) EL ESPINAR (SEGOVIA),True,True,
7158706UL9175N,7158706,UL9175N,40.785263,-4.221677,2407.0,EL ESPINAR,Residencial,CL,LEIRIA,554,CL LEIRIA 554 40424 EL ESPINAR (SEGOVIA),True,True,
7158707UL9175N,7158707,UL9175N,40.785501,-4.221471,1459.0,EL ESPINAR,Residencial,CL,LEIRIA,492,CL LEIRIA 492 40424 EL ESPINAR (SEGOVIA),True,True,
7158708UL9175N,7158708,UL9175N,40.785217,-4.22083,2056.0,EL ESPINAR,Residencial,CL,LEIRIA,555,CL LEIRIA 555 40400 EL ESPINAR (SEGOVIA),True,True,
7158711UL9175N,7158711,UL9175N,40.784552,-4.21988,1194.0,EL ESPINAR,Residencial,CL,TURIN,559,CL TURIN 559(A) 40400 EL ESPINAR (SEGOVIA),True,True,
7158714UL9175N,7158714,UL9175N,40.784391,-4.219376,2195.0,EL ESPINAR,Residencial,CL,TURIN,561,CL TURIN 561 40400 EL ESPINAR (SEGOVIA),True,True,
7158715UL9175N,7158715,UL9175N,40.784191,-4.218826,2177.0,EL ESPINAR,Residencial,CL,TURIN,562,CL TURIN 562 40400 EL ESPINAR (SEGOVIA),True,True,
7158716UL9175N,7158716,UL9175N,40.784018,-4.218256,1983.0,EL ESPINAR,Residencial,CL,TURIN,563,CL TURIN 563 40400 EL ESPINAR (SEGOVIA),True,True,
7158718UL9175N,7158718,UL9175N,40.78366,-4.217164,1745.0,EL ESPINAR,Residencial,CL,TURIN,33,CL TURIN 33 40400 EL ESPINAR (SEGOVIA),True,True,
7158719UL9175N,7158719,UL9175N,40.783494,-4.216644,1550.0,EL ESPINAR,Residencial,CL,TURIN,32,CL TURIN 32 Es:1 Pl:00 Pt:01 40400 EL ESPINAR (SEGOVIA),True,True,
7158720UL9175N,7158720,UL9175N,40.783393,-4.216083,2241.0,EL ESPINAR,Residencial,CL,TURIN,31,CL TURIN 31 40400 EL ESPINAR (SEGOVIA),True,True,
7158721UL9175N,7158721,UL9175N,40.783327,-4.215572,1985.0,EL ESPINAR,Residencial,CL,TURIN,30,CL TURIN 30 40400 EL ESPINAR (SEGOVIA),True,True,
7158722UL9175N,7158722,UL9175N,40.783281,-4.215147,1778.0,EL ESPINAR,Residencial,CL,TURIN,29,CL TURIN 29 40400 EL ESPINAR (SEGOVIA),True,True,
7158723UL9175N,7158723,UL9175N,40.783167,-4.214199,8144.0,EL ESPINAR,Residencial,CL,TURIN,28,CL TURIN 28 40400 EL ESPINAR (SEGOVIA),True,True,
7158726UL9175N,7158726,UL9175N,40.782469,-4.213546,1332.0,EL ESPINAR,Residencial,CL,TURIN,25,CL TURIN 25(A) 40400 EL ESPINAR (SEGOVIA),True,True,
7158727UL9175N,7158727,UL9175N,40.78222,-4.213489,1798.0,EL ESPINAR,Residencial,CL,TURIN,24,CL TURIN 24 Es:1 Pl:00 Pt:01 40400 EL ESPINAR (SEGOVIA),True,True,
7158728UL9175S,7158728,UL9175S,40.781915,-4.213457,1270.0,EL ESPINAR,Residencial,CL,TURIN,23,CL TURIN 23 40400 EL ESPINAR (SEGOVIA),True,True,
7158729UL9175N,7158729,UL9175N,40.781644,-4.213441,1034.0,EL ESPINAR,Residencial,CL,TURIN,22,CL TURIN 22(S) Es:1 Pl:00 Pt:01 40400 EL ESPINAR (SEGOVIA),True,True,
7158730UL9175N,7158730,UL9175N,40.781372,-4.213423,960.0,EL ESPINAR,Residencial,CL,TURIN,21,CL TURIN 21 Es:1 Pl:00 Pt:01 40400 EL ESPINAR (SEGOVIA),True,True,
7158731UL9175N,7158731,UL9175N,40.781095,-4.21324,1594.0,EL ESPINAR,Residencial,CL,VENECIA,20,CL VENECIA 20(S) Es:1 Pl:00 Pt:01 40400 EL ESPINAR (SEGOVIA),True,True,
7158732UL9175N,7158732,UL9175N,40.781337,-4.213047,1000.0,EL ESPINAR,Industrial,CL,FLORENCIA,19,CL FLORENCIA 19 40400 EL ESPINAR (SEGOVIA),False,False,
7158733UL9175N,7158733,UL9175N,40.782045,-4.212985,1648.0,EL ESPINAR,"Obras de urbanización y jardineria, suelos sin edificar",CL,FLORENCIA,17,CL FLORENCIA 17 Suelo 40400 EL ESPINAR (SEGOVIA),False,False,
7158734UL9175N,7158734,UL9175N,40.782287,-4.212761,2726.0,EL ESPINAR,Residencial,CL,FLORENCIA,16,CL FLORENCIA 16 Es:1 Pl:00 Pt:01 40400 EL ESPINAR (SEGOVIA),True,True,
7158735UL9175N,7158735,UL9175N,40.782125,-4.212025,1449.0,EL ESPINAR,Residencial,CL,FLORENCIA,15,CL FLORENCIA 15 Es:1 Pl:00 Pt:01 40400 EL ESPINAR (SEGOVIA),True,True,
7158736UL9175N,7158736,UL9175N,40.782035,-4.211589,1034.0,EL ESPINAR,Industrial,CL,FLORENCIA,14,CL FLORENCIA 14 Es:1 Pl:00 Pt:01 40400 EL ESPINAR (SEGOVIA),False,False,
7158737UL9175N,7158737,UL9175N,40.78199,-4.211252,1059.0,EL ESPINAR,Residencial,CL,FLORENCIA,13,CL FLORENCIA 13 Es:1 Pl:00 Pt:01 40400 EL ESPINAR (SEGOVIA),True,True,
7158738UL9175N,7158738,UL9175N,40.781892,-4.210935,1430.0,EL ESPINAR,Residencial,CL,FLORENCIA,12,CL FLORENCIA 12 40400 EL ESPINAR (SEGOVIA),True,True,
7158739UL9175N,7158739,UL9175N,40.781603,-4.21072,771.0,EL ESPINAR,Residencial,CL,FLORENCIA,11,CL FLORENCIA 11 Es:1 Pl:00 Pt:01 40400 EL ESPINAR (SEGOVIA),True,True,
7158740UL9175N,7158740,UL9175N,40.781351,-4.210562,942.0,EL ESPINAR,Deportivo,CL,FLORENCIA,10,CL FLORENCIA 10 40400 EL ESPINAR (SEGOVIA),False,False,
7158741UL9175N,7158741,UL9175N,40.781107,-4.210401,803.0,EL ESPINAR,Residencial,CL,FLORENCIA,9,CL FLORENCIA 9 Es:1 Pl:00 Pt:01 40400 EL ESPINAR (SEGOVIA),True,True,
7158742UL9175N,7158742,UL9175N,40.780879,-4.210247,850.0,EL ESPINAR,Residencial,CL,FLORENCIA,8,CL FLORENCIA 8 40400 EL ESPINAR (SEGOVIA),True,True,
7158743UL9175N,7158743,UL9175N,40.78064,-4.210093,820.0,EL ESPINAR,Residencial,CL,FLORENCIA,7,CL FLORENCIA 7 Es:1 Pl:01 Pt:01 40400 EL ESPINAR (SEGOVIA),True,True,
7158744UL9175N,7158744,UL9175N,40.780399,-4.209932,864.0,EL ESPINAR,Residencial,CL,FLORENCIA,6,CL FLORENCIA 6 Es:1 Pl:00 Pt:01 40400 EL ESPINAR (SEGOVIA),True,True,
7158745UL9175N,7158745,UL9175N,40.780157,-4.20977,815.0,EL ESPINAR,Residencial,CL,FLORENCIA,5,CL FLORENCIA 5 Es:1 Pl:00 Pt:01 40400 EL ESPINAR (SEGOVIA),True,True,
7158746UL9175N,7158746,UL9175N,40.779917,-4.209612,823.0,EL ESPINAR,Residencial,CL,FLORENCIA,4,CL FLORENCIA 4 40400 EL ESPINAR (SEGOVIA),True,True,
7158747UL9175N,7158747,UL9175N,40.779672,-4.209446,878.0,EL ESPINAR,Residencial,CL,FLORENCIA,3,CL FLORENCIA 3 40400 EL ESPINAR (SEGOVIA),True,True,
7158750UL9175N,7158750,UL9175N,40.784639,-4.22314,934.0,EL ESPINAR,Residencial,CL,TURIN,551,CL TURIN 551(D) EL ESPINAR (SEGOVIA),True,True,
7158751UL9175N,7158751,UL9175N,40.78163,-4.213028,1227.0,EL ESPINAR,Residencial,CL,FLORENCIA,18,CL FLORENCIA 18 40400 EL ESPINAR (SEGOVIA),True,True,
7158789UL9175N,7158789,UL9175N,40.782612,-4.213745,888.0,EL ESPINAR,Residencial,CL,TURIN,25,CL TURIN 25(B) 40400 EL ESPINAR (SEGOVIA),True,True,
7158790UL9175N,7158790,UL9175N,40.782169,-4.212326,316.0,EL ESPINAR,"Obras de urbanización y jardineria, suelos sin edificar",CL,FLORENCIA,15,CL FLORENCIA 15(B) Suelo 40400 EL ESPINAR (SEGOVIA),False,False,
7158791UL9175N,7158791,UL9175N,40.783875,-4.21782,1147.0,EL ESPINAR,Residencial,CL,TURIN,34,CL TURIN 34(B) 40400 EL ESPINAR (SEGOVIA),True,True,
7158792UL9175N,7158792,UL9175N,40.783786,-4.217542,749.0,EL ESPINAR,Residencial,CL,TURIN,34,CL TURIN 34(A) 40400 EL ESPINAR (SEGOVIA),True,True,
7158793UL9175N,7158793,UL9175N,40.784716,-4.220401,943.0,EL ESPINAR,"Obras de urbanización y jardineria, suelos sin edificar",CL,TURIN,556,CL TURIN 556(E) Suelo 40400 EL ESPINAR (SEGOVIA),False,False,
7158794UL9175N,7158794,UL9175N,40.784778,-4.220613,939.0,EL ESPINAR,"Obras de urbanización y jardineria, suelos sin edificar",CL,TURIN,556,CL TURIN 556(D) Suelo 40400 EL ESPINAR (SEGOVIA),False,False,
7158795UL9175N,7158795,UL9175N,40.784842,-4.220826,945.0,EL ESPINAR,"Obras de urbanización y jardineria, suelos sin edificar",CL,TURIN,556,CL TURIN 556(C) Suelo 40400 EL ESPINAR (SEGOVIA),False,False,
7158796UL9175N,7158796,UL9175N,40.784907,-4.221042,943.0,EL ESPINAR,Residencial,CL,TURIN,556,CL TURIN 556 N2-557(B) 40400 EL ESPINAR (SEGOVIA),True,True,
7158797UL9175N,7158797,UL9175N,40.784974,-4.221251,884.0,EL ESPINAR,"Obras de urbanización y jardineria, suelos sin edificar",CL,TURIN,556,CL TURIN 556 N2-557(A) Suelo 556-557A 40400 EL ESPINAR (SEGOVIA),False,False,
7158798UL9175N,7158798,UL9175N,40.785203,-4.221954,1467.0,EL ESPINAR,"Obras de urbanización y jardineria, suelos sin edificar",CL,LEIRIA,554,CL LEIRIA 554(A) Suelo 40424 EL ESPINAR (SEGOVIA),False,False,
7158799UL9175N,7158799,UL9175N,40.784643,-4.220154,1241.0,EL ESPINAR,Residencial,CL,TURIN,559,CL TURIN 559(B) 40400 EL ESPINAR (SEGOVIA),True,True,
71587A1UL9175N,71587A1,UL9175N,40.784259,-4.223732,933.0,EL ESPINAR,"Obras de urbanización y jardineria, suelos sin edificar",CL,VENECIA,233,CL VENECIA 233 Suelo EL ESPINAR (SEGOVIA),False,False,
71587A2UL9175N,71587A2,UL9175N,40.781895,-4.213143,273.0,EL ESPINAR,"Obras de urbanización y jardineria, suelos sin edificar",CL,FLORENCIA,17,CL FLORENCIA 17(B) Suelo 40400 EL ESPINAR (SEGOVIA),False,False,
7249401UL9174N,7249401,UL9174N,40.776575,-4.221284,1112.0,EL ESPINAR,Residencial,CL,BOLIVIA,851,CL BOLIVIA 851 40400 EL ESPINAR (SEGOVIA),True,True,
7249402UL9174N,7249402,UL9174N,40.776868,-4.221049,1215.0,EL ESPINAR,"Obras de urbanización y jardineria, suelos sin edificar",CL,BOLIVIA,850,CL BOLIVIA 850 Suelo 40400 EL ESPINAR (SEGOVIA),False,False,
7249403UL9174N,7249403,UL9174N,40.777118,-4.22091,1493.0,EL ESPINAR,Residencial,CL,BOLIVIA,849,CL BOLIVIA 849 Es:1 Pl:00 Pt:01 40400 EL ESPINAR (SEGOVIA),True,True,
7249404UL9174N,7249404,UL9174N,40.777402,-4.220784,1340.0,EL ESPINAR,Residencial,CL,BOLIVIA,848,CL BOLIVIA 848 40400 EL ESPINAR (SEGOVIA),True,True,
7249405UL9174N,7249405,UL9174N,40.777739,-4.220674,1219.0,EL ESPINAR,Residencial,CL,BOLIVIA,847,CL BOLIVIA 847 40400 EL ESPINAR (SEGOVIA),True,True,
7249406UL9174N,7249406,UL9174N,40.777718,-4.220365,994.0,EL ESPINAR,Residencial,AV,LOS ANGELES,846,AV LOS ANGELES 846(A) 40424 EL ESPINAR (SEGOVIA),True,True,
7249407UL9174N,7249407,UL9174N,40.77764,-4.219572,1087.0,EL ESPINAR,Residencial,AV,LOS ANGELES,268,AV LOS ANGELES 268(B) 40400 EL ESPINAR (SEGOVIA),True,True,
7249408UL9174N,7249408,UL9174N,40.777603,-4.219324,1060.0,EL ESPINAR,Residencial,AV,LOS ANGELES,267,AV LOS ANGELES 267(B) 40400 EL ESPINAR (SEGOVIA),True,True,
7249409UL9174N,7249409,UL9174N,40.777527,-4.218823,1156.0,EL ESPINAR,"Obras de urbanización y jardineria, suelos sin edificar",AV,LOS ANGELES,266,AV LOS ANGELES 266 Suelo 40424 EL ESPINAR (SEGOVIA),False,False,
7249410UL9174N,7249410,UL9174N,40.777485,-4.218486,1601.0,EL ESPINAR,Residencial,AV,LOS ANGELES,265,AV LOS ANGELES 265 Es:1 Pl:01 Pt:01 40400 EL ESPINAR (SEGOVIA),True,True,
7249411UL9174N,7249411,UL9174N,40.777426,-4.218096,1535.0,EL ESPINAR,Residencial,AV,LOS ANGELES,264,AV LOS ANGELES 264 40400 EL ESPINAR (SEGOVIA),True,True,
7249412UL9174N,7249412,UL9174N,40.777227,-4.217726,2985.0,EL ESPINAR,Residencial,AV,LOS ANGELES,263,AV LOS ANGELES 263 Es:1 Pl:00 Pt:01 40424 EL ESPINAR (SEGOVIA),True,True,
7249413UL9174N,7249413,UL9174N,40.777191,-4.217273,2355.0,EL ESPINAR,Residencial,AV,LOS ANGELES,262,AV LOS ANGELES 262 Es:1 Pl:00 Pt:01 40400 EL ESPINAR (SEGOVIA),True,True,
7249414UL9174N,7249414,UL9174N,40.777167,-4.216887,1629.0,EL ESPINAR,Industrial,AV,LOS ANGELES,261,AV LOS ANGELES 261 Es:1 Pl:00 Pt:01 40400 EL ESPINAR (SEGOVIA),False,False,
7249415UL9174N,7249415,UL9174N,40.777131,-4.216528,1739.0,EL ESPINAR,"Obras de urbanización y jardineria, suelos sin edificar",AV,LOS ANGELES,260,AV LOS ANGELES 260 Suelo 40400 EL ESPINAR (SEGOVIA),False,False,
7249416UL9174N,7249416,UL9174N,40.777085,-4.216176,1314.0,EL ESPINAR,Residencial,AV,LOS ANGELES,259,AV LOS ANGELES 259 40400 EL ESPINAR (SEGOVIA),True,True,
7249417UL9174N,7249417,UL9174N,40.777036,-4.215854,1329.0,EL ESPINAR,Residencial,AV,LOS ANGELES,258,AV LOS ANGELES 258 40400 EL ESPINAR (SEGOVIA),True,True,
7249418UL9174N,7249418,UL9174N,40.777061,-4.215518,1318.0,EL ESPINAR,Residencial,AV,LOS ANGELES,257,AV LOS ANGELES 257 40400 EL ESPINAR (SEGOVIA),True,True,
7249419UL9174N,7249419,UL9174N,40.777124,-4.21519,1347.0,EL ESPINAR,Residencial,AV,LOS ANGELES,256,AV LOS ANGELES 256 40400 EL ESPINAR (SEGOVIA),True,True,
7249420UL9174N,7249420,UL9174N,40.777196,-4.214895,1141.0,EL ESPINAR,"Obras de urbanización y jardineria, suelos sin edificar",AV,LOS ANGELES,255,AV LOS ANGELES 255 Suelo 40400 EL ESPINAR (SEGOVIA),False,False,
7249421UL9174N,7249421,UL9174N,40.777248,-4.214604,1229.0,EL ESPINAR,Residencial,AV,LOS ANGELES,254,AV LOS ANGELES 254 40424 EL ESPINAR (SEGOVIA),True,True,
7249422UL9174N,7249422,UL9174N,40.777325,-4.214214,1947.0,EL ESPINAR,Residencial,AV,LOS ANGELES,253,AV LOS ANGELES 253 Es:1 Pl:00 Pt:01 40400 EL ESPINAR (SEGOVIA),True,True,
7249423UL9174N,7249423,UL9174N,40.777359,-4.21378,1421.0,EL ESPINAR,Residencial,AV,LOS ANGELES,252,AV LOS ANGELES 252 Es:1 Pl:00 Pt:01 40424 EL ESPINAR (SEGOVIA),True,True,
7249424UL9174N,7249424,UL9174N,40.777386,-4.213418,1302.0,EL ESPINAR,Residencial,AV,LOS ANGELES,251,AV LOS ANGELES 251 Es:E Pl:-1 Pt:01 40400 EL ESPINAR (SEGOVIA),True,True,
7249425UL9174N,7249425,UL9174N,40.777403,-4.21305,1454.0,EL ESPINAR,Residencial,AV,LOS ANGELES,250,AV LOS ANGELES 250 40400 EL ESPINAR (SEGOVIA),True,True,
7249426UL9174N,7249426,UL9174N,40.777414,-4.212671,1414.0,EL ESPINAR,Residencial,AV,LOS ANGELES,249,AV LOS ANGELES 249 40424 EL ESPINAR (SEGOVIA),True,True,
7249427UL9174N,7249427,UL9174N,40.777423,-4.212307,1394.0,EL ESPINAR,Residencial,AV,LOS ANGELES,248,AV LOS ANGELES 248 40400 EL ESPINAR (SEGOVIA),True,True,
7249428UL9174N,7249428,UL9174N,40.777437,-4.21197,1348.0,EL ESPINAR,Residencial,AV,LOS ANGELES,247,AV LOS ANGELES 247 Es:1 Pl:00 Pt:01 40424 EL ESPINAR (SEGOVIA),True,True,
7249429UL9174N,7249429,UL9174N,40.777447,-4.211643,1325.0,EL ESPINAR,"Obras de urbanización y jardineria, suelos sin edificar",AV,LOS ANGELES,246,AV LOS ANGELES 246 Suelo 40400 EL ESPINAR (SEGOVIA),False,False,
7249430UL9174N,7249430,UL9174N,40.777442,-4.211314,1338.0,EL ESPINAR,"Obras de urbanización y jardineria, suelos sin edificar",AV,LOS ANGELES,245,AV LOS ANGELES 245 Suelo 40400 EL ESPINAR (SEGOVIA),False,False,
7249431UL9174N,7249431,UL9174N,40.777434,-4.210992,1382.0,EL ESPINAR,Residencial,AV,LOS ANGELES,244,AV LOS ANGELES 244 40400 EL ESPINAR (SEGOVIA),True,True,
7249432UL9174N,7249432,UL9174N,40.777432,-4.210627,1777.0,EL ESPINAR,Residencial,AV,LOS ANGELES,243,AV LOS ANGELES 243 40400 EL ESPINAR (SEGOVIA),True,True,
7249433UL9174N,7249433,UL9174N,40.777475,-4.210214,1781.0,EL ESPINAR,Residencial,AV,LOS ANGELES,242,AV LOS ANGELES 242 Es:1 Pl:01 Pt:01 40400 EL ESPINAR (SEGOVIA),True,True,
7249434UL9174N,7249434,UL9174N,40.777475,-4.209814,1426.0,EL ESPINAR,Residencial,AV,LOS ANGELES,241,AV LOS ANGELES 241 Es:1 Pl:00 Pt:01 40400 EL ESPINAR (SEGOVIA),True,True,
7249435UL9174N,7249435,UL9174N,40.777485,-4.209467,1249.0,EL ESPINAR,Residencial,AV,FRANCIA,240,AV FRANCIA 240 Es:1 Pl:00 Pt:01 40400 EL ESPINAR (SEGOVIA),True,True,
7249436UL9174N,7249436,UL9174N,40.777069,-4.218273,1520.0,EL ESPINAR,Residencial,CL,BELGICA,322,CL BELGICA 322 Es:1 Pl:00 Pt:01 40400 EL ESPINAR (SEGOVIA),True,True,
7249438UL9174N,7249438,UL9174N,40.776878,-4.219209,1850.0,EL ESPINAR,Residencial,CL,BELGICA,842,CL BELGICA 842(S) 40400 EL ESPINAR (SEGOVIA),True,True,
7249441UL9174N,7249441,UL9174N,40.777138,-4.220445,1612.0,EL ESPINAR,"Obras de urbanización y jardineria, suelos sin edificar",CL,CUBA,845,CL CUBA 845 Suelo 40400 EL ESPINAR (SEGOVIA),False,False,
7249442UL9174N,7249442,UL9174N,40.777671,-4.219828,1070.0,EL ESPINAR,"Obras de urbanización y jardineria, suelos sin edificar",AV,LOS ANGELES,51,AV LOS ANGELES 51 Suelo 40424 EL ESPINAR (SEGOVIA),False,False,
7249443UL9174N,7249443,UL9174N,40.777701,-4.220093,1067.0,EL ESPINAR,Residencial,AV,LOS ANGELES,846,AV LOS ANGELES 846(B) 40400 EL ESPINAR (SEGOVIA),True,True,
7249444UL9174N,7249444,UL9174N,40.776935,-4.218914,822.0,EL ESPINAR,"Obras de urbanización y jardineria, suelos sin edificar",CL,BELGICA,841,CL BELGICA 841(A) Suelo 40400 EL ESPINAR (SEGOVIA),False,False,
7249445UL9174N,7249445,UL9174N,40.77703,-4.218669,1201.0,EL ESPINAR,Residencial,CL,BELGICA,841,CL BELGICA 841(B) 40400 EL ESPINAR (SEGOVIA),True,True,
7249446UL9174N,7249446,UL9174N,40.777136,-4.220081,903.0,EL ESPINAR,"Obras de urbanización y jardineria, suelos sin edificar",CL,CUBA,843,CL CUBA 843(C) Suelo 40400 EL ESPINAR (SEGOVIA),False,False,
7249447UL9174N,7249447,UL9174N,40.777085,-4.219785,900.0,EL ESPINAR,"Obras de urbanización y jardineria, suelos sin edificar",CL,CUBA,843,CL CUBA 843(B) Suelo 40400 EL ESPINAR (SEGOVIA),False,False,
7249448UL9174N,7249448,UL9174N,40.777015,-4.219522,854.0,EL ESPINAR,"Obras de urbanización y jardineria, suelos sin edificar",CL,CUBA,843,CL CUBA 843(A) Suelo 40400 EL ESPINAR (SEGOVIA),False,False,
7249449UL9174N,7249449,UL9174N,40.777565,-4.21908,1090.0,EL ESPINAR,Residencial,AV,LOS ANGELES,267,AV LOS ANGELES 267(A) 40424 EL ESPINAR (SEGOVIA),True,True,
7249499UL9174N,7249499,UL9174N,40.777322,-4.219603,3276.0,EL ESPINAR,"Obras de urbanización y jardineria, suelos sin edificar",CL,BOLIVIA,3,CL BOLIVIA 3(B) Suelo 40400 EL ESPINAR (SEGOVIA),False,False,
7256501UL9175N,7256501,UL9175N,40.784007,-4.22268,1856.0,EL ESPINAR,Residencial,CL,VENECIA,549,CL VENECIA 549 40400 EL ESPINAR (SEGOVIA),True,True,
7256502UL9175N,7256502,UL9175N,40.78429,-4.2226,1162.0,EL ESPINAR,Residencial,CL,TURIN,548,CL TURIN 548(D) 40400 EL ESPINAR (SEGOVIA),True,True,
7256503UL9175N,7256503,UL9175N,40.784758,-4.222417,1504.0,EL ESPINAR,Residencial,CL,TURIN,506,CL TURIN 506 40400 EL ESPINAR (SEGOVIA),True,True,
7256504UL9175N,7256504,UL9175N,40.78466,-4.221999,1756.0,EL ESPINAR,Residencial,CL,TURIN,507,CL TURIN 507 40400 EL ESPINAR (SEGOVIA),True,True,
7256505UL9175N,7256505,UL9175N,40.784523,-4.221563,1831.0,EL ESPINAR,Residencial,CL,TURIN,508,CL TURIN 508 40400 EL ESPINAR (SEGOVIA),True,True,
7256506UL9175N,7256506,UL9175N,40.784388,-4.221118,1766.0,EL ESPINAR,Residencial,CL,TURIN,509,CL TURIN 509 40400 EL ESPINAR (SEGOVIA),True,True,
7256507UL9175N,7256507,UL9175N,40.784251,-4.22067,1776.0,EL ESPINAR,Residencial,CL,TURIN,510,CL TURIN 510 40400 EL ESPINAR (SEGOVIA),True,True,
7256508UL9175N,7256508,UL9175N,40.784121,-4.220226,1653.0,EL ESPINAR,Residencial,CL,TURIN,511,CL TURIN 511 40400 EL ESPINAR (SEGOVIA),True,True,
7256509UL9175N,7256509,UL9175N,40.783985,-4.219785,1761.0,EL ESPINAR,Residencial,CL,TURIN,512,CL TURIN 512 40400 EL ESPINAR (SEGOVIA),True,True,
7256510UL9175N,7256510,UL9175N,40.783854,-4.219354,1582.0,EL ESPINAR,Residencial,CL,TURIN,513,CL TURIN 513 40400 EL ESPINAR (SEGOVIA),True,True,
7256511UL9175N,7256511,UL9175N,40.783725,-4.218929,1705.0,EL ESPINAR,Residencial,CL,TURIN,514,CL TURIN 514 40400 EL ESPINAR (SEGOVIA),True,True,
7256512UL9175N,7256512,UL9175N,40.783596,-4.218493,1569.0,EL ESPINAR,Residencial,CL,TURIN,515,CL TURIN 515 40400 EL ESPINAR (SEGOVIA),True,True,
7256513UL9175N,7256513,UL9175N,40.783467,-4.218062,1591.0,EL ESPINAR,Residencial,CL,TURIN,35,CL TURIN 35 40400 EL ESPINAR (SEGOVIA),True,True,
7256514UL9175N,7256514,UL9175N,40.783328,-4.217634,1611.0,EL ESPINAR,Residencial,CL,TURIN,36,CL TURIN 36 40400 EL ESPINAR (SEGOVIA),True,True,
7256515UL9175N,7256515,UL9175N,40.783197,-4.217217,1595.0,EL ESPINAR,Residencial,CL,TURIN,37,CL TURIN 37 40400 EL ESPINAR (SEGOVIA),True,True,
7256516UL9175N,7256516,UL9175N,40.78306,-4.21679,1737.0,EL ESPINAR,Residencial,CL,TURIN,38,CL TURIN 38 40400 EL ESPINAR (SEGOVIA),True,True,
7256517UL9175N,7256517,UL9175N,40.78267,-4.216865,1337.0,EL ESPINAR,Residencial,CL,TIVOLI,60,CL TIVOLI 60 Es:1 Pl:00 Pt:01 40400 EL ESPINAR (SEGOVIA),True,True,
7256518UL9175N,7256518,UL9175N,40.782548,-4.216402,1656.0,EL ESPINAR,Residencial,CL,TIVOLI,59,CL TIVOLI 59 40400 EL ESPINAR (SEGOVIA),True,True,
7256519UL9175N,7256519,UL9175N,40.782933,-4.216241,1610.0,EL ESPINAR,Residencial,CL,TIVOLI,39,CL TIVOLI 39 Es:1 Pl:00 Pt:01 40400 EL ESPINAR (SEGOVIA),True,True,
7256522UL9175N,7256522,UL9175N,40.782744,-4.214907,1576.0,EL ESPINAR,Residencial,CL,TURIN,42,CL TURIN 42 40400 EL ESPINAR (SEGOVIA),True,True,
7256523UL9175N,7256523,UL9175N,40.782631,-4.214463,1732.0,EL ESPINAR,Residencial,CL,TURIN,43,CL TURIN 43 Es:1 Pl:00 Pt:01 40400 EL ESPINAR (SEGOVIA),True,True,
7256524UL9175N,7256524,UL9175N,40.782326,-4.214315,1768.0,EL ESPINAR,Residencial,CL,TURIN,44,CL TURIN 44 Es:1 Pl:00 Pt:01 40400 EL ESPINAR (SEGOVIA),True,True,
7256525UL9175N,7256525,UL9175N,40.782063,-4.214058,967.0,EL ESPINAR,Residencial,CL,TURIN,45,CL TURIN 45 Es:1 Pl:00 Pt:01 40400 EL ESPINAR (SEGOVIA),True,True,
7256526UL9175N,7256526,UL9175N,40.781605,-4.213976,1141.0,EL ESPINAR,Residencial,CL,TURIN,46,CL TURIN 46 Es:1 Pl:00 Pt:01 40400 EL ESPINAR (SEGOVIA),True,True,
7256527UL9175N,7256527,UL9175N,40.781434,-4.214416,951.0,EL ESPINAR,Residencial,CL,MILAN,48,CL MILAN 48 40400 EL ESPINAR (SEGOVIA),True,True,
7256528UL9175N,7256528,UL9175N,40.781683,-4.214417,1087.0,EL ESPINAR,Residencial,CL,MILAN,49,CL MILAN 49 40400 EL ESPINAR (SEGOVIA),True,True,
7256529UL9175N,7256529,UL9175N,40.781984,-4.214424,1269.0,EL ESPINAR,Residencial,CL,MILAN,50,CL MILAN 50 40400 EL ESPINAR (SEGOVIA),True,True,
7256530UL9175N,7256530,UL9175N,40.782362,-4.214928,1791.0,EL ESPINAR,Residencial,CL,MILAN,51,CL MILAN 51 Es:1 Pl:00 Pt:01 40400 EL ESPINAR (SEGOVIA),True,True,
7256531UL9175N,7256531,UL9175N,40.781963,-4.214973,1635.0,EL ESPINAR,"Obras de urbanización y jardineria, suelos sin edificar",CL,MILAN,52,CL MILAN 52 Suelo 40400 EL ESPINAR (SEGOVIA),False,False,
7256532UL9175N,7256532,UL9175N,40.78164,-4.214995,1201.0,EL ESPINAR,Residencial,CL,MILAN,53,CL MILAN 53 Es:1 Pl:00 Pt:01 40400 EL ESPINAR (SEGOVIA),True,True,
7256533UL9175N,7256533,UL9175N,40.78193,-4.215417,2183.0,EL ESPINAR,Residencial,CL,SICILIA,54,CL SICILIA 54 Es:1 Pl:00 Pt:01 40400 EL ESPINAR (SEGOVIA),True,True,
7256534UL9175N,7256534,UL9175N,40.782397,-4.215435,1970.0,EL ESPINAR,"Obras de urbanización y jardineria, suelos sin edificar",CL,SICILIA,55,CL SICILIA 55 Suelo 40400 EL ESPINAR (SEGOVIA),False,False,
7256535UL9175N,7256535,UL9175N,40.782422,-4.215942,2053.0,EL ESPINAR,Deportivo,CL,SICILIA,56,CL SICILIA 56 40400 EL ESPINAR (SEGOVIA),False,False,
7256536UL9175N,7256536,UL9175N,40.782031,-4.216028,1985.0,EL ESPINAR,Residencial,CL,SICILIA,57,CL SICILIA 57 Es:1 Pl:00 Pt:01 40400 EL ESPINAR (SEGOVIA),True,True,
7256537UL9175N,7256537,UL9175N,40.782208,-4.216565,1914.0,EL ESPINAR,Residencial,CL,VENECIA,58,CL VENECIA 58 Es:1 Pl:00 Pt:01 40400 EL ESPINAR (SEGOVIA),True,True,
7256538UL9175N,7256538,UL9175N,40.782356,-4.217276,779.0,EL ESPINAR,Residencial,CL,VENECIA,61,CL VENECIA 61 40400 EL ESPINAR (SEGOVIA),True,True,
7256539UL9175N,7256539,UL9175N,40.782808,-4.217266,1421.0,EL ESPINAR,Residencial,CL,ESTORIL,62,CL ESTORIL 62 40400 EL ESPINAR (SEGOVIA),True,True,
7256540UL9175N,7256540,UL9175N,40.782926,-4.217651,1164.0,EL ESPINAR,Residencial,CL,ESTORIL,63,CL ESTORIL 63 40400 EL ESPINAR (SEGOVIA),True,True,
7256541UL9175N,7256541,UL9175N,40.782569,-4.217799,1307.0,EL ESPINAR,Residencial,CL,ESTORIL,64,CL ESTORIL 64 40400 EL ESPINAR (SEGOVIA),True,True,
7256542UL9175N,7256542,UL9175N,40.78268,-4.218128,1090.0,EL ESPINAR,"Obras de urbanización y jardineria, suelos sin edificar",CL,FARO,517,CL FARO 517 Suelo 40400 EL ESPINAR (SEGOVIA),False,False,
7256543UL9175N,7256543,UL9175N,40.783035,-4.217986,1226.0,EL ESPINAR,Residencial,CL,FARO,516,CL FARO 516 40400 EL ESPINAR (SEGOVIA),True,True,
7256544UL9175N,7256544,UL9175N,40.783157,-4.21838,1421.0,EL ESPINAR,Residencial,CL,FARO,519,CL FARO 519 40400 EL ESPINAR (SEGOVIA),True,True,
7256545UL9175N,7256545,UL9175N,40.78282,-4.218576,1323.0,EL ESPINAR,"Obras de urbanización y jardineria, suelos sin edificar",CL,FARO,518,CL FARO 518 Suelo 40400 EL ESPINAR (SEGOVIA),False,False,
7256546UL9175N,7256546,UL9175N,40.782932,-4.218928,1313.0,EL ESPINAR,"Obras de urbanización y jardineria, suelos sin edificar",CL,MONTENEGRO,521,CL MONTENEGRO 521 Suelo 40400 EL ESPINAR (SEGOVIA),False,False,
7256547UL9175N,7256547,UL9175N,40.783283,-4.218772,1423.0,EL ESPINAR,Residencial,CL,MONTENEGRO,520,CL MONTENEGRO 520 Es:1 Pl:00 Pt:01 40400 EL ESPINAR (SEGOVIA),True,True,
7256548UL9175N,7256548,UL9175N,40.783403,-4.219238,1673.0,EL ESPINAR,Residencial,CL,MONTENEGRO,522,CL MONTENEGRO 522 40400 EL ESPINAR (SEGOVIA),True,True,
7256549UL9175N,7256549,UL9175N,40.783067,-4.219416,1421.0,EL ESPINAR,Residencial,CL,MONTENEGRO,523,CL MONTENEGRO 523 40400 EL ESPINAR (SEGOVIA),True,True,
7256550UL9175N,7256550,UL9175N,40.783161,-4.219806,1276.0,EL ESPINAR,Residencial,CL,ARMANAR,528,CL ARMANAR 528 40400 EL ESPINAR (SEGOVIA),True,True,
7256551UL9175N,7256551,UL9175N,40.78352,-4.219665,1458.0,EL ESPINAR,Residencial,CL,ARMANAR,527,CL ARMANAR 527 40400 EL ESPINAR (SEGOVIA),True,True,
7256552UL9175N,7256552,UL9175N,40.783658,-4.220091,1537.0,EL ESPINAR,Residencial,CL,ARMANAR,532,CL ARMANAR 532 40400 EL ESPINAR (SEGOVIA),True,True,
7256553UL9175N,7256553,UL9175N,40.783307,-4.220278,1315.0,EL ESPINAR,Residencial,CL,ARMANAR,533,CL ARMANAR 533 Es:1 Pl:00 Pt:01 40400 EL ESPINAR (SEGOVIA),True,True,
7256554UL9175N,7256554,UL9175N,40.783421,-4.220675,1597.0,EL ESPINAR,Residencial,CL,CASCAIS,540,CL CASCAIS 540 40400 EL ESPINAR (SEGOVIA),True,True,
7256555UL9175N,7256555,UL9175N,40.783772,-4.220513,1593.0,EL ESPINAR,Residencial,CL,CASCAIS,541,CL CASCAIS 541 40400 EL ESPINAR (SEGOVIA),True,True,
7256556UL9175N,7256556,UL9175N,40.783911,-4.220979,1701.0,EL ESPINAR,Residencial,CL,CASCAIS,542,CL CASCAIS 542 40400 EL ESPINAR (SEGOVIA),True,True,
7256557UL9175N,7256557,UL9175N,40.78356,-4.221201,1459.0,EL ESPINAR,Residencial,CL,CASCAIS,543,CL CASCAIS 543 40400 EL ESPINAR (SEGOVIA),True,True,
7256559UL9175N,7256559,UL9175N,40.784042,-4.221461,2082.0,EL ESPINAR,Residencial,CL,LAGOS,544,CL LAGOS 544 40400 EL ESPINAR (SEGOVIA),True,True,
7256560UL9175N,7256560,UL9175N,40.784221,-4.222003,2073.0,EL ESPINAR,Residencial,CL,LAGOS,546,CL LAGOS 546 40400 EL ESPINAR (SEGOVIA),True,True,
7256561UL9175N,7256561,UL9175N,40.783862,-4.2222,1912.0,EL ESPINAR,Residencial,CL,LAGOS,547,CL LAGOS 547 40400 EL ESPINAR (SEGOVIA),True,True,
7256562UL9175N,7256562,UL9175N,40.784484,-4.222509,1171.0,EL ESPINAR,Residencial,CL,TURIN,548,CL TURIN 548(I) 40400 EL ESPINAR (SEGOVIA),True,True,
7256563UL9175N,7256563,UL9175N,40.782531,-4.217246,797.0,EL ESPINAR,"Obras de urbanización y jardineria, suelos sin edificar",CL,ESTORIL,61,CL ESTORIL 61(B) Suelo 40400 EL ESPINAR (SEGOVIA),False,False,
7256564UL9175N,7256564,UL9175N,40.783683,-4.219513,1106.0,EL ESPINAR,"Obras de urbanización y jardineria, suelos sin edificar",CL,TURIN,,CL TURIN  Suelo 40400 EL ESPINAR (SEGOVIA),False,False,
7256566UL9175N,7256566,UL9175N,40.781845,-4.21398,750.0,EL ESPINAR,"Obras de urbanización y jardineria, suelos sin edificar",CL,TURIN,45,CL TURIN 45(B) Suelo 40400 EL ESPINAR (SEGOVIA),False,False,
7256595UL9175N,7256595,UL9175N,40.78132,-4.213956,1411.0,EL ESPINAR,Residencial,CL,TURIN,47,CL TURIN 47 40400 EL ESPINAR (SEGOVIA),True,True,
7256596UL9175N,7256596,UL9175N,40.782781,-4.215271,999.0,EL ESPINAR,Residencial,CL,TURIN,40,CL TURIN 40(C) 40400 EL ESPINAR (SEGOVIA),True,True,
7256597UL9175N,7256597,UL9175N,40.782801,-4.215534,1000.0,EL ESPINAR,"Obras de urbanización y jardineria, suelos sin edificar",CL,TURIN,40,CL TURIN 40(B) Suelo 40400 EL ESPINAR (SEGOVIA),False,False,
7256598UL9175N,7256598,UL9175N,40.782838,-4.215846,1470.0,EL ESPINAR,Residencial,CL,TURIN,40,CL TURIN 40(A) 40400 EL ESPINAR (SEGOVIA),True,True,
7256599UL9175N,7256599,UL9175N,40.782328,-4.216936,761.0,EL ESPINAR,Residencial,CL,VENECIA,61,CL VENECIA 61(A) 40400 EL ESPINAR (SEGOVIA),True,True,
72565A0UL9175N,72565A0,UL9175N,40.783707,-4.22174,769.0,EL ESPINAR,Residencial,CL,LAGOS,545,CL LAGOS 545(1) EL ESPINAR (SEGOVIA),True,True,
72565A1UL9175N,72565A1,UL9175N,40.783648,-4.221517,768.0,EL ESPINAR,Residencial,CL,LAGOS,545,CL LAGOS 545(2) EL ESPINAR (SEGOVIA),True,True,
7344813UL9174S,7344813,UL9174S,40.770775,-4.220509,1505.0,EL ESPINAR,"Obras de urbanización y jardineria, suelos sin edificar",CL,VENEZUELA,677,CL VENEZUELA 677 Suelo 40400 EL ESPINAR (SEGOVIA),False,False,
7344814UL9174S,7344814,UL9174S,40.770965,-4.219971,1749.0,EL ESPINAR,"Obras de urbanización y jardineria, suelos sin edificar",CL,VENEZUELA,676,CL VENEZUELA 676 Suelo 40400 EL ESPINAR (SEGOVIA),False,False,
7344815UL9174S,7344815,UL9174S,40.771293,-4.219804,1535.0,EL ESPINAR,"Obras de urbanización y jardineria, suelos sin edificar",CL,VENEZUELA,675,CL VENEZUELA 675 Suelo 40400 EL ESPINAR (SEGOVIA),False,False,
7344819UL9174S,7344819,UL9174S,40.772584,-4.219286,1640.0,EL ESPINAR,"Obras de urbanización y jardineria, suelos sin edificar",CL,VENEZUELA,671,CL VENEZUELA 671 Suelo 40400 EL ESPINAR (SEGOVIA),False,False,
7344820UL9174S,7344820,UL9174S,40.772911,-4.219173,1544.0,EL ESPINAR,Residencial,CL,VENEZUELA,670,CL VENEZUELA 670 40400 EL ESPINAR (SEGOVIA),True,True,
7344821UL9174N,7344821,UL9174N,40.773227,-4.21904,1594.0,EL ESPINAR,Residencial,CL,VENEZUELA,669,CL VENEZUELA 669 40400 EL ESPINAR (SEGOVIA),True,True,
7344822UL9174S,7344822,UL9174S,40.773611,-4.218913,2332.0,EL ESPINAR,Residencial,CL,VENEZUELA,668,CL VENEZUELA 668 Es:1 Pl:00 Pt:01 40400 EL ESPINAR (SEGOVIA),True,True,
7344823UL9174S,7344823,UL9174S,40.773961,-4.21874,1609.0,EL ESPINAR,Residencial,CL,VENEZUELA,667,CL VENEZUELA 667 Es:1 Pl:00 Pt:01 40400 EL ESPINAR (SEGOVIA),True,True,
7344824UL9174S,7344824,UL9174S,40.774236,-4.218638,1685.0,EL ESPINAR,Almacen-Estacionamiento.Uso Residencial,CL,VENEZUELA,666,CL VENEZUELA 666 40400 EL ESPINAR (SEGOVIA),True,True,
7344825UL9174S,7344825,UL9174S,40.774527,-4.218544,1870.0,EL ESPINAR,Residencial,CL,VENEZUELA,665,CL VENEZUELA 665 Es:1 Pl:01 Pt:01 40400 EL ESPINAR (SEGOVIA),True,True,
7344826UL9174S,7344826,UL9174S,40.774865,-4.218436,2533.0,EL ESPINAR,Residencial,CL,VENEZUELA,664,CL VENEZUELA 664 40400 EL ESPINAR (SEGOVIA),True,True,
7344827UL9174S,7344827,UL9174S,40.775133,-4.218325,1184.0,EL ESPINAR,"Obras de urbanización y jardineria, suelos sin edificar",AV,BRUSELAS,663,AV BRUSELAS 663(A) Suelo 40424 EL ESPINAR (SEGOVIA),False,False,
7344829UL9174S,7344829,UL9174S,40.775695,-4.217307,2982.0,EL ESPINAR,Residencial,AV,BRUSELAS,340,AV BRUSELAS 340 40424 EL ESPINAR (SEGOVIA),True,True,
7344830UL9174S,7344830,UL9174S,40.775796,-4.216813,2815.0,EL ESPINAR,Residencial,AV,BRUSELAS,341,AV BRUSELAS 341 Es:1 Pl:00 Pt:01 40400 EL ESPINAR (SEGOVIA),True,True,
7344831UL9174S,7344831,UL9174S,40.775884,-4.216312,2582.0,EL ESPINAR,Residencial,AV,BRUSELAS,342,AV BRUSELAS 342 Es:1 Pl:00 Pt:01 40400 EL ESPINAR (SEGOVIA),True,True,
7344832UL9174S,7344832,UL9174S,40.775866,-4.21559,1107.0,EL ESPINAR,"Obras de urbanización y jardineria, suelos sin edificar",AV,BRUSELAS,343,AV BRUSELAS 343(A) Suelo 40424 EL ESPINAR (SEGOVIA),False,False,
7344833UL9174S,7344833,UL9174S,40.775917,-4.215103,2662.0,EL ESPINAR,Residencial,AV,BRUSELAS,344,AV BRUSELAS 344 40424 EL ESPINAR (SEGOVIA),True,True,
7344834UL9174S,7344834,UL9174S,40.776188,-4.214528,2204.0,EL ESPINAR,Residencial,AV,BRUSELAS,345,AV BRUSELAS 345 Es:1 Pl:00 Pt:01 40400 EL ESPINAR (SEGOVIA),True,True,
7344835UL9174S,7344835,UL9174S,40.776409,-4.214046,2135.0,EL ESPINAR,Residencial,AV,BRUSELAS,346,AV BRUSELAS 346 Es:1 Pl:00 Pt:01 40400 EL ESPINAR (SEGOVIA),True,True,
7344836UL9174S,7344836,UL9174S,40.776571,-4.213521,2248.0,EL ESPINAR,Residencial,AV,BRUSELAS,347,AV BRUSELAS 347 Es:1 Pl:00 Pt:01 40400 EL ESPINAR (SEGOVIA),True,True,
7344837UL9174S,7344837,UL9174S,40.776745,-4.213,1873.0,EL ESPINAR,Residencial,AV,BRUSELAS,348,AV BRUSELAS 348 40424 EL ESPINAR (SEGOVIA),True,True,
7344838UL9174S,7344838,UL9174S,40.776816,-4.212267,1167.0,EL ESPINAR,Residencial,AV,BRUSELAS,349,AV BRUSELAS 349(B) 40424 EL ESPINAR (SEGOVIA),True,True,
7344839UL9174S,7344839,UL9174S,40.776824,-4.211833,2223.0,EL ESPINAR,"Obras de urbanización y jardineria, suelos sin edificar",AV,BRUSELAS,350,AV BRUSELAS 350 Suelo 40400 EL ESPINAR (SEGOVIA),False,False,
7344840UL9174S,7344840,UL9174S,40.776856,-4.211182,3202.0,EL ESPINAR,Residencial,AV,BRUSELAS,351,AV BRUSELAS 351 Es:1 Pl:00 Pt:01 40400 EL ESPINAR (SEGOVIA),True,True,
7344842UL9174S,7344842,UL9174S,40.776959,-4.210008,1629.0,EL ESPINAR,"Obras de urbanización y jardineria, suelos sin edificar",CL,BELGICA,355,CL BELGICA 355 Suelo 40400 EL ESPINAR (SEGOVIA),False,False,
7344843UL9174S,7344843,UL9174S,40.776988,-4.209543,2024.0,EL ESPINAR,Residencial,CL,BELGICA,353,CL BELGICA 353 40400 EL ESPINAR (SEGOVIA),True,True,
7344844UL9174S,7344844,UL9174S,40.776507,-4.209722,2419.0,EL ESPINAR,Residencial,AV,FRANCIA,354,AV FRANCIA 354 Es:1 Pl:00 Pt:01 40400 EL ESPINAR (SEGOVIA),True,True,
7344845UL9174S,7344845,UL9174S,40.776167,-4.210548,3290.0,EL ESPINAR,Residencial,AV,FRANCIA,356,AV FRANCIA 356 Es:1 Pl:00 Pt:01 40400 EL ESPINAR (SEGOVIA),True,True,
7344847UL9174S,7344847,UL9174S,40.775972,-4.211531,1428.0,EL ESPINAR,Residencial,AV,FRANCIA,359,AV FRANCIA 359 Es:1 Pl:00 Pt:01 40400 EL ESPINAR (SEGOVIA),True,True,
7344850UL9174S,7344850,UL9174S,40.776025,-4.213039,867.0,EL ESPINAR,Residencial,AV,FRANCIA,363,AV FRANCIA 363 40400 EL ESPINAR (SEGOVIA),True,True,
7344851UL9174S,7344851,UL9174S,40.775979,-4.213307,1308.0,EL ESPINAR,Residencial,AV,FRANCIA,364,AV FRANCIA 364 Es:1 Pl:01 Pt:01 40400 EL ESPINAR (SEGOVIA),True,True,
7344852UL9174S,7344852,UL9174S,40.775882,-4.213656,1799.0,EL ESPINAR,Residencial,AV,FRANCIA,365,AV FRANCIA 365 40400 EL ESPINAR (SEGOVIA),True,True,
7344853UL9174S,7344853,UL9174S,40.775701,-4.213925,1596.0,EL ESPINAR,"Obras de urbanización y jardineria, suelos sin edificar",AV,FRANCIA,366,AV FRANCIA 366 Suelo 40400 EL ESPINAR (SEGOVIA),False,False,
7344855UL9174S,7344855,UL9174S,40.775255,-4.214932,1684.0,EL ESPINAR,"Obras de urbanización y jardineria, suelos sin edificar",AV,FRANCIA,368,AV FRANCIA 368 Suelo 40400 EL ESPINAR (SEGOVIA),False,False,
7344856UL9174S,7344856,UL9174S,40.775104,-4.215388,2627.0,EL ESPINAR,"Obras de urbanización y jardineria, suelos sin edificar",AV,FRANCIA,369,AV FRANCIA 369 Suelo 40400 EL ESPINAR (SEGOVIA),False,False,
7344857UL9174S,7344857,UL9174S,40.774804,-4.21577,2496.0,EL ESPINAR,Residencial,AV,FRANCIA,370,AV FRANCIA 370 Es:1 Pl:00 Pt:01 40400 EL ESPINAR (SEGOVIA),True,True,
7344858UL9174S,7344858,UL9174S,40.77433,-4.215782,2107.0,EL ESPINAR,"Obras de urbanización y jardineria, suelos sin edificar",AV,FRANCIA,371,AV FRANCIA 371 Suelo 40400 EL ESPINAR (SEGOVIA),False,False,
7344859UL9174S,7344859,UL9174S,40.773911,-4.215877,2947.0,EL ESPINAR,Residencial,AV,FRANCIA,372,AV FRANCIA 372 Es:1 Pl:00 Pt:01 40400 EL ESPINAR (SEGOVIA),True,True,
7344860UL9174S,7344860,UL9174S,40.773676,-4.216352,3049.0,EL ESPINAR,"Obras de urbanización y jardineria, suelos sin edificar",AV,FRANCIA,373,AV FRANCIA 373 Suelo 40400 EL ESPINAR (SEGOVIA),False,False,
7344861UL9174S,7344861,UL9174S,40.773452,-4.216911,3508.0,EL ESPINAR,Residencial,AV,FRANCIA,374,AV FRANCIA 374 Es:1 Pl:00 Pt:01 40400 EL ESPINAR (SEGOVIA),True,True,
7344862UL9174S,7344862,UL9174S,40.773128,-4.217195,1609.0,EL ESPINAR,Residencial,AV,FRANCIA,375,AV FRANCIA 375(A) 40400 EL ESPINAR (SEGOVIA),True,True,
7344863UL9174S,7344863,UL9174S,40.772641,-4.217313,1548.0,EL ESPINAR,Residencial,AV,FRANCIA,375,AV FRANCIA 375 N2-376(C) 40400 EL ESPINAR (SEGOVIA),True,True,
7344864UL9174S,7344864,UL9174S,40.772262,-4.21698,1170.0,EL ESPINAR,"Obras de urbanización y jardineria, suelos sin edificar",AV,FRANCIA,377,AV FRANCIA 377 Suelo 40400 EL ESPINAR (SEGOVIA),False,False,
7344865UL9174S,7344865,UL9174S,40.772075,-4.216806,883.0,EL ESPINAR,"Obras de urbanización y jardineria, suelos sin edificar",AV,FRANCIA,378,AV FRANCIA 378(A) Suelo 40400 EL ESPINAR (SEGOVIA),False,False,
7344866UL9174S,7344866,UL9174S,40.771734,-4.216508,847.0,EL ESPINAR,Residencial,AV,FRANCIA,379,AV FRANCIA 379(A) 40400 EL ESPINAR (SEGOVIA),True,True,
7344867UL9174S,7344867,UL9174S,40.771535,-4.216851,1921.0,EL ESPINAR,Residencial,CL,PARIS,380,CL PARIS 380 Es:1 Pl:01 Pt:01 40400 EL ESPINAR (SEGOVIA),True,True,
7344868UL9174S,7344868,UL9174S,40.771355,-4.217196,1763.0,EL ESPINAR,"Obras de urbanización y jardineria, suelos sin edificar",CL,PARIS,381,CL PARIS 381 Suelo 40400 EL ESPINAR (SEGOVIA),False,False,
7344869UL9174S,7344869,UL9174S,40.771172,-4.217414,1107.0,EL ESPINAR,Residencial,CL,PARIS,382,CL PARIS 382(A) 40400 EL ESPINAR (SEGOVIA),True,True,
7344870UL9174S,7344870,UL9174S,40.770857,-4.217818,1885.0,EL ESPINAR,Residencial,CL,PARIS,384,CL PARIS 384 Es:1 Pl:00 Pt:01 40400 EL ESPINAR (SEGOVIA),True,True,
7344871UL9174S,7344871,UL9174S,40.770634,-4.218127,1983.0,EL ESPINAR,Residencial,CL,PARIS,385,CL PARIS 385 Es:1 Pl:00 Pt:01 40400 EL ESPINAR (SEGOVIA),True,True,
7344872UL9174S,7344872,UL9174S,40.770415,-4.218431,1926.0,EL ESPINAR,Residencial,CL,PARIS,386,CL PARIS 386 Es:1 Pl:00 Pt:01 40400 EL ESPINAR (SEGOVIA),True,True,
7344873UL9174S,7344873,UL9174S,40.77021,-4.21872,1990.0,EL ESPINAR,Residencial,CL,PARIS,387,CL PARIS 387 40400 EL ESPINAR (SEGOVIA),True,True,
7344874UL9174S,7344874,UL9174S,40.770011,-4.218978,1829.0,EL ESPINAR,"Obras de urbanización y jardineria, suelos sin edificar",CL,PARIS,388,CL PARIS 388 Suelo 40400 EL ESPINAR (SEGOVIA),False,False,
7344875UL9174S,7344875,UL9174S,40.769813,-4.219242,2039.0,EL ESPINAR,Residencial,CL,PARIS,389,CL PARIS 389 40400 EL ESPINAR (SEGOVIA),True,True,
7344876UL9174S,7344876,UL9174S,40.769606,-4.219513,2048.0,EL ESPINAR,Residencial,CL,PARIS,390,CL PARIS 390 40400 EL ESPINAR (SEGOVIA),True,True,
7344877UL9174S,7344877,UL9174S,40.769415,-4.219772,1865.0,EL ESPINAR,"Obras de urbanización y jardineria, suelos sin edificar",CL,PARIS,391,CL PARIS 391 Suelo 40400 EL ESPINAR (SEGOVIA),False,False,
7344878UL9174S,7344878,UL9174S,40.769232,-4.220024,1990.0,EL ESPINAR,"Obras de urbanización y jardineria, suelos sin edificar",CL,PARIS,392,CL PARIS 392 Suelo 40400 EL ESPINAR (SEGOVIA),False,False,
7344879UL9174S,7344879,UL9174S,40.769042,-4.220279,2114.0,EL ESPINAR,Residencial,CL,PARIS,393,CL PARIS 393 40400 EL ESPINAR (SEGOVIA),True,True,
7344881UL9174S,7344881,UL9174S,40.769337,-4.224257,794.0,EL ESPINAR,Residencial,CL,MEJICO,661,CL MEJICO 661(B) 40400 EL ESPINAR (SEGOVIA),True,True,
7344882UL9174S,7344882,UL9174S,40.769431,-4.224463,803.0,EL ESPINAR,Residencial,CL,MEJICO,661,CL MEJICO 661(A) 40400 EL ESPINAR (SEGOVIA),True,True,
7344883UL9174S,7344883,UL9174S,40.769534,-4.224676,820.0,EL ESPINAR,Residencial,CL,MEJICO,660,CL MEJICO 660 40400 EL ESPINAR (SEGOVIA),True,True,
7344884UL9174S,7344884,UL9174S,40.76963,-4.224908,822.0,EL ESPINAR,Residencial,CL,MEJICO,659,CL MEJICO 659 40400 EL ESPINAR (SEGOVIA),True,True,
7344885UL9174S,7344885,UL9174S,40.769752,-4.225435,996.0,EL ESPINAR,Residencial,CL,MEJICO,657,CL MEJICO 657 40400 EL ESPINAR (SEGOVIA),True,True,
7344886UL9174S,7344886,UL9174S,40.769765,-4.225724,960.0,EL ESPINAR,Residencial,CL,MEJICO,656,CL MEJICO 656 40400 EL ESPINAR (SEGOVIA),True,True,
7344887UL9174S,7344887,UL9174S,40.769741,-4.226264,1015.0,EL ESPINAR,Residencial,CL,MEJICO,654,CL MEJICO 654 40400 EL ESPINAR (SEGOVIA),True,True,
7344897UL9174S,7344897,UL9174S,40.769401,-4.229326,815.0,EL ESPINAR,Residencial,CL,MEJICO,641,CL MEJICO 641 40400 EL ESPINAR (SEGOVIA),True,True,
7344899UL9174S,7344899,UL9174S,40.776384,-4.211912,43.0,EL ESPINAR,Industrial,AV,FRANCIA,350,AV FRANCIA 350(A) Es:1 Pl:00 Pt:01 40400 EL ESPINAR (SEGOVIA),False,False,
73448A0UL9174S,73448A0,UL9174S,40.776383,-4.211762,65.0,EL ESPINAR,Industrial,AV,FRANCIA,350,AV FRANCIA 350(B) Es:1 Pl:00 Pt:01 40400 EL ESPINAR (SEGOVIA),False,False,
73448A1UL9174S,73448A1,UL9174S,40.775884,-4.215885,1140.0,EL ESPINAR,"Obras de urbanización y jardineria, suelos sin edificar",AV,BRUSELAS,343,AV BRUSELAS 343(B) Suelo 40424 EL ESPINAR (SEGOVIA),False,False,
73448A9UL9174S,73448A9,UL9174S,40.770118,-4.226457,773.0,EL ESPINAR,"Obras de urbanización y jardineria, suelos sin edificar",CL,VENEZUELA,688,CL VENEZUELA 688 Suelo 40400 EL ESPINAR (SEGOVIA),False,False,
73448B0UL9174S,73448B0,UL9174S,40.770141,-4.22624,825.0,EL ESPINAR,Residencial,CL,VENEZUELA,687,CL VENEZUELA 687 40400 EL ESPINAR (SEGOVIA),True,True,
73448B1UL9174S,73448B1,UL9174S,40.770141,-4.226012,765.0,EL ESPINAR,Residencial,CL,VENEZUELA,686,CL VENEZUELA 686 40400 EL ESPINAR (SEGOVIA),True,True,
73448B2UL9174S,73448B2,UL9174S,40.770125,-4.225774,760.0,EL ESPINAR,"Obras de urbanización y jardineria, suelos sin edificar",CL,VENEZUELA,685,CL VENEZUELA 685 Suelo 40400 EL ESPINAR (SEGOVIA),False,False,
73448B3UL9174S,73448B3,UL9174S,40.770103,-4.225528,753.0,EL ESPINAR,"Obras de urbanización y jardineria, suelos sin edificar",CL,VENEZUELA,684,CL VENEZUELA 684 Suelo 40400 EL ESPINAR (SEGOVIA),False,False,
73448B4UL9174S,73448B4,UL9174S,40.770081,-4.225282,763.0,EL ESPINAR,"Obras de urbanización y jardineria, suelos sin edificar",CL,VENEZUELA,683,CL VENEZUELA 683(A) Suelo 40400 EL ESPINAR (SEGOVIA),False,False,
73448B7UL9174S,73448B7,UL9174S,40.769704,-4.225156,809.0,EL ESPINAR,Residencial,CL,MEJICO,658,CL MEJICO 658 40400 EL ESPINAR (SEGOVIA),True,True,
73448B8UL9174S,73448B8,UL9174S,40.769762,-4.225993,1038.0,EL ESPINAR,Residencial,CL,MEJICO,655,CL MEJICO 655 40400 EL ESPINAR (SEGOVIA),True,True,
73448C6UL9174S,73448C6,UL9174S,40.771036,-4.217583,1066.0,EL ESPINAR,Residencial,CL,PARIS,382,CL PARIS 382(B) 40400 EL ESPINAR (SEGOVIA),True,True,
73448D1UL9174S,73448D1,UL9174S,40.775323,-4.21461,1026.0,EL ESPINAR,"Obras de urbanización y jardineria, suelos sin edificar",AV,FRANCIA,367,AV FRANCIA 367(C) Suelo 40400 EL ESPINAR (SEGOVIA),False,False,
73448D2UL9174S,73448D2,UL9174S,40.775396,-4.214378,1274.0,EL ESPINAR,Residencial,AV,FRANCIA,367,AV FRANCIA 367(B) 40400 EL ESPINAR (SEGOVIA),True,True,
73448D3UL9174S,73448D3,UL9174S,40.775544,-4.214178,1574.0,EL ESPINAR,Residencial,AV,FRANCIA,367,AV FRANCIA 367(A) 40400 EL ESPINAR (SEGOVIA),True,True,
73448D4UL9174S,73448D4,UL9174S,40.776806,-4.212577,1104.0,EL ESPINAR,Residencial,AV,BRUSELAS,349,AV BRUSELAS 349(A) 40400 EL ESPINAR (SEGOVIA),True,True,
73448D5UL9174S,73448D5,UL9174S,40.775647,-4.217714,1657.0,EL ESPINAR,"Obras de urbanización y jardineria, suelos sin edificar",AV,BRUSELAS,339,AV BRUSELAS 339(A) Suelo 40400 EL ESPINAR (SEGOVIA),False,False,
73448D6UL9174S,73448D6,UL9174S,40.775479,-4.218018,2485.0,EL ESPINAR,"Obras de urbanización y jardineria, suelos sin edificar",AV,BRUSELAS,339,AV BRUSELAS 339(B) Suelo 40400 EL ESPINAR (SEGOVIA),False,False,
73448D7UL9178S,73448D7,UL9178S,40.768668,-4.220399,1066.0,EL ESPINAR,Residencial,CL,MEJICO,394,CL MEJICO 394(C) 40400 EL ESPINAR (SEGOVIA),True,True,
73448D8UL9178S,73448D8,UL9178S,40.768796,-4.22059,852.0,EL ESPINAR,Residencial,CL,MEJICO,394,CL MEJICO 394(B) 40400 EL ESPINAR (SEGOVIA),True,True,
73448D9UL9178S,73448D9,UL9178S,40.768908,-4.220748,798.0,EL ESPINAR,Residencial,CL,MEJICO,394,CL MEJICO 394(A) 40400 EL ESPINAR (SEGOVIA),True,True,
73448E0UL9174S,73448E0,UL9174S,40.772324,-4.21939,930.0,EL ESPINAR,Residencial,CL,VENEZUELA,672,CL VENEZUELA 672(A) 40400 EL ESPINAR (SEGOVIA),True,True,
73448E1UL9174S,73448E1,UL9174S,40.772135,-4.21947,913.0,EL ESPINAR,Residencial,CL,VENEZUELA,672,CL VENEZUELA 672(B) 40400 EL ESPINAR (SEGOVIA),True,True,
73448E2UL9174S,73448E2,UL9174S,40.771946,-4.219547,894.0,EL ESPINAR,Residencial,CL,VENEZUELA,672,CL VENEZUELA 672(C) 40400 EL ESPINAR (SEGOVIA),True,True,
73448E3UL9174S,73448E3,UL9174S,40.771756,-4.219624,874.0,EL ESPINAR,Residencial,CL,VENEZUELA,672,CL VENEZUELA 672(D) 40400 EL ESPINAR (SEGOVIA),True,True,
73448E4UL9174S,73448E4,UL9174S,40.771567,-4.219703,845.0,EL ESPINAR,Residencial,CL,VENEZUELA,672,CL VENEZUELA 672(E) 40400 EL ESPINAR (SEGOVIA),True,True,
73448E8UL9174S,73448E8,UL9174S,40.770027,-4.225053,770.0,EL ESPINAR,"Obras de urbanización y jardineria, suelos sin edificar",CL,VENEZUELA,683,CL VENEZUELA 683(B) Suelo 40400 EL ESPINAR (SEGOVIA),False,False,
73448E9UL9174S,73448E9,UL9174S,40.769961,-4.224827,769.0,EL ESPINAR,"Obras de urbanización y jardineria, suelos sin edificar",CL,VENEZUELA,683,CL VENEZUELA 683(C) Suelo 40400 EL ESPINAR (SEGOVIA),False,False,
73448F0UL9174S,73448F0,UL9174S,40.769873,-4.224601,752.0,EL ESPINAR,"Obras de urbanización y jardineria, suelos sin edificar",CL,VENEZUELA,683,CL VENEZUELA 683(D) Suelo 40400 EL ESPINAR (SEGOVIA),False,False,
73448F1UL9174S,73448F1,UL9174S,40.769779,-4.224375,773.0,EL ESPINAR,"Obras de urbanización y jardineria, suelos sin edificar",CL,VENEZUELA,683,CL VENEZUELA 683(E) Suelo 40400 EL ESPINAR (SEGOVIA),False,False,
73448F2UL9174S,73448F2,UL9174S,40.769686,-4.224137,869.0,EL ESPINAR,"Obras de urbanización y jardineria, suelos sin edificar",CL,VENEZUELA,683,CL VENEZUELA 683(F) Suelo 40400 EL ESPINAR (SEGOVIA),False,False,
73448F3UL9174S,73448F3,UL9174S,40.769626,-4.223827,1144.0,EL ESPINAR,"Obras de urbanización y jardineria, suelos sin edificar",CL,VENEZUELA,683,CL VENEZUELA 683(G) Suelo 40400 EL ESPINAR (SEGOVIA),False,False,
73448F4UL9174S,73448F4,UL9174S,40.769667,-4.223488,829.0,EL ESPINAR,"Obras de urbanización y jardineria, suelos sin edificar",CL,VENEZUELA,682,CL VENEZUELA 682(A) Suelo 40400 EL ESPINAR (SEGOVIA),False,False,
73448F5UL9174S,73448F5,UL9174S,40.7697,-4.223156,843.0,EL ESPINAR,"Obras de urbanización y jardineria, suelos sin edificar",CL,VENEZUELA,682,CL VENEZUELA 682(B) Suelo 40400 EL ESPINAR (SEGOVIA),False,False,
73448F6UL9174S,73448F6,UL9174S,40.769732,-4.222815,888.0,EL ESPINAR,"Obras de urbanización y jardineria, suelos sin edificar",CL,VENEZUELA,682,CL VENEZUELA 682(C) Suelo 40400 EL ESPINAR (SEGOVIA),False,False,
73448F7UL9174S,73448F7,UL9174S,40.769763,-4.222496,795.0,EL ESPINAR,"Obras de urbanización y jardineria, suelos sin edificar",CL,VENEZUELA,682,CL VENEZUELA 682(D) Suelo 40400 EL ESPINAR (SEGOVIA),False,False,
73448F8UL9174S,73448F8,UL9174S,40.769801,-4.222204,842.0,EL ESPINAR,"Obras de urbanización y jardineria, suelos sin edificar",CL,VENEZUELA,682,CL VENEZUELA 682(E) Suelo 40400 EL ESPINAR (SEGOVIA),False,False,
73448F9UL9174S,73448F9,UL9174S,40.769858,-4.221917,965.0,EL ESPINAR,"Obras de urbanización y jardineria, suelos sin edificar",CL,VENEZUELA,682,CL VENEZUELA 682(F) Suelo 40400 EL ESPINAR (SEGOVIA),False,False,
73448G0UL9174S,73448G0,UL9174S,40.769929,-4.221687,945.0,EL ESPINAR,"Obras de urbanización y jardineria, suelos sin edificar",CL,VENEZUELA,682,CL VENEZUELA 682(G) Suelo 40400 EL ESPINAR (SEGOVIA),False,False,
73448G1UL9174S,73448G1,UL9174S,40.76928,-4.224042,789.0,EL ESPINAR,Residencial,CL,MEJICO,661,CL MEJICO 661(C) 40400 EL ESPINAR (SEGOVIA),True,True,
73448G2UL9174S,73448G2,UL9174S,40.769331,-4.223779,813.0,EL ESPINAR,Residencial,CL,MEJICO,661,CL MEJICO 661(D) 40400 EL ESPINAR (SEGOVIA),True,True,
73448G3UL9174S,73448G3,UL9174S,40.769419,-4.223424,800.0,EL ESPINAR,Residencial,CL,MEJICO,661,CL MEJICO 661(E) 40400 EL ESPINAR (SEGOVIA),True,True,
73448G4UL9174S,73448G4,UL9174S,40.769455,-4.223048,820.0,EL ESPINAR,"Obras de urbanización y jardineria, suelos sin edificar",CL,MEJICO,661,CL MEJICO 661(F) Suelo 40400 EL ESPINAR (SEGOVIA),False,False,
73448G5UL9174S,73448G5,UL9174S,40.769452,-4.222722,809.0,EL ESPINAR,"Obras de urbanización y jardineria, suelos sin edificar",CL,MEJICO,661,CL MEJICO 661(G) Suelo 40400 EL ESPINAR (SEGOVIA),False,False,
73448G6UL9174S,73448G6,UL9174S,40.769447,-4.222453,806.0,EL ESPINAR,"Obras de urbanización y jardineria, suelos sin edificar",CL,MEJICO,662,CL MEJICO 662(A) Suelo 40400 EL ESPINAR (SEGOVIA),False,False,
73448G7UL9174S,73448G7,UL9174S,40.769442,-4.222216,811.0,EL ESPINAR,"Obras de urbanización y jardineria, suelos sin edificar",CL,MEJICO,662,CL MEJICO 662(B) Suelo 40400 EL ESPINAR (SEGOVIA),False,False,
73448G8UL9174S,73448G8,UL9174S,40.769453,-4.221992,930.0,EL ESPINAR,"Obras de urbanización y jardineria, suelos sin edificar",CL,MEJICO,662,CL MEJICO 662(C) Suelo 40400 EL ESPINAR (SEGOVIA),False,False,
73448G9UL9174S,73448G9,UL9174S,40.769487,-4.221706,1630.0,EL ESPINAR,"Obras de urbanización y jardineria, suelos sin edificar",CL,MEJICO,662,CL MEJICO 662(D) Suelo 40400 EL ESPINAR (SEGOVIA),False,False,
73448H0UL9174S,73448H0,UL9174S,40.769366,-4.221342,2005.0,EL ESPINAR,"Obras de urbanización y jardineria, suelos sin edificar",CL,MEJICO,662,CL MEJICO 662(E) Suelo 40400 EL ESPINAR (SEGOVIA),False,False,
73448H1UL9174S,73448H1,UL9174S,40.769162,-4.221085,925.0,EL ESPINAR,"Obras de urbanización y jardineria, suelos sin edificar",CL,MEJICO,662,CL MEJICO 662(F) Suelo 40400 EL ESPINAR (SEGOVIA),False,False,
73448H2UL9174S,73448H2,UL9174S,40.769034,-4.220907,958.0,EL ESPINAR,"Obras de urbanización y jardineria, suelos sin edificar",CL,MEJICO,662,CL MEJICO 662(G) Suelo 40400 EL ESPINAR (SEGOVIA),False,False,
73448H3UL9174S,73448H3,UL9174S,40.769592,-4.225594,19.0,EL ESPINAR,"Obras de urbanización y jardineria, suelos sin edificar",CL,MEJICO,657,CL MEJICO 657(D) Suelo 40400 EL ESPINAR (SEGOVIA),False,False,
73448H4UL9174S,73448H4,UL9174S,40.776053,-4.212331,2600.0,EL ESPINAR,Residencial,AV,FRANCIA,361,AV FRANCIA 361 40400 EL ESPINAR (SEGOVIA),True,True,
73448H5UL9174S,73448H5,UL9174S,40.775969,-4.211866,919.0,EL ESPINAR,"Obras de urbanización y jardineria, suelos sin edificar",AV,FRANCIA,360,AV FRANCIA 360 Suelo EL ESPINAR (SEGOVIA),False,False,
73448H6UL9174S,73448H6,UL9174S,40.769988,-4.221513,829.0,EL ESPINAR,"Obras de urbanización y jardineria, suelos sin edificar",CL,PANAMA,681,CL PANAMA 681(A) Suelo 40400 EL ESPINAR (SEGOVIA),False,False,
73448H7UL9174S,73448H7,UL9174S,40.770054,-4.221372,832.0,EL ESPINAR,"Obras de urbanización y jardineria, suelos sin edificar",CL,PANAMA,681,CL PANAMA 681(B) Suelo 40400 EL ESPINAR (SEGOVIA),False,False,
73448H8UL9174S,73448H8,UL9174S,40.770113,-4.221224,915.0,EL ESPINAR,"Obras de urbanización y jardineria, suelos sin edificar",CL,PANAMA,681,CL PANAMA 681(C) Suelo 40400 EL ESPINAR (SEGOVIA),False,False,
73448H9UL9174S,73448H9,UL9174S,40.770168,-4.221053,1038.0,EL ESPINAR,"Obras de urbanización y jardineria, suelos sin edificar",CL,PANAMA,681,CL PANAMA 681(D) Suelo 40400 EL ESPINAR (SEGOVIA),False,False,
73448J0UL9174S,73448J0,UL9174S,40.770221,-4.220847,1123.0,EL ESPINAR,"Obras de urbanización y jardineria, suelos sin edificar",CL,PANAMA,681,CL PANAMA 681(E) Suelo 40400 EL ESPINAR (SEGOVIA),False,False,
73448J1UL9174S,73448J1,UL9174S,40.770273,-4.220591,1193.0,EL ESPINAR,"Obras de urbanización y jardineria, suelos sin edificar",CL,PANAMA,681,CL PANAMA 681(F) Suelo 40400 EL ESPINAR (SEGOVIA),False,False,
73448J2UL9174S,73448J2,UL9174S,40.770354,-4.220298,1196.0,EL ESPINAR,"Obras de urbanización y jardineria, suelos sin edificar",CL,PANAMA,681,CL PANAMA 681(G) Suelo 40400 EL ESPINAR (SEGOVIA),False,False,
73448J3UL9174S,73448J3,UL9174S,40.770497,-4.219989,1245.0,EL ESPINAR,"Obras de urbanización y jardineria, suelos sin edificar",CL,PANAMA,681,CL PANAMA 681(H) Suelo 40400 EL ESPINAR (SEGOVIA),False,False,
73448J4UL9174S,73448J4,UL9174S,40.775297,-4.218275,846.0,EL ESPINAR,"Obras de urbanización y jardineria, suelos sin edificar",AV,BRUSELAS,663,AV BRUSELAS 663(B) Suelo 40424 EL ESPINAR (SEGOVIA),False,False,
73448Z0UL9174S,73448Z0,UL9174S,40.776131,-4.212816,1534.0,EL ESPINAR,Residencial,AV,FRANCIA,362,AV FRANCIA 362 40400 EL ESPINAR (SEGOVIA),True,True,
73448Z1UL9174S,73448Z1,UL9174S,40.772888,-4.217306,1466.0,EL ESPINAR,Residencial,AV,FRANCIA,375,AV FRANCIA 375(B) N2-376 40400 EL ESPINAR (SEGOVIA),True,True,
73448Z2UL9174S,73448Z2,UL9174S,40.775264,-4.217763,112532.0,EL ESPINAR,Industrial,CL,PANAMA,680,CL PANAMA 680 40400 EL ESPINAR (SEGOVIA),False,False,
73448Z4UL9174S,73448Z4,UL9174S,40.771567,-4.216354,860.0,EL ESPINAR,Residencial,AV,FRANCIA,379,AV FRANCIA 379(B) 40400 EL ESPINAR (SEGOVIA),True,True,
73448Z5UL9174S,73448Z5,UL9174S,40.772443,-4.217143,866.0,EL ESPINAR,"Obras de urbanización y jardineria, suelos sin edificar",AV,FRANCIA,376,AV FRANCIA 376(B) Suelo 40400 EL ESPINAR (SEGOVIA),False,False,
73448Z6UL9174S,73448Z6,UL9174S,40.776896,-4.210684,981.0,EL ESPINAR,"Obras de urbanización y jardineria, suelos sin edificar",CL,BELGICA,352,CL BELGICA 352(A) Suelo 40400 EL ESPINAR (SEGOVIA),False,False,
73448Z7UL9174S,73448Z7,UL9174S,40.776914,-4.210447,981.0,EL ESPINAR,"Obras de urbanización y jardineria, suelos sin edificar",CL,BELGICA,352,CL BELGICA 352(B) Suelo 40400 EL ESPINAR (SEGOVIA),False,False,
73448Z8UL9174S,73448Z8,UL9174S,40.771905,-4.216656,883.0,EL ESPINAR,Residencial,AV,FRANCIA,378,AV FRANCIA 378(B) 40400 EL ESPINAR (SEGOVIA),True,True,
7348901UL9174N,7348901,UL9174N,40.774717,-4.220278,1150.0,EL ESPINAR,Residencial,CL,BELGICA,800,CL BELGICA 800 40400 EL ESPINAR (SEGOVIA),True,True,
7348902UL9174N,7348902,UL9174N,40.775027,-4.220088,1273.0,EL ESPINAR,Residencial,CL,BELGICA,799,CL BELGICA 799 40400 EL ESPINAR (SEGOVIA),True,True,
7348903UL9174N,7348903,UL9174N,40.775274,-4.219966,1181.0,EL ESPINAR,Residencial,CL,BELGICA,798,CL BELGICA 798 40400 EL ESPINAR (SEGOVIA),True,True,
7348904UL9174N,7348904,UL9174N,40.775479,-4.219773,1532.0,EL ESPINAR,"Obras de urbanización y jardineria, suelos sin edificar",CL,BELGICA,797,CL BELGICA 797 Suelo 40400 EL ESPINAR (SEGOVIA),False,False,
7348905UL9174N,7348905,UL9174N,40.77573,-4.219605,1826.0,EL ESPINAR,Residencial,CL,BELGICA,796,CL BELGICA 796 Es:1 Pl:00 Pt:01 40400 EL ESPINAR (SEGOVIA),True,True,
7348906UL9174N,7348906,UL9174N,40.77601,-4.219436,1623.0,EL ESPINAR,Residencial,CL,BELGICA,795,CL BELGICA 795 Es:1 Pl:00 Pt:01 40400 EL ESPINAR (SEGOVIA),True,True,
7348907UL9174N,7348907,UL9174N,40.776208,-4.219114,1611.0,EL ESPINAR,Residencial,CL,BELGICA,794,CL BELGICA 794 Es:1 Pl:00 Pt:01 40400 EL ESPINAR (SEGOVIA),True,True,
7348908UL9174N,7348908,UL9174N,40.77638,-4.218816,1627.0,EL ESPINAR,"Obras de urbanización y jardineria, suelos sin edificar",CL,BELGICA,325,CL BELGICA 325 Suelo 40400 EL ESPINAR (SEGOVIA),False,False,
7348909UL9174N,7348909,UL9174N,40.776498,-4.218503,1576.0,EL ESPINAR,"Obras de urbanización y jardineria, suelos sin edificar",CL,BELGICA,326,CL BELGICA 326 Suelo 40400 EL ESPINAR (SEGOVIA),False,False,
7348910UL9174N,7348910,UL9174N,40.77658,-4.218201,1376.0,EL ESPINAR,Residencial,CL,BELGICA,327,CL BELGICA 327 40400 EL ESPINAR (SEGOVIA),True,True,
7348911UL9174N,7348911,UL9174N,40.776614,-4.21783,1662.0,EL ESPINAR,Residencial,CL,BELGICA,328,CL BELGICA 328 40400 EL ESPINAR (SEGOVIA),True,True,
7348912UL9174N,7348912,UL9174N,40.776636,-4.217403,1476.0,EL ESPINAR,Residencial,CL,BELGICA,329,CL BELGICA 329 Es:1 Pl:00 Pt:01 40400 EL ESPINAR (SEGOVIA),True,True,
7348913UL9174N,7348913,UL9174N,40.776664,-4.216987,1352.0,EL ESPINAR,Residencial,CL,BELGICA,330,CL BELGICA 330 40400 EL ESPINAR (SEGOVIA),True,True,
7348914UL9174N,7348914,UL9174N,40.776668,-4.216571,1225.0,EL ESPINAR,Residencial,CL,BELGICA,331,CL BELGICA 331 Es:1 Pl:01 Pt:01 40400 EL ESPINAR (SEGOVIA),True,True,
7348915UL9174N,7348915,UL9174N,40.776643,-4.216194,976.0,EL ESPINAR,"Obras de urbanización y jardineria, suelos sin edificar",CL,BELGICA,332,CL BELGICA 332 Suelo 40400 EL ESPINAR (SEGOVIA),False,False,
7348916UL9174N,7348916,UL9174N,40.776623,-4.215783,1157.0,EL ESPINAR,Residencial,CL,BELGICA,333,CL BELGICA 333 Es:1 Pl:00 Pt:01 40400 EL ESPINAR (SEGOVIA),True,True,
7348917UL9174N,7348917,UL9174N,40.776645,-4.215367,1144.0,EL ESPINAR,Residencial,CL,BELGICA,334,CL BELGICA 334 40400 EL ESPINAR (SEGOVIA),True,True,
7348918UL9174N,7348918,UL9174N,40.776735,-4.214993,988.0,EL ESPINAR,"Obras de urbanización y jardineria, suelos sin edificar",CL,BELGICA,335,CL BELGICA 335 Suelo 40400 EL ESPINAR (SEGOVIA),False,False,
7348919UL9174N,7348919,UL9174N,40.776722,-4.214618,1353.0,EL ESPINAR,"Obras de urbanización y jardineria, suelos sin edificar",CL,BELGICA,336,CL BELGICA 336 Suelo 40400 EL ESPINAR (SEGOVIA),False,False,
7348920UL9174N,7348920,UL9174N,40.776864,-4.214144,2056.0,EL ESPINAR,Residencial,CL,BELGICA,337,CL BELGICA 337 Es:1 Pl:01 Pt:01 40400 EL ESPINAR (SEGOVIA),True,True,
7348922UL9174N,7348922,UL9174N,40.776344,-4.215285,1124.0,EL ESPINAR,Residencial,AV,BRUSELAS,315,AV BRUSELAS 315 Es:1 Pl:00 Pt:01 40400 EL ESPINAR (SEGOVIA),True,True,
7348923UL9174N,7348923,UL9174N,40.776319,-4.215764,1792.0,EL ESPINAR,Residencial,AV,BRUSELAS,316,AV BRUSELAS 316 Es:1 Pl:00 Pt:01 40424 EL ESPINAR (SEGOVIA),True,True,
7348924UL9174N,7348924,UL9174N,40.776355,-4.21624,1023.0,EL ESPINAR,Residencial,AV,BRUSELAS,317,AV BRUSELAS 317 Es:1 Pl:00 Pt:01 40424 EL ESPINAR (SEGOVIA),True,True,
7348925UL9174N,7348925,UL9174N,40.776355,-4.216614,1014.0,EL ESPINAR,Residencial,AV,BRUSELAS,318,AV BRUSELAS 318 Es:1 Pl:00 Pt:01 40400 EL ESPINAR (SEGOVIA),True,True,
7348926UL9174N,7348926,UL9174N,40.776319,-4.216984,1262.0,EL ESPINAR,"Obras de urbanización y jardineria, suelos sin edificar",AV,BRUSELAS,319,AV BRUSELAS 319 Suelo 40400 EL ESPINAR (SEGOVIA),False,False,
7348927UL9174N,7348927,UL9174N,40.77627,-4.217367,1317.0,EL ESPINAR,"Obras de urbanización y jardineria, suelos sin edificar",AV,BRUSELAS,320,AV BRUSELAS 320 Suelo 40400 EL ESPINAR (SEGOVIA),False,False,
7348928UL9174N,7348928,UL9174N,40.776215,-4.217748,1433.0,EL ESPINAR,Residencial,AV,BRUSELAS,321,AV BRUSELAS 321 Es:E Pl:00 Pt:01 40400 EL ESPINAR (SEGOVIA),True,True,
7348929UL9174N,7348929,UL9174N,40.776141,-4.218113,1344.0,EL ESPINAR,"Obras de urbanización y jardineria, suelos sin edificar",AV,BRUSELAS,323,AV BRUSELAS 323 Suelo 40400 EL ESPINAR (SEGOVIA),False,False,
7348930UL9174N,7348930,UL9174N,40.775977,-4.218471,2014.0,EL ESPINAR,"Obras de urbanización y jardineria, suelos sin edificar",AV,BRUSELAS,324,AV BRUSELAS 324 Suelo 40400 EL ESPINAR (SEGOVIA),False,False,
7348931UL9174N,7348931,UL9174N,40.775787,-4.218786,1909.0,EL ESPINAR,Residencial,AV,BRUSELAS,793,AV BRUSELAS 793 40424 EL ESPINAR (SEGOVIA),True,True,
7348932UL9174N,7348932,UL9174N,40.775545,-4.219021,2168.0,EL ESPINAR,Residencial,AV,BRUSELAS,792,AV BRUSELAS 792 40400 EL ESPINAR (SEGOVIA),True,True,
7348933UL9174N,7348933,UL9174N,40.775258,-4.219188,1848.0,EL ESPINAR,Residencial,AV,BRUSELAS,791,AV BRUSELAS 791 40400 EL ESPINAR (SEGOVIA),True,True,
7348934UL9174N,7348934,UL9174N,40.775042,-4.219446,1729.0,EL ESPINAR,"Obras de urbanización y jardineria, suelos sin edificar",AV,BRUSELAS,790,AV BRUSELAS 790 Suelo 40400 EL ESPINAR (SEGOVIA),False,False,
7348935UL9174N,7348935,UL9174N,40.774801,-4.219626,1700.0,EL ESPINAR,Residencial,AV,BRUSELAS,789,AV BRUSELAS 789 Es:1 Pl:00 Pt:01 40424 EL ESPINAR (SEGOVIA),True,True,
7348936UL9174N,7348936,UL9174N,40.774467,-4.219743,1128.0,EL ESPINAR,Residencial,AV,BRUSELAS,788,AV BRUSELAS 788(A) Es:1 Pl:00 Pt:01 40400 EL ESPINAR (SEGOVIA),True,True,
7348937UL9174N,7348937,UL9174N,40.774598,-4.220013,1150.0,EL ESPINAR,Residencial,CL,COSTA RICA-ANG.SAN RAF.,788,CL COSTA RICA-ANG.SAN RAF. 788(B) Es:1 Pl:00 Pt:01 40400 EL ESPINAR (SEGOVIA),True,True,
7348938UL9174N,7348938,UL9174N,40.776973,-4.213654,729.0,EL ESPINAR,Residencial,CL,BELGICA,338,CL BELGICA 338(A) 40400 EL ESPINAR (SEGOVIA),True,True,
7348939UL9174N,7348939,UL9174N,40.777035,-4.213272,747.0,EL ESPINAR,Residencial,CL,BELGICA,338,CL BELGICA 338(B) 40400 EL ESPINAR (SEGOVIA),True,True,
7348940UL9174N,7348940,UL9174N,40.776471,-4.214927,986.0,EL ESPINAR,"Obras de urbanización y jardineria, suelos sin edificar",AV,BRUSELAS,335,AV BRUSELAS 335(D) Suelo 40424 EL ESPINAR (SEGOVIA),False,False,
7350601UL9175S,7350601,UL9175S,40.778253,-4.21963,1401.0,EL ESPINAR,Residencial,AV,LOS ANGELES,269,AV LOS ANGELES 269 40424 EL ESPINAR (SEGOVIA),True,True,
7350602UL9175S,7350602,UL9175S,40.778176,-4.21929,1310.0,EL ESPINAR,"Obras de urbanización y jardineria, suelos sin edificar",CL,ROMA,270,CL ROMA 270 Suelo 40400 EL ESPINAR (SEGOVIA),False,False,
7350603UL9175S,7350603,UL9175S,40.778117,-4.218935,1280.0,EL ESPINAR,"Obras de urbanización y jardineria, suelos sin edificar",CL,ROMA,271,CL ROMA 271 Suelo 40400 EL ESPINAR (SEGOVIA),False,False,
7350604UL9175S,7350604,UL9175S,40.778066,-4.218579,1212.0,EL ESPINAR,Residencial,CL,ROMA,272,CL ROMA 272 Es:1 Pl:00 Pt:01 40400 EL ESPINAR (SEGOVIA),True,True,
7350605UL9175S,7350605,UL9175S,40.778101,-4.218138,780.0,EL ESPINAR,Residencial,CL,ROMA,273,CL ROMA 273 40400 EL ESPINAR (SEGOVIA),True,True,
7350606UL9175S,7350606,UL9175S,40.777937,-4.217797,971.0,EL ESPINAR,Residencial,CL,ROMA,274,CL ROMA 274 Es:1 Pl:00 Pt:01 40400 EL ESPINAR (SEGOVIA),True,True,
7350609UL9175S,7350609,UL9175S,40.777775,-4.216796,1341.0,EL ESPINAR,Residencial,CL,ROMA,277,CL ROMA 277 Es:1 Pl:00 Pt:01 40400 EL ESPINAR (SEGOVIA),True,True,
7350610UL9175S,7350610,UL9175S,40.777738,-4.216443,1462.0,EL ESPINAR,Residencial,CL,ROMA,278,CL ROMA 278 Es:1 Pl:00 Pt:01 40400 EL ESPINAR (SEGOVIA),True,True,
7350696UL9175S,7350696,UL9175S,40.777818,-4.217084,843.0,EL ESPINAR,Residencial,CL,ROMA,275,CL ROMA 275(C) 40400 EL ESPINAR (SEGOVIA),True,True,
7350697UL9175S,7350697,UL9175S,40.777856,-4.217311,842.0,EL ESPINAR,Residencial,CL,ROMA,275,CL ROMA 275(B) 40400 EL ESPINAR (SEGOVIA),True,True,
7350698UL9175S,7350698,UL9175S,40.777895,-4.217543,843.0,EL ESPINAR,Residencial,CL,ROMA,275,CL ROMA 275(A) 40400 EL ESPINAR (SEGOVIA),True,True,
7350699UL9175S,7350699,UL9175S,40.777919,-4.218193,918.0,EL ESPINAR,Residencial,AV,LOS ANGELES,273,AV LOS ANGELES 273(B) 40400 EL ESPINAR (SEGOVIA),True,True,
7450101UL9175S,7450101,UL9175S,40.778958,-4.219349,1261.0,EL ESPINAR,Residencial,CL,NAPOLES-ANG.SAN RAF.,279,CL NAPOLES-ANG.SAN RAF. 279 40400 EL ESPINAR (SEGOVIA),True,True,
7450102UL9175S,7450102,UL9175S,40.778875,-4.21891,1312.0,EL ESPINAR,Residencial,CL,NAPOLES-ANG.SAN RAF.,280,CL NAPOLES-ANG.SAN RAF. 280 Es:1 Pl:01 Pt:01 40400 EL ESPINAR (SEGOVIA),True,True,
7450103UL9175S,7450103,UL9175S,40.778794,-4.218444,1432.0,EL ESPINAR,Residencial,CL,NAPOLES-ANG.SAN RAF.,281,CL NAPOLES-ANG.SAN RAF. 281 40400 EL ESPINAR (SEGOVIA),True,True,
7450104UL9175S,7450104,UL9175S,40.778733,-4.217982,1243.0,EL ESPINAR,Residencial,CL,NAPOLES-ANG.SAN RAF.,282,CL NAPOLES-ANG.SAN RAF. 282 40400 EL ESPINAR (SEGOVIA),True,True,
7450105UL9175S,7450105,UL9175S,40.778654,-4.217548,1290.0,EL ESPINAR,Residencial,CL,NAPOLES-ANG.SAN RAF.,180,CL NAPOLES-ANG.SAN RAF. 180 Es:1 Pl:00 Pt:01 40400 EL ESPINAR (SEGOVIA),True,True,
7450106UL9175S,7450106,UL9175S,40.77857,-4.217092,1397.0,EL ESPINAR,Residencial,CL,NAPOLES-ANG.SAN RAF.,179,CL NAPOLES-ANG.SAN RAF. 179 40400 EL ESPINAR (SEGOVIA),True,True,
7450107UL9175S,7450107,UL9175S,40.778516,-4.216655,1152.0,EL ESPINAR,Residencial,CL,NAPOLES-ANG.SAN RAF.,178,CL NAPOLES-ANG.SAN RAF. 178 Es:1 Pl:00 Pt:01 40400 EL ESPINAR (SEGOVIA),True,True,
7450108UL9175S,7450108,UL9175S,40.77851,-4.216261,1027.0,EL ESPINAR,Residencial,CL,NAPOLES-ANG.SAN RAF.,177,CL NAPOLES-ANG.SAN RAF. 177 Es:1 Pl:00 Pt:01 40400 EL ESPINAR (SEGOVIA),True,True,
7450109UL9175S,7450109,UL9175S,40.778531,-4.215796,1459.0,EL ESPINAR,Residencial,CL,NAPOLES-ANG.SAN RAF.,176,CL NAPOLES-ANG.SAN RAF. 176 40400 EL ESPINAR (SEGOVIA),True,True,
7450110UL9175S,7450110,UL9175S,40.778217,-4.216221,1359.0,EL ESPINAR,Residencial,CL,ROMA,184,CL ROMA 184 Es:1 Pl:00 Pt:01 40400 EL ESPINAR (SEGOVIA),True,True,
7450111UL9175S,7450111,UL9175S,40.778206,-4.216672,1362.0,EL ESPINAR,"Obras de urbanización y jardineria, suelos sin edificar",CL,ROMA,183,CL ROMA 183 Suelo 40400 EL ESPINAR (SEGOVIA),False,False,
7450112UL9175S,7450112,UL9175S,40.778264,-4.217162,1526.0,EL ESPINAR,"Obras de urbanización y jardineria, suelos sin edificar",CL,ROMA,182,CL ROMA 182 Suelo 40400 EL ESPINAR (SEGOVIA),False,False,
7450113UL9175S,7450113,UL9175S,40.778354,-4.217645,1378.0,EL ESPINAR,Residencial,CL,ROMA,181,CL ROMA 181 A 40400 EL ESPINAR (SEGOVIA),True,True,
7450114UL9175S,7450114,UL9175S,40.778434,-4.218067,1144.0,EL ESPINAR,"Obras de urbanización y jardineria, suelos sin edificar",CL,ROMA,286,CL ROMA 286 Suelo 40400 EL ESPINAR (SEGOVIA),False,False,
7450115UL9175S,7450115,UL9175S,40.778492,-4.218505,1423.0,EL ESPINAR,Residencial,CL,ROMA,285,CL ROMA 285 Es:1 Pl:00 Pt:01 40400 EL ESPINAR (SEGOVIA),True,True,
7450116UL9175S,7450116,UL9175S,40.77857,-4.218992,1511.0,EL ESPINAR,"Obras de urbanización y jardineria, suelos sin edificar",CL,ROMA,284,CL ROMA 284 Suelo 40400 EL ESPINAR (SEGOVIA),False,False,
7450117UL9175S,7450117,UL9175S,40.778675,-4.219459,1310.0,EL ESPINAR,Residencial,CL,ROMA,283,CL ROMA 283 40400 EL ESPINAR (SEGOVIA),True,True,
7453704UL9175S,7453704,UL9175S,40.780415,-4.218818,1708.0,EL ESPINAR,"Obras de urbanización y jardineria, suelos sin edificar",CL,PORTUGAL,458,CL PORTUGAL 458 Suelo 40424 EL ESPINAR (SEGOVIA),False,False,
7453705UL9175S,7453705,UL9175S,40.780774,-4.218652,1830.0,EL ESPINAR,"Obras de urbanización y jardineria, suelos sin edificar",CL,PORTUGAL,459,CL PORTUGAL 459 Suelo 40424 EL ESPINAR (SEGOVIA),False,False,
7453706UL9175S,7453706,UL9175S,40.781042,-4.21855,915.0,EL ESPINAR,Residencial,CL,PORTUGAL,460,CL PORTUGAL 460(A) 40400 EL ESPINAR (SEGOVIA),True,True,
7453707UL9175S,7453707,UL9175S,40.781466,-4.218382,1691.0,EL ESPINAR,"Obras de urbanización y jardineria, suelos sin edificar",CL,PORTUGAL,461,CL PORTUGAL 461 Suelo 40400 EL ESPINAR (SEGOVIA),False,False,
7453708UL9175S,7453708,UL9175S,40.781903,-4.21821,1003.0,EL ESPINAR,"Obras de urbanización y jardineria, suelos sin edificar",CL,PORTUGAL,462,CL PORTUGAL 462(A) Suelo 40424 EL ESPINAR (SEGOVIA),False,False,
7453709UL9175S,7453709,UL9175S,40.782204,-4.218226,973.0,EL ESPINAR,Residencial,CL,PORTUGAL,463,CL PORTUGAL 463 40400 EL ESPINAR (SEGOVIA),True,True,
7453710UL9175S,7453710,UL9175S,40.78198,-4.217449,921.0,EL ESPINAR,Residencial,CL,SORRENTO,175,CL SORRENTO 175(A) 40400 EL ESPINAR (SEGOVIA),True,True,
7453711UL9175S,7453711,UL9175S,40.781669,-4.21775,1802.0,EL ESPINAR,Residencial,CL,SORRENTO,174,CL SORRENTO 174 40400 EL ESPINAR (SEGOVIA),True,True,
7453712UL9175S,7453712,UL9175S,40.781326,-4.217909,1591.0,EL ESPINAR,Residencial,CL,SORRENTO,173,CL SORRENTO 173 40400 EL ESPINAR (SEGOVIA),True,True,
7453713UL9175S,7453713,UL9175S,40.780886,-4.218078,2457.0,EL ESPINAR,Residencial,CL,SORRENTO,172,CL SORRENTO 172 40400 EL ESPINAR (SEGOVIA),True,True,
7453714UL9175S,7453714,UL9175S,40.780769,-4.217646,1854.0,EL ESPINAR,"Obras de urbanización y jardineria, suelos sin edificar",CL,SORRENTO,171,CL SORRENTO 171 Suelo 40400 EL ESPINAR (SEGOVIA),False,False,
7453715UL9175S,7453715,UL9175S,40.781175,-4.217416,1268.0,EL ESPINAR,"Obras de urbanización y jardineria, suelos sin edificar",CL,SORRENTO,170,CL SORRENTO 170 Suelo 40400 EL ESPINAR (SEGOVIA),False,False,
7453716UL9175S,7453716,UL9175S,40.781527,-4.217244,1278.0,EL ESPINAR,Residencial,CL,SORRENTO,169,CL SORRENTO 169 Es:E Pl:00 Pt:01 40400 EL ESPINAR (SEGOVIA),True,True,
7453717UL9175S,7453717,UL9175S,40.781862,-4.217074,1055.0,EL ESPINAR,Residencial,CL,SORRENTO,168,CL SORRENTO 168 40400 EL ESPINAR (SEGOVIA),True,True,
7453718UL9175S,7453718,UL9175S,40.78177,-4.216749,1177.0,EL ESPINAR,Residencial,CL,BARI,167,CL BARI 167 URB ANGELES SAN RAFAEL 40400 EL ESPINAR (SEGOVIA),True,True,
7453719UL9175S,7453719,UL9175S,40.781425,-4.216914,1284.0,EL ESPINAR,Residencial,CL,BARI,166,CL BARI 166 40400 EL ESPINAR (SEGOVIA),True,True,
7453720UL9175S,7453720,UL9175S,40.781079,-4.217091,1175.0,EL ESPINAR,"Obras de urbanización y jardineria, suelos sin edificar",CL,BARI,165,CL BARI 165 Suelo 40400 EL ESPINAR (SEGOVIA),False,False,
7453721UL9175S,7453721,UL9175S,40.780662,-4.217258,1888.0,EL ESPINAR,Residencial,CL,BARI,164,CL BARI 164 Es:1 Pl:00 Pt:01 40424 EL ESPINAR (SEGOVIA),True,True,
7453722UL9175S,7453722,UL9175S,40.780552,-4.216805,2207.0,EL ESPINAR,Residencial,CL,BARI,155,CL BARI 155 Es:1 Pl:00 Pt:01 40424 EL ESPINAR (SEGOVIA),True,True,
7453723UL9175S,7453723,UL9175S,40.780938,-4.216618,1284.0,EL ESPINAR,Residencial,CL,BARI,154,CL BARI 154 Es:1 Pl:00 Pt:01 40424 EL ESPINAR (SEGOVIA),True,True,
7453724UL9175S,7453724,UL9175S,40.781268,-4.216476,1269.0,EL ESPINAR,Residencial,CL,BARI,153,CL BARI 153 Es:1 Pl:00 Pt:01 40400 EL ESPINAR (SEGOVIA),True,True,
7453725UL9175S,7453725,UL9175S,40.781611,-4.216326,1201.0,EL ESPINAR,Residencial,CL,BARI,152,CL BARI 152 40424 EL ESPINAR (SEGOVIA),True,True,
7453726UL9175S,7453726,UL9175S,40.781508,-4.216012,1139.0,EL ESPINAR,Residencial,CL,SICILIA,151,CL SICILIA 151 Es:1 Pl:00 Pt:01 40400 EL ESPINAR (SEGOVIA),True,True,
7453727UL9175S,7453727,UL9175S,40.78116,-4.216123,1242.0,EL ESPINAR,Residencial,CL,SICILIA,150,CL SICILIA 150 40400 EL ESPINAR (SEGOVIA),True,True,
7453728UL9175S,7453728,UL9175S,40.780839,-4.216242,1256.0,EL ESPINAR,"Obras de urbanización y jardineria, suelos sin edificar",CL,SICILIA,149,CL SICILIA 149 Suelo 40400 EL ESPINAR (SEGOVIA),False,False,
7453729UL9175S,7453729,UL9175S,40.780524,-4.216305,1371.0,EL ESPINAR,Residencial,CL,SICILIA,148,CL SICILIA 148 Es:1 Pl:00 Pt:01 40400 EL ESPINAR (SEGOVIA),True,True,
7453730UL9175S,7453730,UL9175S,40.780419,-4.215738,1918.0,EL ESPINAR,Residencial,CL,SICILIA,138,CL SICILIA 138 40400 EL ESPINAR (SEGOVIA),True,True,
7453731UL9175S,7453731,UL9175S,40.780698,-4.215646,1283.0,EL ESPINAR,Residencial,CL,SICILIA,137,CL SICILIA 137 Es:1 Pl:00 Pt:01 40400 EL ESPINAR (SEGOVIA),True,True,
7453732UL9175S,7453732,UL9175S,40.780987,-4.215617,1481.0,EL ESPINAR,Residencial,CL,SICILIA,136,CL SICILIA 136 40400 EL ESPINAR (SEGOVIA),True,True,
7453733UL9175S,7453733,UL9175S,40.781343,-4.215526,1800.0,EL ESPINAR,Residencial,CL,SICILIA,135,CL SICILIA 135 40400 EL ESPINAR (SEGOVIA),True,True,
7453734UL9175S,7453734,UL9175S,40.781222,-4.215061,1713.0,EL ESPINAR,"Obras de urbanización y jardineria, suelos sin edificar",CL,MILAN,134,CL MILAN 134 Suelo 40400 EL ESPINAR (SEGOVIA),False,False,
7453735UL9175S,7453735,UL9175S,40.780909,-4.21507,1586.0,EL ESPINAR,Residencial,CL,MILAN,133,CL MILAN 133 40400 EL ESPINAR (SEGOVIA),True,True,
7453736UL9175S,7453736,UL9175S,40.780648,-4.215069,1435.0,EL ESPINAR,Residencial,CL,MILAN,132,CL MILAN 132 Es:1 Pl:00 Pt:01 40400 EL ESPINAR (SEGOVIA),True,True,
7453737UL9175S,7453737,UL9175S,40.780375,-4.215061,2003.0,EL ESPINAR,Residencial,CL,MILAN,131,CL MILAN 131 40400 EL ESPINAR (SEGOVIA),True,True,
7453738UL9175S,7453738,UL9175S,40.780025,-4.214973,1439.0,EL ESPINAR,Residencial,CL,MILAN,130,CL MILAN 130 Es:1 Pl:00 Pt:01 40400 EL ESPINAR (SEGOVIA),True,True,
7453739UL9175S,7453739,UL9175S,40.779647,-4.215111,1163.0,EL ESPINAR,Residencial,CL,MILAN,129,CL MILAN 129 Es:1 Pl:00 Pt:01 40400 EL ESPINAR (SEGOVIA),True,True,
7453740UL9175S,7453740,UL9175S,40.779283,-4.215247,1274.0,EL ESPINAR,Residencial,CL,MILAN,128,CL MILAN 128 Es:1 Pl:00 Pt:01 40400 EL ESPINAR (SEGOVIA),True,True,
7453741UL9175S,7453741,UL9175S,40.778921,-4.215385,1263.0,EL ESPINAR,Residencial,CL,MILAN,127,CL MILAN 127 40400 EL ESPINAR (SEGOVIA),True,True,
7453742UL9175S,7453742,UL9175S,40.778906,-4.215768,1165.0,EL ESPINAR,Residencial,CL,PALERMO,139,CL PALERMO 139 Es:1 Pl:00 Pt:01 40400 EL ESPINAR (SEGOVIA),True,True,
7453743UL9175S,7453743,UL9175S,40.77925,-4.215622,1204.0,EL ESPINAR,Residencial,CL,PALERMO,140,CL PALERMO 140 Es:1 Pl:00 Pt:01 40400 EL ESPINAR (SEGOVIA),True,True,
7453744UL9175S,7453744,UL9175S,40.77958,-4.215486,987.0,EL ESPINAR,Residencial,CL,PALERMO,141,CL PALERMO 141 40400 EL ESPINAR (SEGOVIA),True,True,
7453745UL9175S,7453745,UL9175S,40.779988,-4.215411,2142.0,EL ESPINAR,Residencial,CL,PALERMO,142,CL PALERMO 142 40400 EL ESPINAR (SEGOVIA),True,True,
7453746UL9175S,7453746,UL9175S,40.780026,-4.215868,2080.0,EL ESPINAR,Residencial,CL,PALERMO,143,CL PALERMO 143 40400 EL ESPINAR (SEGOVIA),True,True,
7453747UL9175S,7453747,UL9175S,40.779582,-4.216015,1628.0,EL ESPINAR,Residencial,CL,PALERMO,144,CL PALERMO 144 40400 EL ESPINAR (SEGOVIA),True,True,
7453748UL9175S,7453748,UL9175S,40.779129,-4.216246,846.0,EL ESPINAR,Residencial,CL,PALERMO,145,CL PALERMO 145(B) 40400 EL ESPINAR (SEGOVIA),True,True,
7453749UL9175S,7453749,UL9175S,40.778898,-4.216419,1839.0,EL ESPINAR,Residencial,CL,NAPOLES-ANG.SAN RAF.,146,CL NAPOLES-ANG.SAN RAF. 146 Es:1 Pl:00 Pt:01 40400 EL ESPINAR (SEGOVIA),True,True,
7453751UL9175S,7453751,UL9175S,40.779053,-4.217574,1508.0,EL ESPINAR,Residencial,CL,PISA,159,CL PISA 159 40400 EL ESPINAR (SEGOVIA),True,True,
7453752UL9175S,7453752,UL9175S,40.779395,-4.217379,1664.0,EL ESPINAR,Residencial,CL,PISA,158,CL PISA 158 Es:1 Pl:00 Pt:01 40400 EL ESPINAR (SEGOVIA),True,True,
7453753UL9175S,7453753,UL9175S,40.779758,-4.217182,1640.0,EL ESPINAR,"Obras de urbanización y jardineria, suelos sin edificar",CL,PISA,157,CL PISA 157 Suelo 40400 EL ESPINAR (SEGOVIA),False,False,
7453754UL9175S,7453754,UL9175S,40.780134,-4.216973,2169.0,EL ESPINAR,Residencial,CL,PISA,156,CL PISA 156 Es:1 Pl:00 Pt:01 40400 EL ESPINAR (SEGOVIA),True,True,
7453755UL9175S,7453755,UL9175S,40.78024,-4.217476,1788.0,EL ESPINAR,Residencial,CL,PISA,163,CL PISA 163 Es:1 Pl:00 Pt:01 40400 EL ESPINAR (SEGOVIA),True,True,
7453756UL9175S,7453756,UL9175S,40.779834,-4.217697,1353.0,EL ESPINAR,Residencial,CL,PISA,162,CL PISA 162 Es:1 Pl:00 Pt:01 40400 EL ESPINAR (SEGOVIA),True,True,
7453757UL9175S,7453757,UL9175S,40.779477,-4.217885,1184.0,EL ESPINAR,Residencial,CL,PISA,161,CL PISA 161 40400 EL ESPINAR (SEGOVIA),True,True,
7453758UL9175S,7453758,UL9175S,40.779149,-4.218057,972.0,EL ESPINAR,Residencial,CL,PISA,160,CL PISA 160 Es:1 Pl:01 Pt:01 40424 EL ESPINAR (SEGOVIA),True,True,
7453759UL9175S,7453759,UL9175S,40.779202,-4.218376,1104.0,EL ESPINAR,"Obras de urbanización y jardineria, suelos sin edificar",CL,BOLONIA,447,CL BOLONIA 447 Suelo 40400 EL ESPINAR (SEGOVIA),False,False,
7453760UL9175S,7453760,UL9175S,40.779538,-4.218218,1165.0,EL ESPINAR,"Obras de urbanización y jardineria, suelos sin edificar",CL,BOLONIA,448,CL BOLONIA 448 Suelo 40400 EL ESPINAR (SEGOVIA),False,False,
7453761UL9175S,7453761,UL9175S,40.779873,-4.21805,1105.0,EL ESPINAR,Residencial,CL,BOLONIA,449,CL BOLONIA 449 Es:1 Pl:00 Pt:01 40400 EL ESPINAR (SEGOVIA),True,True,
7453762UL9175S,7453762,UL9175S,40.780301,-4.217874,1859.0,EL ESPINAR,Residencial,CL,BOLONIA,450,CL BOLONIA 450 Es:1 Pl:00 Pt:01 40400 EL ESPINAR (SEGOVIA),True,True,
7453763UL9175S,7453763,UL9175S,40.780376,-4.218328,2561.0,EL ESPINAR,Residencial,CL,BOLONIA,451,CL BOLONIA 451 N2-233 40400 EL ESPINAR (SEGOVIA),True,True,
7453764UL9175S,7453764,UL9175S,40.779928,-4.218541,1358.0,EL ESPINAR,Residencial,CL,BOLONIA,452,CL BOLONIA 452 Es:1 Pl:00 Pt:01 40400 EL ESPINAR (SEGOVIA),True,True,
7453765UL9175S,7453765,UL9175S,40.779586,-4.218695,1273.0,EL ESPINAR,Residencial,CL,BOLONIA,453,CL BOLONIA 453 Es:1 Pl:00 Pt:01 40400 EL ESPINAR (SEGOVIA),True,True,
7453766UL9175S,7453766,UL9175S,40.779275,-4.218843,1028.0,EL ESPINAR,Ocio y Hosteleria,CL,BOLONIA,454,CL BOLONIA 454 40400 EL ESPINAR (SEGOVIA),False,False,
7453767UL9175S,7453767,UL9175S,40.782135,-4.217951,1067.0,EL ESPINAR,Residencial,CL,VENECIA,29,CL VENECIA 29 40400 EL ESPINAR (SEGOVIA),True,True,
7453768UL9175S,7453768,UL9175S,40.779298,-4.216151,855.0,EL ESPINAR,"Obras de urbanización y jardineria, suelos sin edificar",CL,PALERMO,145,CL PALERMO 145(A) 40400 EL ESPINAR (SEGOVIA),False,False,
7453769UL9175S,7453769,UL9175S,40.781219,-4.218477,934.0,EL ESPINAR,Residencial,CL,PORTUGAL,460,CL PORTUGAL 460(B) 40400 EL ESPINAR (SEGOVIA),True,True,
7453770UL9175S,7453770,UL9175S,40.782059,-4.217687,924.0,EL ESPINAR,Residencial,CL,VENECIA,175,CL VENECIA 175(B) 40400 EL ESPINAR (SEGOVIA),True,True,
7453771UL9175S,7453771,UL9175S,40.778977,-4.217186,886.0,EL ESPINAR,Residencial,CL,NAPOLES-ANG.SAN RAF.,147,CL NAPOLES-ANG.SAN RAF. 147(B) 40400 EL ESPINAR (SEGOVIA),True,True,
7453772UL9175S,7453772,UL9175S,40.778925,-4.216883,884.0,EL ESPINAR,Residencial,CL,NAPOLES-ANG.SAN RAF.,147,CL NAPOLES-ANG.SAN RAF. 147(A) 40400 EL ESPINAR (SEGOVIA),True,True,
7453773UL9175S,7453773,UL9175S,40.779302,-4.219238,867.0,EL ESPINAR,Residencial,CL,PORTUGAL,455,CL PORTUGAL 455(A) 40400 EL ESPINAR (SEGOVIA),True,True,
7453774UL9175S,7453774,UL9175S,40.779508,-4.219158,860.0,EL ESPINAR,Residencial,CL,PORTUGAL,455,CL PORTUGAL 455(B) 40400 EL ESPINAR (SEGOVIA),True,True,
7453775UL9175S,7453775,UL9175S,40.77971,-4.219076,882.0,EL ESPINAR,Residencial,CL,PORTUGAL,456,CL PORTUGAL 456 40424 EL ESPINAR (SEGOVIA),True,True,
7453776UL9175S,7453776,UL9175S,40.779913,-4.218996,905.0,EL ESPINAR,Residencial,CL,PORTUGAL,457,CL PORTUGAL 457(A) 40400 EL ESPINAR (SEGOVIA),True,True,
7453777UL9175S,7453777,UL9175S,40.780114,-4.218917,902.0,EL ESPINAR,Residencial,CL,PORTUGAL,457,CL PORTUGAL 457(B) 40424 EL ESPINAR (SEGOVIA),True,True,
7453778UL9175S,7453778,UL9175S,40.781719,-4.218289,987.0,EL ESPINAR,"Obras de urbanización y jardineria, suelos sin edificar",CL,PORTUGAL,462,CL PORTUGAL 462(B) Suelo 40400 EL ESPINAR (SEGOVIA),False,False,
7453781UL9175S,7453781,UL9175S,40.779694,-4.216591,8627.0,EL ESPINAR,"Obras de urbanización y jardineria, suelos sin edificar",CL,SICILIA,3,CL SICILIA 3(B) Suelo 40400 EL ESPINAR (SEGOVIA),False,False,
7542901UL9174S,7542901,UL9174S,40.767772,-4.220152,2032.0,EL ESPINAR,Residencial,CL,PARIS,396,CL PARIS 396(A) 40400 EL ESPINAR (SEGOVIA),True,True,
7542902UL9174S,7542902,UL9174S,40.768339,-4.219808,1566.0,EL ESPINAR,Residencial,CL,PARIS,396,CL PARIS 396(D) 40400 EL ESPINAR (SEGOVIA),True,True,
7542903UL9174S,7542903,UL9174S,40.768516,-4.219639,2129.0,EL ESPINAR,Residencial,CL,PARIS,398,CL PARIS 398 40400 EL ESPINAR (SEGOVIA),True,True,
7542904UL9174S,7542904,UL9174S,40.768692,-4.219426,1756.0,EL ESPINAR,Residencial,CL,PARIS,399,CL PARIS 399 40400 EL ESPINAR (SEGOVIA),True,True,
7542905UL9174S,7542905,UL9174S,40.768842,-4.219237,1497.0,EL ESPINAR,Residencial,AV,FRANCIA,400,AV FRANCIA 400 40400 EL ESPINAR (SEGOVIA),True,True,
7542906UL9174S,7542906,UL9174S,40.769178,-4.218778,2857.0,EL ESPINAR,"Obras de urbanización y jardineria, suelos sin edificar",CL,PARIS,401,CL PARIS 401 Suelo 40400 EL ESPINAR (SEGOVIA),False,False,
7542907UL9174S,7542907,UL9174S,40.769388,-4.218538,1579.0,EL ESPINAR,Residencial,AV,FRANCIA,402,AV FRANCIA 402 40400 EL ESPINAR (SEGOVIA),True,True,
7542908UL9174S,7542908,UL9174S,40.769554,-4.218357,1701.0,EL ESPINAR,Residencial,AV,FRANCIA,403,AV FRANCIA 403 40400 EL ESPINAR (SEGOVIA),True,True,
7542910UL9174S,7542910,UL9174S,40.769934,-4.217922,2143.0,EL ESPINAR,"Obras de urbanización y jardineria, suelos sin edificar",CL,PARIS,405,CL PARIS 405 Suelo 40400 EL ESPINAR (SEGOVIA),False,False,
7542911UL9174S,7542911,UL9174S,40.770185,-4.217629,2200.0,EL ESPINAR,"Obras de urbanización y jardineria, suelos sin edificar",CL,PARIS,406,CL PARIS 406 Suelo 40400 EL ESPINAR (SEGOVIA),False,False,
7542912UL9174S,7542912,UL9174S,40.770383,-4.217376,1261.0,EL ESPINAR,Residencial,CL,PARIS,407,CL PARIS 407 40400 EL ESPINAR (SEGOVIA),True,True,
7542913UL9174S,7542913,UL9174S,40.770641,-4.216955,1507.0,EL ESPINAR,Residencial,CL,PARIS,407,CL PARIS 407(C) 40400 EL ESPINAR (SEGOVIA),True,True,
7542914UL9174S,7542914,UL9174S,40.77091,-4.216766,2041.0,EL ESPINAR,"Obras de urbanización y jardineria, suelos sin edificar",CL,PARIS,409,CL PARIS 409 Es:1 Pl:00 Pt:01 40400 EL ESPINAR (SEGOVIA),False,False,
7542915UL9174S,7542915,UL9174S,40.771127,-4.216358,2211.0,EL ESPINAR,"Obras de urbanización y jardineria, suelos sin edificar",CL,PARIS,410,CL PARIS 410 Suelo 40400 EL ESPINAR (SEGOVIA),False,False,
7542916UL9174S,7542916,UL9174S,40.77066,-4.216268,2382.0,EL ESPINAR,"Obras de urbanización y jardineria, suelos sin edificar",CL,ORLEANS-ANG.SAN RAF.,411,CL ORLEANS-ANG.SAN RAF. 411 Suelo 40400 EL ESPINAR (SEGOVIA),False,False,
7542917UL9174S,7542917,UL9174S,40.770723,-4.215677,2652.0,EL ESPINAR,"Obras de urbanización y jardineria, suelos sin edificar",CL,ORLEANS-ANG.SAN RAF.,414,CL ORLEANS-ANG.SAN RAF. 414 Suelo 40400 EL ESPINAR (SEGOVIA),False,False,
7542918UL9174S,7542918,UL9174S,40.771219,-4.215779,2314.0,EL ESPINAR,"Obras de urbanización y jardineria, suelos sin edificar",AV,FRANCIA,412,AV FRANCIA 412 Suelo 40400 EL ESPINAR (SEGOVIA),False,False,
7542919UL9174S,7542919,UL9174S,40.771268,-4.215274,2361.0,EL ESPINAR,"Obras de urbanización y jardineria, suelos sin edificar",AV,FRANCIA,413,AV FRANCIA 413 Suelo 40400 EL ESPINAR (SEGOVIA),False,False,
7542920UL9174S,7542920,UL9174S,40.770756,-4.215108,2778.0,EL ESPINAR,"Obras de urbanización y jardineria, suelos sin edificar",CL,LILLE-ANG.SAN RAF.,415,CL LILLE-ANG.SAN RAF. 415 Suelo 40400 EL ESPINAR (SEGOVIA),False,False,
7542921UL9174S,7542921,UL9174S,40.770913,-4.214584,2584.0,EL ESPINAR,"Obras de urbanización y jardineria, suelos sin edificar",CL,LILLE-ANG.SAN RAF.,416,CL LILLE-ANG.SAN RAF. 416 Suelo 40400 EL ESPINAR (SEGOVIA),False,False,
7542922UL9174S,7542922,UL9174S,40.771366,-4.214648,2530.0,EL ESPINAR,"Obras de urbanización y jardineria, suelos sin edificar",AV,FRANCIA,417,AV FRANCIA 417 Suelo 40400 EL ESPINAR (SEGOVIA),False,False,
7542923UL9174S,7542923,UL9174S,40.771382,-4.214211,1568.0,EL ESPINAR,Residencial,AV,FRANCIA,418,AV FRANCIA 418 40400 EL ESPINAR (SEGOVIA),True,True,
7542924UL9174S,7542924,UL9174S,40.77189,-4.213922,1769.0,EL ESPINAR,Residencial,CL,BURDEOS,422,CL BURDEOS 422 40400 EL ESPINAR (SEGOVIA),True,True,
7542925UL9174S,7542925,UL9174S,40.771914,-4.213397,1954.0,EL ESPINAR,Residencial,CL,BURDEOS,421,CL BURDEOS 421 Suelo 40400 EL ESPINAR (SEGOVIA),True,True,
7542926UL9174S,7542926,UL9174S,40.771465,-4.213382,2564.0,EL ESPINAR,"Obras de urbanización y jardineria, suelos sin edificar",CL,MARSELLA,419,CL MARSELLA 419 Suelo 40400 EL ESPINAR (SEGOVIA),False,False,
7542929UL9174S,7542929,UL9174S,40.772366,-4.212706,2417.0,EL ESPINAR,Residencial,CL,MARSELLA,309,CL MARSELLA 309 40400 EL ESPINAR (SEGOVIA),True,True,
7542930UL9174S,7542930,UL9174S,40.772776,-4.212675,2188.0,EL ESPINAR,Residencial,CL,MARSELLA,308,CL MARSELLA 308 40400 EL ESPINAR (SEGOVIA),True,True,
7542931UL9174S,7542931,UL9174S,40.773232,-4.212636,2618.0,EL ESPINAR,Residencial,CL,MARSELLA,307,CL MARSELLA 307 Es:1 Pl:00 Pt:01 40400 EL ESPINAR (SEGOVIA),True,True,
7542932UL9174S,7542932,UL9174S,40.773109,-4.21333,812.0,EL ESPINAR,Residencial,CL,NIZA,306,CL NIZA 306(A) 40400 EL ESPINAR (SEGOVIA),True,True,
7542933UL9174S,7542933,UL9174S,40.773027,-4.213688,1334.0,EL ESPINAR,Residencial,CL,NIZA,305,CL NIZA 305 Es:1 Pl:00 Pt:01 40400 EL ESPINAR (SEGOVIA),True,True,
7542934UL9174S,7542934,UL9174S,40.77293,-4.214146,1369.0,EL ESPINAR,Residencial,CL,NIZA,303,CL NIZA 303 Es:1 Pl:00 Pt:01 40400 EL ESPINAR (SEGOVIA),True,True,
7542935UL9174S,7542935,UL9174S,40.773199,-4.21423,1146.0,EL ESPINAR,"Obras de urbanización y jardineria, suelos sin edificar",AV,FRANCIA,302,AV FRANCIA 302 Suelo 40400 EL ESPINAR (SEGOVIA),False,False,
7542936UL9174S,7542936,UL9174S,40.773465,-4.214245,1176.0,EL ESPINAR,Residencial,CL,LION,301,CL LION 301 Es:1 Pl:00 Pt:01 40400 EL ESPINAR (SEGOVIA),True,True,
7542937UL9174S,7542937,UL9174S,40.773355,-4.213776,1554.0,EL ESPINAR,Residencial,CL,LION,304,CL LION 304 40400 EL ESPINAR (SEGOVIA),True,True,
7542938UL9174S,7542938,UL9174S,40.773816,-4.213616,1750.0,EL ESPINAR,"Obras de urbanización y jardineria, suelos sin edificar",CL,LION,300,CL LION 300 Suelo 40400 EL ESPINAR (SEGOVIA),False,False,
7542939UL9174S,7542939,UL9174S,40.773929,-4.214056,983.0,EL ESPINAR,Industrial,AV,FRANCIA,299,AV FRANCIA 299(B) 40400 EL ESPINAR (SEGOVIA),False,False,
7542940UL9174S,7542940,UL9174S,40.77409,-4.213949,766.0,EL ESPINAR,Residencial,AV,FRANCIA,298,AV FRANCIA 298(A) N2-299(A) 40400 EL ESPINAR (SEGOVIA),True,True,
7542941UL9174S,7542941,UL9174S,40.774306,-4.213857,1029.0,EL ESPINAR,Residencial,AV,FRANCIA,297,AV FRANCIA 297 40400 EL ESPINAR (SEGOVIA),True,True,
7542942UL9174S,7542942,UL9174S,40.774181,-4.213468,1340.0,EL ESPINAR,Residencial,CL,TOULOUSE,296,CL TOULOUSE 296 40400 EL ESPINAR (SEGOVIA),True,True,
7542943UL9174S,7542943,UL9174S,40.774023,-4.213067,1337.0,EL ESPINAR,Residencial,CL,TOULOUSE,295,CL TOULOUSE 295 40400 EL ESPINAR (SEGOVIA),True,True,
7542944UL9174S,7542944,UL9174S,40.773751,-4.212586,3083.0,EL ESPINAR,Residencial,CL,TOULOUSE,294,CL TOULOUSE 294 40400 EL ESPINAR (SEGOVIA),True,True,
7542945UL9174S,7542945,UL9174S,40.774188,-4.21232,1486.0,EL ESPINAR,Residencial,CL,TOULOUSE,293,CL TOULOUSE 293 40400 EL ESPINAR (SEGOVIA),True,True,
7542947UL9174S,7542947,UL9174S,40.774531,-4.213202,1713.0,EL ESPINAR,Residencial,CL,TOULOUSE,291,CL TOULOUSE 291 40400 EL ESPINAR (SEGOVIA),True,True,
7542948UL9174S,7542948,UL9174S,40.774679,-4.213602,1208.0,EL ESPINAR,Residencial,CL,TOULOUSE,290,CL TOULOUSE 290 40400 EL ESPINAR (SEGOVIA),True,True,
7542949UL9174S,7542949,UL9174S,40.770676,-4.213485,17905.0,EL ESPINAR,"Obras de urbanización y jardineria, suelos sin edificar",CL,MARSELLA,1100,CL MARSELLA 1100 Suelo 40400 EL ESPINAR (SEGOVIA),False,False,
7542950UL9174S,7542950,UL9174S,40.773767,-4.214172,776.0,EL ESPINAR,Residencial,CL,LION,299,CL LION 299(C) 40400 EL ESPINAR (SEGOVIA),True,True,
7542951UL9174S,7542951,UL9174S,40.771943,-4.212723,2066.0,EL ESPINAR,Residencial,CL,MARSELLA,5,CL MARSELLA 5 N2-420(A) 40400 EL ESPINAR (SEGOVIA),True,True,
7542952UL9174S,7542952,UL9174S,40.770527,-4.217191,1303.0,EL ESPINAR,Residencial,CL,PARIS,407,CL PARIS 407(B) 40400 EL ESPINAR (SEGOVIA),True,True,
7542953UL9174S,7542953,UL9174S,40.771449,-4.212944,1214.0,EL ESPINAR,Residencial,CL,MARSELLA,9,CL MARSELLA 9 N2-420(C) 40400 EL ESPINAR (SEGOVIA),True,True,
7542954UL9174S,7542954,UL9174S,40.771523,-4.212683,1509.0,EL ESPINAR,Residencial,CL,MARSELLA,7,CL MARSELLA 7 N2-420(B) 40400 EL ESPINAR (SEGOVIA),True,True,
7542992UL9174S,7542992,UL9174S,40.773566,-4.213229,3415.0,EL ESPINAR,"Obras de urbanización y jardineria, suelos sin edificar",CL,PARIS,,CL PARIS  Suelo 40400 EL ESPINAR (SEGOVIA),False,False,
7542993UL9174S,7542993,UL9174S,40.771485,-4.21389,2198.0,EL ESPINAR,"Obras de urbanización y jardineria, suelos sin edificar",AV,FRANCIA,422,AV FRANCIA 422(A) Suelo 40400 EL ESPINAR (SEGOVIA),False,False,
7542994UL9174S,7542994,UL9174S,40.774334,-4.212617,844.0,EL ESPINAR,Residencial,CL,TOULOUSE,292,CL TOULOUSE 292(B) 40400 EL ESPINAR (SEGOVIA),True,True,
7542995UL9174S,7542995,UL9174S,40.774412,-4.212849,829.0,EL ESPINAR,Residencial,CL,TOULOUSE,292,CL TOULOUSE 292(A) Suelo 40400 EL ESPINAR (SEGOVIA),True,True,
7542996UL9174S,7542996,UL9174S,40.768192,-4.219944,1615.0,EL ESPINAR,Residencial,CL,PARIS,396,CL PARIS 396(C) 40400 EL ESPINAR (SEGOVIA),True,True,
7542997UL9174S,7542997,UL9174S,40.768031,-4.220066,1474.0,EL ESPINAR,Residencial,CL,PARIS,396,CL PARIS 396(B) 40400 EL ESPINAR (SEGOVIA),True,True,
7542998UL9174S,7542998,UL9174S,40.768984,-4.21905,1659.0,EL ESPINAR,Residencial,CL,PARIS,399,CL PARIS 399(C) 40400 EL ESPINAR (SEGOVIA),True,True,
7542999UL9174S,7542999,UL9174S,40.769728,-4.218161,1590.0,EL ESPINAR,Residencial,CL,PARIS,15,CL PARIS 15 40400 EL ESPINAR (SEGOVIA),True,True,
75429A0UL9174S,75429A0,UL9174S,40.773177,-4.21305,836.0,EL ESPINAR,Residencial,CL,NIZA,306,CL NIZA 306(B) 40400 EL ESPINAR (SEGOVIA),True,True,
7544801UL9174S,7544801,UL9174S,40.772839,-4.216627,1784.0,EL ESPINAR,Residencial,AV,FRANCIA,437,AV FRANCIA 437 40400 EL ESPINAR (SEGOVIA),True,True,
7544802UL9174S,7544802,UL9174S,40.772981,-4.216286,1300.0,EL ESPINAR,Residencial,AV,FRANCIA,438,AV FRANCIA 438(B) 40400 EL ESPINAR (SEGOVIA),True,True,
7544803UL9174S,7544803,UL9174S,40.773249,-4.215771,1950.0,EL ESPINAR,"Obras de urbanización y jardineria, suelos sin edificar",AV,FRANCIA,440,AV FRANCIA 440 Suelo 40400 EL ESPINAR (SEGOVIA),False,False,
7544805UL9174S,7544805,UL9174S,40.77371,-4.215166,1412.0,EL ESPINAR,"Obras de urbanización y jardineria, suelos sin edificar",AV,FRANCIA,446,AV FRANCIA 446(B) Suelo 40400 EL ESPINAR (SEGOVIA),False,False,
7544806UL9174S,7544806,UL9174S,40.774301,-4.215094,2208.0,EL ESPINAR,"Obras de urbanización y jardineria, suelos sin edificar",AV,FRANCIA,572,AV FRANCIA 572 Suelo 40400 EL ESPINAR (SEGOVIA),False,False,
7544807UL9174S,7544807,UL9174S,40.77469,-4.21501,2314.0,EL ESPINAR,"Obras de urbanización y jardineria, suelos sin edificar",AV,FRANCIA,571,AV FRANCIA 571 Suelo 40400 EL ESPINAR (SEGOVIA),False,False,
7544808UL9174S,7544808,UL9174S,40.774966,-4.214183,2632.0,EL ESPINAR,"Obras de urbanización y jardineria, suelos sin edificar",AV,FRANCIA,570,AV FRANCIA 570 Suelo 40400 EL ESPINAR (SEGOVIA),False,False,
7544809UL9174S,7544809,UL9174S,40.774621,-4.214345,2624.0,EL ESPINAR,"Obras de urbanización y jardineria, suelos sin edificar",AV,FRANCIA,383,AV FRANCIA 383 Suelo 40400 EL ESPINAR (SEGOVIA),False,False,
7544810UL9174S,7544810,UL9174S,40.774262,-4.214516,1980.0,EL ESPINAR,"Obras de urbanización y jardineria, suelos sin edificar",AV,FRANCIA,573,AV FRANCIA 573 Suelo 40400 EL ESPINAR (SEGOVIA),False,False,
7544811UL9174S,7544811,UL9174S,40.773904,-4.21466,1177.0,EL ESPINAR,Residencial,AV,FRANCIA,445,AV FRANCIA 445 40400 EL ESPINAR (SEGOVIA),True,True,
7544812UL9174S,7544812,UL9174S,40.773572,-4.214735,1198.0,EL ESPINAR,Residencial,AV,FRANCIA,444,AV FRANCIA 444 40400 EL ESPINAR (SEGOVIA),True,True,
7544815UL9174S,7544815,UL9174S,40.772999,-4.215403,1402.0,EL ESPINAR,"Obras de urbanización y jardineria, suelos sin edificar",CL,RUAN,439,CL RUAN 439 Suelo 40400 EL ESPINAR (SEGOVIA),False,False,
7544816UL9174S,7544816,UL9174S,40.772696,-4.215179,1653.0,EL ESPINAR,Residencial,CL,RUAN,423,CL RUAN 423 Suelo 40400 EL ESPINAR (SEGOVIA),True,True,
7544817UL9174S,7544817,UL9174S,40.772807,-4.214697,1231.0,EL ESPINAR,"Obras de urbanización y jardineria, suelos sin edificar",AV,FRANCIA,424,AV FRANCIA 424 Suelo 40400 EL ESPINAR (SEGOVIA),False,False,
7544818UL9174S,7544818,UL9174S,40.772522,-4.214625,1237.0,EL ESPINAR,Residencial,AV,FRANCIA,425,AV FRANCIA 425 40400 EL ESPINAR (SEGOVIA),True,True,
7544821UL9174S,7544821,UL9174S,40.771805,-4.214834,1164.0,EL ESPINAR,Residencial,AV,FRANCIA,428,AV FRANCIA 428 40400 EL ESPINAR (SEGOVIA),True,True,
7544822UL9174S,7544822,UL9174S,40.772265,-4.215044,2774.0,EL ESPINAR,"Obras de urbanización y jardineria, suelos sin edificar",CL,AMIENS,426,CL AMIENS 426 Suelo 40400 EL ESPINAR (SEGOVIA),False,False,
7544823UL9174S,7544823,UL9174S,40.772077,-4.215479,1472.0,EL ESPINAR,Residencial,CL,AMIENS,432,CL AMIENS 432 40400 EL ESPINAR (SEGOVIA),True,True,
7544824UL9174S,7544824,UL9174S,40.771747,-4.215347,1291.0,EL ESPINAR,Residencial,AV,FRANCIA,430,AV FRANCIA 430 Es:1 Pl:00 Pt:01 40400 EL ESPINAR (SEGOVIA),True,True,
7544825UL9174S,7544825,UL9174S,40.771793,-4.215858,847.0,EL ESPINAR,"Obras de urbanización y jardineria, suelos sin edificar",AV,FRANCIA,49,AV FRANCIA 49 Suelo 40400 EL ESPINAR (SEGOVIA),False,False,
7544826UL9174S,7544826,UL9174S,40.77201,-4.216006,1609.0,EL ESPINAR,Residencial,AV,FRANCIA,433,AV FRANCIA 433 Es:1 Pl:00 Pt:01 40400 EL ESPINAR (SEGOVIA),True,True,
7544827UL9174S,7544827,UL9174S,40.772288,-4.216224,1905.0,EL ESPINAR,Residencial,AV,FRANCIA,435,AV FRANCIA 435 Es:1 Pl:00 Pt:01 40400 EL ESPINAR (SEGOVIA),True,True,
7544828UL9174S,7544828,UL9174S,40.772553,-4.21645,1694.0,EL ESPINAR,"Obras de urbanización y jardineria, suelos sin edificar",AV,FRANCIA,436,AV FRANCIA 436 Suelo 40400 EL ESPINAR (SEGOVIA),False,False,
7544829UL9174S,7544829,UL9174S,40.772464,-4.215786,40.0,EL ESPINAR,Industrial,AV,FRANCIA,423,AV FRANCIA 423(D) Es:1 Pl:00 Pt:01 40400 EL ESPINAR (SEGOVIA),False,False,
7544830UL9174S,7544830,UL9174S,40.772573,-4.215727,3793.0,EL ESPINAR,"Obras de urbanización y jardineria, suelos sin edificar",CL,RUAN,423,CL RUAN 423(D) Suelo 40400 EL ESPINAR (SEGOVIA),False,False,
7544831UL9174S,7544831,UL9174S,40.773092,-4.216065,1300.0,EL ESPINAR,"Obras de urbanización y jardineria, suelos sin edificar",AV,FRANCIA,438,AV FRANCIA 438(A) Suelo 40400 EL ESPINAR (SEGOVIA),False,False,
7544832UL9174S,7544832,UL9174S,40.773342,-4.21482,707.0,EL ESPINAR,"Obras de urbanización y jardineria, suelos sin edificar",AV,FRANCIA,442,AV FRANCIA 442(C) Suelo 40400 EL ESPINAR (SEGOVIA),False,False,
7544833UL9174S,7544833,UL9174S,40.773163,-4.215077,811.0,EL ESPINAR,Residencial,CL,RUAN,442,CL RUAN 442(A) 40400 EL ESPINAR (SEGOVIA),True,True,
7544834UL9174S,7544834,UL9174S,40.77316,-4.214747,796.0,EL ESPINAR,"Obras de urbanización y jardineria, suelos sin edificar",AV,FRANCIA,442,AV FRANCIA 442(B) 40400 EL ESPINAR (SEGOVIA),False,False,
7544835UL9174N,7544835,UL9174N,40.773463,-4.215388,2021.0,EL ESPINAR,Residencial,AV,FRANCIA,443,AV FRANCIA 443(A) 40400 EL ESPINAR (SEGOVIA),True,True,
7544836UL9174S,7544836,UL9174S,40.773972,-4.215103,1342.0,EL ESPINAR,Residencial,AV,FRANCIA,446,AV FRANCIA 446(A) 40400 EL ESPINAR (SEGOVIA),True,True,
7544837UL9174S,7544837,UL9174S,40.771671,-4.215692,750.0,EL ESPINAR,"Obras de urbanización y jardineria, suelos sin edificar",CL,AMIENS,49,CL AMIENS 49(B) Suelo 40400 EL ESPINAR (SEGOVIA),False,False,
7544838UL9174S,7544838,UL9174S,40.772271,-4.214552,969.0,EL ESPINAR,Residencial,AV,FRANCIA,427,AV FRANCIA 427 40400 EL ESPINAR (SEGOVIA),True,True,
7544839UL9174S,7544839,UL9174S,40.772066,-4.214464,841.0,EL ESPINAR,Residencial,AV,FRANCIA,427,AV FRANCIA 427(A) 40400 EL ESPINAR (SEGOVIA),True,True,
7544840UL9174S,7544840,UL9174S,40.77186,-4.214503,750.0,EL ESPINAR,"Obras de urbanización y jardineria, suelos sin edificar",AV,FRANCIA,429,AV FRANCIA 429 Suelo 40400 EL ESPINAR (SEGOVIA),False,False,
7650501UL9175S,7650501,UL9175S,40.777838,-4.215848,494.0,EL ESPINAR,Residencial,CL,ROMA,238,CL ROMA 238(A) Es:1 Pl:00 Pt:01 40400 EL ESPINAR (SEGOVIA),True,True,
7650502UL9175S,7650502,UL9175S,40.777688,-4.215337,1023.0,EL ESPINAR,Residencial,CL,ROMA,237,CL ROMA 237 40400 EL ESPINAR (SEGOVIA),True,True,
7650503UL9175S,7650503,UL9175S,40.777726,-4.215042,1198.0,EL ESPINAR,Residencial,CL,ROMA,236,CL ROMA 236 40400 EL ESPINAR (SEGOVIA),True,True,
7650504UL9175S,7650504,UL9175S,40.777794,-4.214672,1302.0,EL ESPINAR,Residencial,CL,ROMA,235,CL ROMA 235 Es:E Pl:00 Pt:01 40400 EL ESPINAR (SEGOVIA),True,True,
7650505UL9175S,7650505,UL9175S,40.777851,-4.21426,1208.0,EL ESPINAR,Residencial,CL,ROMA,234,CL ROMA 234 Es:1 Pl:00 Pt:01 40400 EL ESPINAR (SEGOVIA),True,True,
7650506UL9175S,7650506,UL9175S,40.77789,-4.213905,893.0,EL ESPINAR,Residencial,CL,ROMA,233,CL ROMA 233 40400 EL ESPINAR (SEGOVIA),True,True,
7650507UL9175S,7650507,UL9175S,40.777919,-4.213608,924.0,EL ESPINAR,"Obras de urbanización y jardineria, suelos sin edificar",CL,ROMA,232,CL ROMA 232 Suelo 40400 EL ESPINAR (SEGOVIA),False,False,
7650508UL9175S,7650508,UL9175S,40.777938,-4.213318,955.0,EL ESPINAR,Almacen-Estacionamiento.Uso Industrial,CL,ROMA,231,CL ROMA 231 40400 EL ESPINAR (SEGOVIA),False,False,
7650509UL9175S,7650509,UL9175S,40.77795,-4.213029,944.0,EL ESPINAR,Residencial,CL,ROMA,230,CL ROMA 230 Es:1 Pl:00 Pt:01 40400 EL ESPINAR (SEGOVIA),True,True,
7650510UL9175S,7650510,UL9175S,40.77804,-4.212652,721.0,EL ESPINAR,Almacen-Estacionamiento.Uso Residencial,CL,ROMA,229,CL ROMA 229(A) 40400 EL ESPINAR (SEGOVIA),True,True,
7650511UL9175S,7650511,UL9175S,40.777973,-4.211988,687.0,EL ESPINAR,"Obras de urbanización y jardineria, suelos sin edificar",AV,LOS ANGELES,8,AV LOS ANGELES 8 Suelo 40424 EL ESPINAR (SEGOVIA),False,False,
7650512UL9175S,7650512,UL9175S,40.777555,-4.215963,973.0,EL ESPINAR,Residencial,AV,LOS ANGELES,239,AV LOS ANGELES 239 Es:1 Pl:00 Pt:01 40400 EL ESPINAR (SEGOVIA),True,True,
7650513UL9175S,7650513,UL9175S,40.777748,-4.215978,452.0,EL ESPINAR,Residencial,CL,MILAN,238,CL MILAN 238(B) Es:1 Pl:00 Pt:01 40400 EL ESPINAR (SEGOVIA),True,True,
7650514UL9175S,7650514,UL9175S,40.777964,-4.212252,942.0,EL ESPINAR,"Obras de urbanización y jardineria, suelos sin edificar",AV,LOS ANGELES,10,AV LOS ANGELES 10 Suelo 40424 EL ESPINAR (SEGOVIA),False,False,
7650515UL9175S,7650515,UL9175S,40.777875,-4.21264,759.0,EL ESPINAR,Residencial,AV,LOS ANGELES,229,AV LOS ANGELES 229(B) 40400 EL ESPINAR (SEGOVIA),True,True,
7650516UL9175S,7650516,UL9175S,40.77766,-4.215598,1171.0,EL ESPINAR,Residencial,CL,ROMA,237,CL ROMA 237(B) 40400 EL ESPINAR (SEGOVIA),True,True,
7742101UL9174S,7742101,UL9174S,40.772634,-4.21197,1662.0,EL ESPINAR,"Obras de urbanización y jardineria, suelos sin edificar",CL,CIRCUITO DEL ACUEDUCTO,,CL CIRCUITO DEL ACUEDUCTO  Suelo 40400 EL ESPINAR (SEGOVIA),False,False,
7744701UL9174S,7744701,UL9174S,40.772596,-4.213982,1426.0,EL ESPINAR,Residencial,CL,NIZA,314,CL NIZA 314 40400 EL ESPINAR (SEGOVIA),True,True,
7744702UL9174S,7744702,UL9174S,40.772699,-4.213248,924.0,EL ESPINAR,"Obras de urbanización y jardineria, suelos sin edificar",CL,NIZA,311,CL NIZA 311(B) Suelo 40400 EL ESPINAR (SEGOVIA),False,False,
7744704UL9174S,7744704,UL9174S,40.772318,-4.213941,1598.0,EL ESPINAR,Residencial,CL,BURDEOS,313,CL BURDEOS 313 40400 EL ESPINAR (SEGOVIA),True,True,
7744705UL9174S,7744705,UL9174S,40.772351,-4.213539,902.0,EL ESPINAR,"Obras de urbanización y jardineria, suelos sin edificar",CL,BURDEOS,312,CL BURDEOS 312(A) Suelo 40400 EL ESPINAR (SEGOVIA),False,False,
7744706UL9174S,7744706,UL9174S,40.772367,-4.213256,900.0,EL ESPINAR,Residencial,CL,BURDEOS,312,CL BURDEOS 312(B) 40400 EL ESPINAR (SEGOVIA),True,True,
7744707UL9174S,7744707,UL9174S,40.772667,-4.213542,780.0,EL ESPINAR,"Obras de urbanización y jardineria, suelos sin edificar",CL,NIZA,311,CL NIZA 311(A) Suelo 40400 EL ESPINAR (SEGOVIA),False,False,
7750101UL9175S,7750101,UL9175S,40.77822,-4.215477,1028.0,EL ESPINAR,"Obras de urbanización y jardineria, suelos sin edificar",CL,MILAN,217,CL MILAN 217 Suelo EL ESPINAR (SEGOVIA),False,False,
7750102UL9175S,7750102,UL9175S,40.77849,-4.215182,945.0,EL ESPINAR,"Obras de urbanización y jardineria, suelos sin edificar",CL,NAPOLES-ANG.SAN RAF.,216,CL NAPOLES-ANG.SAN RAF. 216 Suelo 40400 EL ESPINAR (SEGOVIA),False,False,
7750103UL9175S,7750103,UL9175S,40.778535,-4.214837,1060.0,EL ESPINAR,Deportivo,CL,NAPOLES-ANG.SAN RAF.,215,CL NAPOLES-ANG.SAN RAF. 215 40400 EL ESPINAR (SEGOVIA),False,False,
7750104UL9175S,7750104,UL9175S,40.778559,-4.214472,1009.0,EL ESPINAR,"Obras de urbanización y jardineria, suelos sin edificar",CL,NAPOLES-ANG.SAN RAF.,214,CL NAPOLES-ANG.SAN RAF. 214 Suelo 40400 EL ESPINAR (SEGOVIA),False,False,
7750105UL9175S,7750105,UL9175S,40.77859,-4.214107,966.0,EL ESPINAR,Residencial,CL,NAPOLES-ANG.SAN RAF.,213,CL NAPOLES-ANG.SAN RAF. 213 40400 EL ESPINAR (SEGOVIA),True,True,
7750106UL9175S,7750106,UL9175S,40.778624,-4.213756,898.0,EL ESPINAR,Residencial,CL,NAPOLES-ANG.SAN RAF.,212,CL NAPOLES-ANG.SAN RAF. 212 Es:1 Pl:02 Pt:01 40400 EL ESPINAR (SEGOVIA),True,True,
7750107UL9175S,7750107,UL9175S,40.778654,-4.213413,934.0,EL ESPINAR,Residencial,CL,NAPOLES-ANG.SAN RAF.,211,CL NAPOLES-ANG.SAN RAF. 211 40400 EL ESPINAR (SEGOVIA),True,True,
7750108UL9175S,7750108,UL9175S,40.778671,-4.213059,977.0,EL ESPINAR,Residencial,CL,NAPOLES-ANG.SAN RAF.,210,CL NAPOLES-ANG.SAN RAF. 210 Es:1 Pl:00 Pt:01 40400 EL ESPINAR (SEGOVIA),True,True,
7750109UL9175S,7750109,UL9175S,40.778678,-4.212701,967.0,EL ESPINAR,Residencial,CL,NAPOLES-ANG.SAN RAF.,209,CL NAPOLES-ANG.SAN RAF. 209 Es:1 Pl:00 Pt:01 40400 EL ESPINAR (SEGOVIA),True,True,
7750110UL9175S,7750110,UL9175S,40.778679,-4.212343,984.0,EL ESPINAR,Residencial,CL,NAPOLES-ANG.SAN RAF.,208,CL NAPOLES-ANG.SAN RAF. 208 Es:1 Pl:00 Pt:01 40400 EL ESPINAR (SEGOVIA),True,True,
7750111UL9175S,7750111,UL9175S,40.778676,-4.212005,930.0,EL ESPINAR,Residencial,CL,VENECIA,207,CL VENECIA 207 40400 EL ESPINAR (SEGOVIA),True,True,
7750112UL9175S,7750112,UL9175S,40.778379,-4.212011,866.0,EL ESPINAR,Residencial,CL,ROMA,227,CL ROMA 227 40400 EL ESPINAR (SEGOVIA),True,True,
7750113UL9175S,7750113,UL9175S,40.778381,-4.212349,1019.0,EL ESPINAR,Residencial,CL,ROMA,226,CL ROMA 226 Es:1 Pl:00 Pt:01 40400 EL ESPINAR (SEGOVIA),True,True,
7750114UL9175S,7750114,UL9175S,40.778385,-4.212702,967.0,EL ESPINAR,Residencial,CL,ROMA,225,CL ROMA 225 40400 EL ESPINAR (SEGOVIA),True,True,
7750115UL9175S,7750115,UL9175S,40.77838,-4.213056,977.0,EL ESPINAR,Residencial,CL,ROMA,224,CL ROMA 224 Es:1 Pl:00 Pt:01 40400 EL ESPINAR (SEGOVIA),True,True,
7750116UL9175S,7750116,UL9175S,40.778358,-4.2134,944.0,EL ESPINAR,Residencial,CL,ROMA,223,CL ROMA 223 40400 EL ESPINAR (SEGOVIA),True,True,
7750117UL9175S,7750117,UL9175S,40.778326,-4.213751,1073.0,EL ESPINAR,Residencial,CL,ROMA,222,CL ROMA 222 40400 EL ESPINAR (SEGOVIA),True,True,
7750118UL9175S,7750118,UL9175S,40.778288,-4.214102,1006.0,EL ESPINAR,Residencial,CL,ROMA,221,CL ROMA 221 40400 EL ESPINAR (SEGOVIA),True,True,
7750119UL9175S,7750119,UL9175S,40.778245,-4.214453,1126.0,EL ESPINAR,Residencial,CL,ROMA,220,CL ROMA 220 Es:1 Pl:00 Pt:01 40400 EL ESPINAR (SEGOVIA),True,True,
7750120UL9175S,7750120,UL9175S,40.778213,-4.214813,1126.0,EL ESPINAR,Residencial,CL,ROMA,219,CL ROMA 219 Es:1 Pl:00 Pt:01 40400 EL ESPINAR (SEGOVIA),True,True,
7750121UL9175S,7750121,UL9175S,40.778182,-4.215177,1184.0,EL ESPINAR,Residencial,CL,ROMA,218,CL ROMA 218 Es:1 Pl:00 Pt:01 40400 EL ESPINAR (SEGOVIA),True,True,
7750122UL9175S,7750122,UL9175S,40.778139,-4.215763,968.0,EL ESPINAR,"Obras de urbanización y jardineria, suelos sin edificar",CL,MILAN,217,CL MILAN 217(B) Suelo 40400 EL ESPINAR (SEGOVIA),False,False,
7752701UL9175S,7752701,UL9175S,40.778884,-4.214855,1025.0,EL ESPINAR,"Obras de urbanización y jardineria, suelos sin edificar",CL,MILAN,191,CL MILAN 191 Suelo 40400 EL ESPINAR (SEGOVIA),False,False,
7752702UL9175S,7752702,UL9175S,40.779133,-4.214833,966.0,EL ESPINAR,"Obras de urbanización y jardineria, suelos sin edificar",CL,MILAN,126,CL MILAN 126 Suelo 40400 EL ESPINAR (SEGOVIA),False,False,
7752703UL9175S,7752703,UL9175S,40.779406,-4.214737,882.0,EL ESPINAR,"Obras de urbanización y jardineria, suelos sin edificar",CL,MILAN,125,CL MILAN 125 Suelo 40400 EL ESPINAR (SEGOVIA),False,False,
7752704UL9175S,7752704,UL9175S,40.779665,-4.214637,849.0,EL ESPINAR,Residencial,CL,MILAN,124,CL MILAN 124 A 40400 EL ESPINAR (SEGOVIA),True,True,
7752705UL9175S,7752705,UL9175S,40.779921,-4.214555,793.0,EL ESPINAR,Residencial,CL,MILAN,123,CL MILAN 123 40400 EL ESPINAR (SEGOVIA),True,True,
7752706UL9175S,7752706,UL9175S,40.780191,-4.214473,794.0,EL ESPINAR,Residencial,CL,MILAN,122,CL MILAN 122 Es:1 Pl:00 Pt:01 40400 EL ESPINAR (SEGOVIA),True,True,
7752707UL9175S,7752707,UL9175S,40.780463,-4.214445,826.0,EL ESPINAR,Residencial,CL,MILAN,121,CL MILAN 121 40400 EL ESPINAR (SEGOVIA),True,True,
7752708UL9175S,7752708,UL9175S,40.780745,-4.21445,1204.0,EL ESPINAR,Residencial,CL,MILAN,120,CL MILAN 120 Es:1 Pl:00 Pt:01 40400 EL ESPINAR (SEGOVIA),True,True,
7752709UL9175S,7752709,UL9175S,40.781047,-4.214418,1510.0,EL ESPINAR,Residencial,CL,MILAN,119,CL MILAN 119 Es:1 Pl:00 Pt:01 40400 EL ESPINAR (SEGOVIA),True,True,
7752710UL9175S,7752710,UL9175S,40.780893,-4.213954,1310.0,EL ESPINAR,Deportivo,CL,RAVENA,118,CL RAVENA 118 40400 EL ESPINAR (SEGOVIA),False,False,
7752711UL9175S,7752711,UL9175S,40.780609,-4.214032,1170.0,EL ESPINAR,Residencial,CL,RAVENA,117,CL RAVENA 117 Es:1 Pl:00 Pt:01 40400 EL ESPINAR (SEGOVIA),True,True,
7752712UL9175S,7752712,UL9175S,40.780323,-4.214114,991.0,EL ESPINAR,Residencial,CL,RAVENA,116,CL RAVENA 116 40400 EL ESPINAR (SEGOVIA),True,True,
7752713UL9175S,7752713,UL9175S,40.779958,-4.214221,1344.0,EL ESPINAR,Residencial,CL,RAVENA,115,CL RAVENA 115 40400 EL ESPINAR (SEGOVIA),True,True,
7752714UL9175S,7752714,UL9175S,40.779584,-4.214353,825.0,EL ESPINAR,Residencial,CL,RAVENA,113,CL RAVENA 113 Es:1 Pl:00 Pt:01 40400 EL ESPINAR (SEGOVIA),True,True,
7752715UL9175S,7752715,UL9175S,40.779242,-4.214412,1250.0,EL ESPINAR,Residencial,CL,RAVENA,112,CL RAVENA 112 A 40400 EL ESPINAR (SEGOVIA),True,True,
7752716UL9175S,7752716,UL9175S,40.779239,-4.214032,960.0,EL ESPINAR,Residencial,CL,RAVENA,111,CL RAVENA 111 40400 EL ESPINAR (SEGOVIA),True,True,
7752717UL9175S,7752717,UL9175S,40.779576,-4.213909,1031.0,EL ESPINAR,"Obras de urbanización y jardineria, suelos sin edificar",CL,RAVENA,110,CL RAVENA 110 Suelo 40400 EL ESPINAR (SEGOVIA),False,False,
7752718UL9175S,7752718,UL9175S,40.779862,-4.213761,1255.0,EL ESPINAR,Residencial,CL,RAVENA,109,CL RAVENA 109 40400 EL ESPINAR (SEGOVIA),True,True,
7752719UL9175S,7752719,UL9175S,40.780142,-4.213594,1562.0,EL ESPINAR,Residencial,CL,RAVENA,108,CL RAVENA 108 40400 EL ESPINAR (SEGOVIA),True,True,
7752720UL9175S,7752720,UL9175S,40.780436,-4.21354,1139.0,EL ESPINAR,Residencial,CL,RAVENA,100,CL RAVENA 100 Es:1 Pl:00 Pt:01 40400 EL ESPINAR (SEGOVIA),True,True,
7752721UL9175S,7752721,UL9175S,40.780716,-4.213443,1153.0,EL ESPINAR,"Obras de urbanización y jardineria, suelos sin edificar",CL,RAVENA,99,CL RAVENA 99 Suelo 40400 EL ESPINAR (SEGOVIA),False,False,
7752722UL9175S,7752722,UL9175S,40.780613,-4.213072,954.0,EL ESPINAR,Residencial,CL,VENECIA,98,CL VENECIA 98 40400 EL ESPINAR (SEGOVIA),True,True,
7752723UL9175S,7752723,UL9175S,40.780454,-4.212758,936.0,EL ESPINAR,Residencial,CL,CAPRI,97,CL CAPRI 97 40400 EL ESPINAR (SEGOVIA),True,True,
7752724UL9175S,7752724,UL9175S,40.780328,-4.213139,1202.0,EL ESPINAR,Residencial,CL,CAPRI,101,CL CAPRI 101 40400 EL ESPINAR (SEGOVIA),True,True,
7752725UL9175S,7752725,UL9175S,40.779859,-4.213188,1044.0,EL ESPINAR,Residencial,CL,CAPRI,107,CL CAPRI 107 40400 EL ESPINAR (SEGOVIA),True,True,
7752726UL9175S,7752726,UL9175S,40.779964,-4.212852,1244.0,EL ESPINAR,"Obras de urbanización y jardineria, suelos sin edificar",CL,CAPRI,102,CL CAPRI 102 Suelo 40400 EL ESPINAR (SEGOVIA),False,False,
7752727UL9175S,7752727,UL9175S,40.780071,-4.212519,1242.0,EL ESPINAR,Residencial,CL,VENECIA,96,CL VENECIA 96 Es:1 Pl:00 Pt:01 40400 EL ESPINAR (SEGOVIA),True,True,
7752728UL9175S,7752728,UL9175S,40.779717,-4.212301,1377.0,EL ESPINAR,Residencial,CL,GENOVA,95,CL GENOVA 95 Es:1 Pl:00 Pt:01 40400 EL ESPINAR (SEGOVIA),True,True,
7752729UL9175S,7752729,UL9175S,40.779656,-4.212665,1132.0,EL ESPINAR,Residencial,CL,GENOVA,103,CL GENOVA 103 Es:1 Pl:00 Pt:01 40400 EL ESPINAR (SEGOVIA),True,True,
7752730UL9175S,7752730,UL9175S,40.779578,-4.213043,1020.0,EL ESPINAR,Residencial,CL,GENOVA,106,CL GENOVA 106 Es:1 Pl:00 Pt:01 40400 EL ESPINAR (SEGOVIA),True,True,
7752731UL9175S,7752731,UL9175S,40.779289,-4.212956,1154.0,EL ESPINAR,"Obras de urbanización y jardineria, suelos sin edificar",CL,GENOVA,105,CL GENOVA 105 Suelo 40400 EL ESPINAR (SEGOVIA),False,False,
7752732UL9175S,7752732,UL9175S,40.779292,-4.21252,1031.0,EL ESPINAR,Residencial,CL,GENOVA,104,CL GENOVA 104 Es:1 Pl:00 Pt:01 40400 EL ESPINAR (SEGOVIA),True,True,
7752733UL9175S,7752733,UL9175S,40.779302,-4.212124,951.0,EL ESPINAR,Residencial,CL,GENOVA,94,CL GENOVA 94 40400 EL ESPINAR (SEGOVIA),True,True,
7752734UL9175S,7752734,UL9175S,40.779047,-4.212102,1139.0,EL ESPINAR,Residencial,CL,NAPOLES-ANG.SAN RAF.,185,CL NAPOLES-ANG.SAN RAF. 185 40400 EL ESPINAR (SEGOVIA),True,True,
7752735UL9175S,7752735,UL9175S,40.779036,-4.21258,1048.0,EL ESPINAR,Residencial,CL,NAPOLES-ANG.SAN RAF.,186,CL NAPOLES-ANG.SAN RAF. 186 Es:1 Pl:00 Pt:01 40400 EL ESPINAR (SEGOVIA),True,True,
7752736UL9175S,7752736,UL9175S,40.779026,-4.213036,1041.0,EL ESPINAR,Residencial,CL,NAPOLES-ANG.SAN RAF.,187,CL NAPOLES-ANG.SAN RAF. 187 Es:1 Pl:00 Pt:01 40400 EL ESPINAR (SEGOVIA),True,True,
7752737UL9175S,7752737,UL9175S,40.778998,-4.21352,1155.0,EL ESPINAR,Residencial,CL,NAPOLES-ANG.SAN RAF.,188,CL NAPOLES-ANG.SAN RAF. 188 40400 EL ESPINAR (SEGOVIA),True,True,
7752738UL9175S,7752738,UL9175S,40.778954,-4.214007,1211.0,EL ESPINAR,Residencial,CL,NAPOLES-ANG.SAN RAF.,189,CL NAPOLES-ANG.SAN RAF. 189 40400 EL ESPINAR (SEGOVIA),True,True,
7752739UL9175S,7752739,UL9175S,40.778942,-4.214436,1014.0,EL ESPINAR,"Obras de urbanización y jardineria, suelos sin edificar",CL,NAPOLES-ANG.SAN RAF.,190,CL NAPOLES-ANG.SAN RAF. 190 Suelo 40400 EL ESPINAR (SEGOVIA),False,False,
7752740UL9175S,7752740,UL9175S,40.779444,-4.213506,3766.0,EL ESPINAR,Almacen-Estacionamiento.Uso Residencial,CL,CAPRI,,CL CAPRI 40400 EL ESPINAR (SEGOVIA),True,True,
7844201UL9174S,7844201,UL9174S,40.773172,-4.212001,201.0,EL ESPINAR,Residencial,CL,RIO GUADALQUIVIR,11,CL RIO GUADALQUIVIR 11 PARCELA 1 40400 EL ESPINAR (SEGOVIA),True,True,
7844202UL9174S,7844202,UL9174S,40.773116,-4.211872,198.0,EL ESPINAR,Residencial,CL,RIO GUADALQUIVIR,9,CL RIO GUADALQUIVIR 9 PARCELA 2 40400 EL ESPINAR (SEGOVIA),True,True,
7844203UL9174S,7844203,UL9174S,40.773059,-4.211739,212.0,EL ESPINAR,Residencial,CL,RIO GUADALQUIVIR,7,CL RIO GUADALQUIVIR 7 PARCELA 3 40400 EL ESPINAR (SEGOVIA),True,True,
7844204UL9174S,7844204,UL9174S,40.77297,-4.211849,203.0,EL ESPINAR,Residencial,CL,PJE ACUEDUCTO,30,CL PJE ACUEDUCTO 30(D) N2-31 PARCELA 4 40424 EL ESPINAR (SEGOVIA),True,True,
7844205UL9174S,7844205,UL9174S,40.772888,-4.211911,200.0,EL ESPINAR,Residencial,CL,PJE ACUEDUCTO,30,CL PJE ACUEDUCTO 30(E) 40424 EL ESPINAR (SEGOVIA),True,True,
7844206UL9174S,7844206,UL9174S,40.7728,-4.211971,199.0,EL ESPINAR,Residencial,CL,PJE ACUEDUCTO,30,CL PJE ACUEDUCTO 30(F) PARCELA 6 40400 EL ESPINAR (SEGOVIA),True,True,
7844207UL9174S,7844207,UL9174S,40.77288,-4.21215,200.0,EL ESPINAR,Residencial,CL,CIRCUITO DEL ACUEDUCTO,30,CL CIRCUITO DEL ACUEDUCTO 30(G) PARCELA 7 40400 EL ESPINAR (SEGOVIA),True,True,
7844208UL9174S,7844208,UL9174S,40.772972,-4.212107,200.0,EL ESPINAR,Residencial,CL,CIRCUITO DEL ACUEDUCTO,30,CL CIRCUITO DEL ACUEDUCTO 30(H) PARCELA 8 40400 EL ESPINAR (SEGOVIA),True,True,
7844209UL9174S,7844209,UL9174S,40.773054,-4.212046,200.0,EL ESPINAR,Residencial,CL,CIRCUITO DEL ACUEDUCTO,30,CL CIRCUITO DEL ACUEDUCTO 30(I) PARCELA 9 40400 EL ESPINAR (SEGOVIA),True,True,
7844401UL9174S,7844401,UL9174S,40.772952,-4.211504,203.0,EL ESPINAR,Residencial,CL,RIO GUADALQUIVIR,5,CL RIO GUADALQUIVIR 5 PARCELA 10 40400 EL ESPINAR (SEGOVIA),True,True,
7844402UL9174S,7844402,UL9174S,40.772896,-4.211375,200.0,EL ESPINAR,Residencial,CL,RIO GUADALQUIVIR,3,CL RIO GUADALQUIVIR 3 40400 EL ESPINAR (SEGOVIA),True,True,
7844403UL9174S,7844403,UL9174S,40.77284,-4.211245,201.0,EL ESPINAR,Residencial,CL,RIO GUADALQUIVIR,1,CL RIO GUADALQUIVIR 1 PARCELA 12 40400 EL ESPINAR (SEGOVIA),True,True,
7844404UL9174S,7844404,UL9174S,40.772751,-4.211357,200.0,EL ESPINAR,Residencial,CL,CIRCUITO DEL ACUEDUCTO,32,CL CIRCUITO DEL ACUEDUCTO 32(D) PARCELA 13 40400 EL ESPINAR (SEGOVIA),True,True,
7844405UL9174S,7844405,UL9174S,40.772669,-4.211418,199.0,EL ESPINAR,Residencial,CL,CIRCUITO DEL ACUEDUCTO,32,CL CIRCUITO DEL ACUEDUCTO 32(E) PARCELA 14 40400 EL ESPINAR (SEGOVIA),True,True,
7844406UL9174S,7844406,UL9174S,40.772583,-4.211481,214.0,EL ESPINAR,Residencial,CL,CIRCUITO DEL ACUEDUCTO,32,CL CIRCUITO DEL ACUEDUCTO 32(F) PARCELA 15 40400 EL ESPINAR (SEGOVIA),True,True,
7844407UL9174S,7844407,UL9174S,40.772666,-4.211674,211.0,EL ESPINAR,Residencial,CL,RIO GUADALQUIVIR,32,CL RIO GUADALQUIVIR 32(G) N2-33 PARCELA 16 40400 EL ESPINAR (SEGOVIA),True,True,
7844408UL9174S,7844408,UL9174S,40.772752,-4.211612,197.0,EL ESPINAR,Residencial,CL,PJE ACUEDUCTO,32,CL PJE ACUEDUCTO 32(H) PARCELA 17 40424 EL ESPINAR (SEGOVIA),True,True,
7844409UL9174S,7844409,UL9174S,40.772835,-4.211551,195.0,EL ESPINAR,Residencial,CL,PJE ACUEDUCTO,32,CL PJE ACUEDUCTO 32(I) PARCELA 18 40424 EL ESPINAR (SEGOVIA),True,True,
7845202UL9174N,7845202,UL9174N,40.775206,-4.213338,3156.0,EL ESPINAR,"Obras de urbanización y jardineria, suelos sin edificar",AV,FRANCIA,2,AV FRANCIA 2 Suelo 40400 EL ESPINAR (SEGOVIA),False,False,
7845203UL9174N,7845203,UL9174N,40.775514,-4.213005,2251.0,EL ESPINAR,Industrial,AV,FRANCIA,3,AV FRANCIA 3 40400 EL ESPINAR (SEGOVIA),False,False,
7845204UL9174N,7845204,UL9174N,40.775565,-4.212464,2041.0,EL ESPINAR,"Obras de urbanización y jardineria, suelos sin edificar",AV,FRANCIA,4,AV FRANCIA 4 Suelo 40400 EL ESPINAR (SEGOVIA),False,False,
7845205UL9174N,7845205,UL9174N,40.775485,-4.211932,1651.0,EL ESPINAR,"Obras de urbanización y jardineria, suelos sin edificar",AV,FRANCIA,5,AV FRANCIA 5 Suelo 40400 EL ESPINAR (SEGOVIA),False,False,
7845213UL9174N,7845213,UL9174N,40.77528,-4.212065,284.0,EL ESPINAR,"Obras de urbanización y jardineria, suelos sin edificar",CL,RIO MOROS,32,CL RIO MOROS 32 Suelo 40400 EL ESPINAR (SEGOVIA),False,False,
7845214UL9174N,7845214,UL9174N,40.775213,-4.212103,266.0,EL ESPINAR,"Obras de urbanización y jardineria, suelos sin edificar",CL,RIO MOROS,34,CL RIO MOROS 34 Suelo 40400 EL ESPINAR (SEGOVIA),False,False,
7845215UL9174N,7845215,UL9174N,40.775145,-4.212135,256.0,EL ESPINAR,"Obras de urbanización y jardineria, suelos sin edificar",CL,RIO MOROS,36,CL RIO MOROS 36 Suelo 40400 EL ESPINAR (SEGOVIA),False,False,
7845216UL9174N,7845216,UL9174N,40.775076,-4.21216,258.0,EL ESPINAR,"Obras de urbanización y jardineria, suelos sin edificar",CL,RIO MOROS,38,CL RIO MOROS 38 Suelo 40400 EL ESPINAR (SEGOVIA),False,False,
7845217UL9174N,7845217,UL9174N,40.775011,-4.212201,234.0,EL ESPINAR,"Obras de urbanización y jardineria, suelos sin edificar",CL,RIO MOROS,40,CL RIO MOROS 40 Suelo 40400 EL ESPINAR (SEGOVIA),False,False,
7845218UL9174N,7845218,UL9174N,40.775194,-4.212364,318.0,EL ESPINAR,"Obras de urbanización y jardineria, suelos sin edificar",CL,RIO EBRO,6,CL RIO EBRO 6 Suelo 40424 EL ESPINAR (SEGOVIA),False,False,
7845219UL9174N,7845219,UL9174N,40.775214,-4.212455,319.0,EL ESPINAR,"Obras de urbanización y jardineria, suelos sin edificar",CL,RIO EBRO,8,CL RIO EBRO 8 Suelo 40424 EL ESPINAR (SEGOVIA),False,False,
7845220UL9174N,7845220,UL9174N,40.775246,-4.21254,294.0,EL ESPINAR,"Obras de urbanización y jardineria, suelos sin edificar",CL,RIO EBRO,10,CL RIO EBRO 10 Suelo 40424 EL ESPINAR (SEGOVIA),False,False,
7845221UL9174N,7845221,UL9174N,40.775294,-4.212624,269.0,EL ESPINAR,"Obras de urbanización y jardineria, suelos sin edificar",CL,RIO EBRO,12,CL RIO EBRO 12 Suelo 40424 EL ESPINAR (SEGOVIA),False,False,
7845222UL9174N,7845222,UL9174N,40.774951,-4.21327,766.0,EL ESPINAR,"Obras de urbanización y jardineria, suelos sin edificar",CL,RIO EBRO,39,CL RIO EBRO 39 Suelo 40424 EL ESPINAR (SEGOVIA),False,False,
7845223UL9174N,7845223,UL9174N,40.77487,-4.213153,478.0,EL ESPINAR,"Obras de urbanización y jardineria, suelos sin edificar",CL,RIO EBRO,37,CL RIO EBRO 37 Suelo 40424 EL ESPINAR (SEGOVIA),False,False,
7845224UL9174N,7845224,UL9174N,40.774798,-4.213019,529.0,EL ESPINAR,"Obras de urbanización y jardineria, suelos sin edificar",CL,RIO EBRO,35,CL RIO EBRO 35 Suelo 40424 EL ESPINAR (SEGOVIA),False,False,
7845225UL9174N,7845225,UL9174N,40.774773,-4.212814,447.0,EL ESPINAR,"Obras de urbanización y jardineria, suelos sin edificar",CL,RIO EBRO,33,CL RIO EBRO 33 Suelo 40424 EL ESPINAR (SEGOVIA),False,False,
7845226UL9174N,7845226,UL9174N,40.774788,-4.212672,311.0,EL ESPINAR,"Obras de urbanización y jardineria, suelos sin edificar",CL,RIO EBRO,31,CL RIO EBRO 31 Suelo 40424 EL ESPINAR (SEGOVIA),False,False,
7845227UL9174N,7845227,UL9174N,40.774773,-4.21258,319.0,EL ESPINAR,"Obras de urbanización y jardineria, suelos sin edificar",CL,RIO EBRO,29,CL RIO EBRO 29 Suelo 40424 EL ESPINAR (SEGOVIA),False,False,
7845228UL9174N,7845228,UL9174N,40.774754,-4.212489,320.0,EL ESPINAR,"Obras de urbanización y jardineria, suelos sin edificar",CL,RIO EBRO,27,CL RIO EBRO 27 Suelo 40424 EL ESPINAR (SEGOVIA),False,False,
7845229UL9174N,7845229,UL9174N,40.774734,-4.212398,320.0,EL ESPINAR,"Obras de urbanización y jardineria, suelos sin edificar",CL,RIO EBRO,25,CL RIO EBRO 25 Suelo 40424 EL ESPINAR (SEGOVIA),False,False,
7845230UL9174N,7845230,UL9174N,40.774715,-4.212307,319.0,EL ESPINAR,"Obras de urbanización y jardineria, suelos sin edificar",CL,RIO EBRO,23,CL RIO EBRO 23 Suelo 40424 EL ESPINAR (SEGOVIA),False,False,
7845231UL9174N,7845231,UL9174N,40.774695,-4.212216,320.0,EL ESPINAR,"Obras de urbanización y jardineria, suelos sin edificar",CL,RIO EBRO,21,CL RIO EBRO 21 Suelo 40424 EL ESPINAR (SEGOVIA),False,False,
7845232UL9174N,7845232,UL9174N,40.774675,-4.212125,321.0,EL ESPINAR,"Obras de urbanización y jardineria, suelos sin edificar",CL,RIO EBRO,19,CL RIO EBRO 19 Suelo 40424 EL ESPINAR (SEGOVIA),False,False,
7845233UL9174N,7845233,UL9174N,40.774656,-4.212033,320.0,EL ESPINAR,"Obras de urbanización y jardineria, suelos sin edificar",CL,RIO EBRO,17,CL RIO EBRO 17 Suelo 40424 EL ESPINAR (SEGOVIA),False,False,
7845234UL9174N,7845234,UL9174N,40.774636,-4.211942,318.0,EL ESPINAR,"Obras de urbanización y jardineria, suelos sin edificar",CL,RIO EBRO,15,CL RIO EBRO 15 Suelo 40424 EL ESPINAR (SEGOVIA),False,False,
7845235UL9174N,7845235,UL9174N,40.774617,-4.211851,320.0,EL ESPINAR,"Obras de urbanización y jardineria, suelos sin edificar",CL,RIO EBRO,13,CL RIO EBRO 13 Suelo 40424 EL ESPINAR (SEGOVIA),False,False,
7845236UL9174N,7845236,UL9174N,40.774596,-4.21176,319.0,EL ESPINAR,"Obras de urbanización y jardineria, suelos sin edificar",CL,RIO EBRO,11,CL RIO EBRO 11 Suelo 40424 EL ESPINAR (SEGOVIA),False,False,
7845237UL9174N,7845237,UL9174N,40.774561,-4.211661,380.0,EL ESPINAR,"Obras de urbanización y jardineria, suelos sin edificar",CL,RIO EBRO,9,CL RIO EBRO 9 Suelo 40424 EL ESPINAR (SEGOVIA),False,False,
7845238UL9174N,7845238,UL9174N,40.774584,-4.211569,214.0,EL ESPINAR,"Obras de urbanización y jardineria, suelos sin edificar",CL,RIO EBRO,7,CL RIO EBRO 7 Suelo 40424 EL ESPINAR (SEGOVIA),False,False,
7845239UL9174N,7845239,UL9174N,40.774534,-4.211503,229.0,EL ESPINAR,"Obras de urbanización y jardineria, suelos sin edificar",CL,RIO EBRO,5,CL RIO EBRO 5 Suelo 40424 EL ESPINAR (SEGOVIA),False,False,
7845240UL9174N,7845240,UL9174N,40.774484,-4.211435,225.0,EL ESPINAR,"Obras de urbanización y jardineria, suelos sin edificar",CL,RIO EBRO,3,CL RIO EBRO 3 Suelo 40424 EL ESPINAR (SEGOVIA),False,False,
7845241UL9174N,7845241,UL9174N,40.774448,-4.211347,202.0,EL ESPINAR,"Obras de urbanización y jardineria, suelos sin edificar",CL,RIO EBRO,1,CL RIO EBRO 1 Suelo 40424 EL ESPINAR (SEGOVIA),False,False,
7845242UL9174N,7845242,UL9174N,40.774389,-4.211175,202.0,EL ESPINAR,"Obras de urbanización y jardineria, suelos sin edificar",CL,RIO TURIA,2,CL RIO TURIA 2 Suelo 40400 EL ESPINAR (SEGOVIA),False,False,
7845243UL9174N,7845243,UL9174N,40.774338,-4.211267,199.0,EL ESPINAR,"Obras de urbanización y jardineria, suelos sin edificar",CL,RIO TURIA,4,CL RIO TURIA 4 Suelo 40400 EL ESPINAR (SEGOVIA),False,False,
7845244UL9174N,7845244,UL9174N,40.774285,-4.211331,200.0,EL ESPINAR,"Obras de urbanización y jardineria, suelos sin edificar",CL,RIO TURIA,6,CL RIO TURIA 6 Suelo 40400 EL ESPINAR (SEGOVIA),False,False,
7845245UL9174N,7845245,UL9174N,40.774279,-4.211461,319.0,EL ESPINAR,"Obras de urbanización y jardineria, suelos sin edificar",CL,RIO TURIA,8,CL RIO TURIA 8 Suelo 40400 EL ESPINAR (SEGOVIA),False,False,
7845246UL9174N,7845246,UL9174N,40.774226,-4.211526,319.0,EL ESPINAR,"Obras de urbanización y jardineria, suelos sin edificar",CL,RIO TURIA,10,CL RIO TURIA 10 Suelo 40400 EL ESPINAR (SEGOVIA),False,False,
7845247UL9174N,7845247,UL9174N,40.774173,-4.21159,320.0,EL ESPINAR,"Obras de urbanización y jardineria, suelos sin edificar",CL,RIO TURIA,12,CL RIO TURIA 12 Suelo 40400 EL ESPINAR (SEGOVIA),False,False,
7845248UL9174N,7845248,UL9174N,40.774121,-4.211655,319.0,EL ESPINAR,"Obras de urbanización y jardineria, suelos sin edificar",CL,RIO TURIA,14,CL RIO TURIA 14 Suelo 40400 EL ESPINAR (SEGOVIA),False,False,
7845249UL9174N,7845249,UL9174N,40.774068,-4.21172,321.0,EL ESPINAR,"Obras de urbanización y jardineria, suelos sin edificar",CL,RIO TURIA,16,CL RIO TURIA 16 Suelo 40400 EL ESPINAR (SEGOVIA),False,False,
7845250UL9174N,7845250,UL9174N,40.774016,-4.211784,320.0,EL ESPINAR,"Obras de urbanización y jardineria, suelos sin edificar",CL,RIO TURIA,18,CL RIO TURIA 18 Suelo 40400 EL ESPINAR (SEGOVIA),False,False,
7845251UL9174N,7845251,UL9174N,40.773963,-4.211849,319.0,EL ESPINAR,"Obras de urbanización y jardineria, suelos sin edificar",CL,RIO TURIA,20,CL RIO TURIA 20 Suelo 40400 EL ESPINAR (SEGOVIA),False,False,
7845252UL9174N,7845252,UL9174N,40.773911,-4.211913,319.0,EL ESPINAR,"Obras de urbanización y jardineria, suelos sin edificar",CL,RIO TURIA,22,CL RIO TURIA 22 Suelo 40400 EL ESPINAR (SEGOVIA),False,False,
7845253UL9174N,7845253,UL9174N,40.773852,-4.211967,301.0,EL ESPINAR,"Obras de urbanización y jardineria, suelos sin edificar",CL,RIO TURIA,24,CL RIO TURIA 24 Suelo 40400 EL ESPINAR (SEGOVIA),False,False,
7845254UL9174N,7845254,UL9174N,40.773782,-4.212008,259.0,EL ESPINAR,"Obras de urbanización y jardineria, suelos sin edificar",CL,RIO TURIA,26,CL RIO TURIA 26 Suelo 40400 EL ESPINAR (SEGOVIA),False,False,
7845255UL9174N,7845255,UL9174N,40.773712,-4.212048,214.0,EL ESPINAR,"Obras de urbanización y jardineria, suelos sin edificar",CL,RIO TURIA,28,CL RIO TURIA 28 Suelo 40400 EL ESPINAR (SEGOVIA),False,False,
7845256UL9174N,7845256,UL9174N,40.773966,-4.21218,3121.0,EL ESPINAR,"Obras de urbanización y jardineria, suelos sin edificar",CL,RIO TURIA,44,CL RIO TURIA 44(P) Suelo 40400 EL ESPINAR (SEGOVIA),False,False,
7853902UL9175S,7853902,UL9175S,40.781239,-4.212416,2444.0,EL ESPINAR,"Obras de urbanización y jardineria, suelos sin edificar",CL,FLORENCIA,83,CL FLORENCIA 83 Suelo 40400 EL ESPINAR (SEGOVIA),False,False,
7853903UL9175S,7853903,UL9175S,40.781647,-4.21246,2435.0,EL ESPINAR,Residencial,CL,FLORENCIA,84,CL FLORENCIA 84 Es:1 Pl:00 Pt:01 40400 EL ESPINAR (SEGOVIA),True,True,
7853904UL9175S,7853904,UL9175S,40.7817,-4.211855,946.0,EL ESPINAR,Residencial,CL,FLORENCIA,71,CL FLORENCIA 71(A) Es:1 Pl:00 Pt:01 40400 EL ESPINAR (SEGOVIA),True,True,
7853905UL9175S,7853905,UL9175S,40.781555,-4.211307,1717.0,EL ESPINAR,Residencial,CL,FLORENCIA,70,CL FLORENCIA 70 Es:1 Pl:00 Pt:01 40400 EL ESPINAR (SEGOVIA),True,True,
7853906UL9175S,7853906,UL9175S,40.781216,-4.211101,1673.0,EL ESPINAR,Residencial,UR,ANGEL S RAF I F,69,UR ANGEL S RAF I F 69 40424 EL ESPINAR (SEGOVIA),True,True,
7853907UL9175S,7853907,UL9175S,40.781078,-4.211543,1914.0,EL ESPINAR,Residencial,CL,ASIS,72,CL ASIS 72 40400 EL ESPINAR (SEGOVIA),True,True,
7853908UL9175S,7853908,UL9175S,40.780701,-4.211448,1591.0,EL ESPINAR,Residencial,CL,ASIS,73,CL ASIS 73 40400 EL ESPINAR (SEGOVIA),True,True,
7853909UL9175S,7853909,UL9175S,40.780851,-4.210882,1413.0,EL ESPINAR,Residencial,CL,ASIS,68,CL ASIS 68 40400 EL ESPINAR (SEGOVIA),True,True,
7853910UL9175S,7853910,UL9175S,40.780608,-4.210724,1549.0,EL ESPINAR,Residencial,CL,FLORENCIA,67,CL FLORENCIA 67 Es:1 Pl:00 Pt:01 40400 EL ESPINAR (SEGOVIA),True,True,
7853911UL9175S,7853911,UL9175S,40.780393,-4.211246,1993.0,EL ESPINAR,Residencial,CL,AREZO,74,CL AREZO 74 40400 EL ESPINAR (SEGOVIA),True,True,
7853912UL9175S,7853912,UL9175S,40.780077,-4.21109,1563.0,EL ESPINAR,"Obras de urbanización y jardineria, suelos sin edificar",CL,AREZO,75,CL AREZO 75 Suelo 40400 EL ESPINAR (SEGOVIA),False,False,
7853913UL9175S,7853913,UL9175S,40.780348,-4.210389,794.0,EL ESPINAR,Residencial,CL,AREZO,66,CL AREZO 66(A) 40400 EL ESPINAR (SEGOVIA),True,True,
7853914UL9175S,7853914,UL9175S,40.780052,-4.210415,1368.0,EL ESPINAR,Residencial,CL,GENOVA,65,CL GENOVA 65 40400 EL ESPINAR (SEGOVIA),True,True,
7853915UL9175S,7853915,UL9175S,40.779796,-4.210607,1060.0,EL ESPINAR,Residencial,CL,GENOVA,76,CL GENOVA 76 40400 EL ESPINAR (SEGOVIA),True,True,
7853916UL9175S,7853916,UL9175S,40.779787,-4.211025,1518.0,EL ESPINAR,Residencial,CL,GENOVA,77,CL GENOVA 77 Es:1 Pl:00 Pt:01 40400 EL ESPINAR (SEGOVIA),True,True,
7853917UL9175S,7853917,UL9175S,40.77972,-4.211671,1442.0,EL ESPINAR,Residencial,CL,GENOVA,78,CL GENOVA 78 Es:1 Pl:00 Pt:01 40400 EL ESPINAR (SEGOVIA),True,True,
7853918UL9175S,7853918,UL9175S,40.780038,-4.211836,1798.0,EL ESPINAR,Residencial,CL,VENECIA,79,CL VENECIA 79 Es:E Pl:00 Pt:01 40400 EL ESPINAR (SEGOVIA),True,True,
7853921UL9175S,7853921,UL9175S,40.781448,-4.211686,1173.0,EL ESPINAR,Residencial,CL,FLORENCIA,71,CL FLORENCIA 71(B) Es:1 Pl:00 Pt:01 40400 EL ESPINAR (SEGOVIA),True,True,
7853922UL9175S,7853922,UL9175S,40.78023,-4.210664,750.0,EL ESPINAR,Residencial,CL,AREZO,66,CL AREZO 66(B) 40400 EL ESPINAR (SEGOVIA),True,True,
7853923UL9175S,7853923,UL9175S,40.780286,-4.211964,996.0,EL ESPINAR,"Obras de urbanización y jardineria, suelos sin edificar",CL,VENECIA,80,CL VENECIA 80(A) Suelo 40400 EL ESPINAR (SEGOVIA),False,False,
7853924UL9175S,7853924,UL9175S,40.780453,-4.212047,1068.0,EL ESPINAR,"Obras de urbanización y jardineria, suelos sin edificar",CL,VENECIA,80,CL VENECIA 80(B) Suelo 40400 EL ESPINAR (SEGOVIA),False,False,
7853925UL9175S,7853925,UL9175S,40.780616,-4.212136,1130.0,EL ESPINAR,"Obras de urbanización y jardineria, suelos sin edificar",CL,VENECIA,81,CL VENECIA 81(A) Suelo 40400 EL ESPINAR (SEGOVIA),False,False,
7853926UL9175S,7853926,UL9175S,40.780774,-4.212236,1223.0,EL ESPINAR,"Obras de urbanización y jardineria, suelos sin edificar",CL,VENECIA,81,CL VENECIA 81(B) Suelo 40400 EL ESPINAR (SEGOVIA),False,False,
7853927UL9175S,7853927,UL9175S,40.780951,-4.212386,2072.0,EL ESPINAR,"Obras de urbanización y jardineria, suelos sin edificar",CL,VENECIA,82,CL VENECIA 82(S) Suelo 40400 EL ESPINAR (SEGOVIA),False,False,
7853999UL9175S,7853999,UL9175S,40.78078,-4.211757,3380.0,EL ESPINAR,"Obras de urbanización y jardineria, suelos sin edificar",CL,FLORENCIA,71,CL FLORENCIA 71 Suelo 40400 EL ESPINAR (SEGOVIA),False,False,
7944501UL9174S,7944501,UL9174S,40.772484,-4.210413,986.0,EL ESPINAR,"Obras de urbanización y jardineria, suelos sin edificar",CL,RIO GUADALQUIVIR,36,CL RIO GUADALQUIVIR 36 Suelo 40400 EL ESPINAR (SEGOVIA),False,False,
7944502UL9174S,7944502,UL9174S,40.77267,-4.210145,126.0,EL ESPINAR,Residencial,CL,RIO SIL,2,CL RIO SIL 2 40400 EL ESPINAR (SEGOVIA),True,True,
7944503UL9174S,7944503,UL9174S,40.772619,-4.210152,122.0,EL ESPINAR,Residencial,CL,RIO SIL,4,CL RIO SIL 4 40400 EL ESPINAR (SEGOVIA),True,True,
7944504UL9174S,7944504,UL9174S,40.772567,-4.210158,128.0,EL ESPINAR,Residencial,CL,RIO SIL,6,CL RIO SIL 6 40400 EL ESPINAR (SEGOVIA),True,True,
7944505UL9174S,7944505,UL9174S,40.772515,-4.210165,122.0,EL ESPINAR,Residencial,CL,RIO SIL,8,CL RIO SIL 8 40400 EL ESPINAR (SEGOVIA),True,True,
7944506UL9174S,7944506,UL9174S,40.772465,-4.210171,119.0,EL ESPINAR,Residencial,CL,RIO SIL,10,CL RIO SIL 10 40400 EL ESPINAR (SEGOVIA),True,True,
7944507UL9174S,7944507,UL9174S,40.772415,-4.210178,122.0,EL ESPINAR,Residencial,CL,RIO SIL,12,CL RIO SIL 12 40400 EL ESPINAR (SEGOVIA),True,True,
7944508UL9174S,7944508,UL9174S,40.772365,-4.210184,119.0,EL ESPINAR,Residencial,CL,RIO SIL,14,CL RIO SIL 14 40400 EL ESPINAR (SEGOVIA),True,True,
7944509UL9174S,7944509,UL9174S,40.772315,-4.210191,124.0,EL ESPINAR,Residencial,CL,RIO SIL,16,CL RIO SIL 16 40400 EL ESPINAR (SEGOVIA),True,True,
7944510UL9174S,7944510,UL9174S,40.772263,-4.210197,123.0,EL ESPINAR,Residencial,CL,RIO SIL,18,CL RIO SIL 18 40400 EL ESPINAR (SEGOVIA),True,True,
7945806UL9174N,7945806,UL9174N,40.774165,-4.210985,372.0,EL ESPINAR,Residencial,CL,RIO TURIA,1,CL RIO TURIA 1 40400 EL ESPINAR (SEGOVIA),True,True,
7945807UL9174N,7945807,UL9174N,40.774129,-4.210864,249.0,EL ESPINAR,Residencial,CL,RIO TAJO,31,CL RIO TAJO 31 40424 EL ESPINAR (SEGOVIA),True,True,
7945808UL9174N,7945808,UL9174N,40.774091,-4.210782,244.0,EL ESPINAR,Residencial,CL,RIO TAJO,29,CL RIO TAJO 29 40424 EL ESPINAR (SEGOVIA),True,True,
7945809UL9174N,7945809,UL9174N,40.774053,-4.210702,242.0,EL ESPINAR,Residencial,CL,RIO TAJO,27,CL RIO TAJO 27 40424 EL ESPINAR (SEGOVIA),True,True,
7945810UL9174N,7945810,UL9174N,40.774016,-4.21062,259.0,EL ESPINAR,Residencial,CL,RIO TAJO,25,CL RIO TAJO 25 40424 EL ESPINAR (SEGOVIA),True,True,
7945811UL9174N,7945811,UL9174N,40.773983,-4.210532,231.0,EL ESPINAR,Residencial,CL,RIO TAJO,23,CL RIO TAJO 23 40424 EL ESPINAR (SEGOVIA),True,True,
7945812UL9174N,7945812,UL9174N,40.773931,-4.210453,230.0,EL ESPINAR,Residencial,CL,RIO TAJO,21,CL RIO TAJO 21 40424 EL ESPINAR (SEGOVIA),True,True,
7945813UL9174N,7945813,UL9174N,40.773784,-4.210606,200.0,EL ESPINAR,Residencial,CL,RIO GUADIANA,2,CL RIO GUADIANA 2 40400 EL ESPINAR (SEGOVIA),True,True,
7945814UL9174N,7945814,UL9174N,40.773715,-4.210635,200.0,EL ESPINAR,Residencial,CL,RIO GUADIANA,4,CL RIO GUADIANA 4 40400 EL ESPINAR (SEGOVIA),True,True,
7945815UL9174N,7945815,UL9174N,40.773647,-4.210664,200.0,EL ESPINAR,Residencial,CL,RIO GUADIANA,6,CL RIO GUADIANA 6 40400 EL ESPINAR (SEGOVIA),True,True,
7945816UL9174N,7945816,UL9174N,40.773578,-4.210693,200.0,EL ESPINAR,Residencial,CL,RIO GUADIANA,8,CL RIO GUADIANA 8 40400 EL ESPINAR (SEGOVIA),True,True,
7945817UL9174N,7945817,UL9174N,40.77351,-4.210723,200.0,EL ESPINAR,Residencial,CL,RIO GUADIANA,10,CL RIO GUADIANA 10 40400 EL ESPINAR (SEGOVIA),True,True,
7945818UL9174N,7945818,UL9174N,40.773441,-4.210752,200.0,EL ESPINAR,Residencial,CL,RIO GUADIANA,12,CL RIO GUADIANA 12 40400 EL ESPINAR (SEGOVIA),True,True,
7945819UL9174N,7945819,UL9174N,40.773372,-4.210781,200.0,EL ESPINAR,Residencial,CL,RIO GUADIANA,14,CL RIO GUADIANA 14 40400 EL ESPINAR (SEGOVIA),True,True,
7945820UL9174N,7945820,UL9174N,40.773304,-4.21081,200.0,EL ESPINAR,Residencial,CL,RIO GUADIANA,16,CL RIO GUADIANA 16 40400 EL ESPINAR (SEGOVIA),True,True,
7945821UL9174N,7945821,UL9174N,40.773235,-4.210839,200.0,EL ESPINAR,Residencial,CL,RIO GUADIANA,18,CL RIO GUADIANA 18 40400 EL ESPINAR (SEGOVIA),True,True,
7945822UL9174N,7945822,UL9174N,40.773167,-4.210868,200.0,EL ESPINAR,Residencial,CL,RIO GUADIANA,20,CL RIO GUADIANA 20 40400 EL ESPINAR (SEGOVIA),True,True,
7945823UL9174N,7945823,UL9174N,40.773098,-4.210897,200.0,EL ESPINAR,Residencial,CL,RIO GUADIANA,22,CL RIO GUADIANA 22 40400 EL ESPINAR (SEGOVIA),True,True,
7945824UL9174N,7945824,UL9174N,40.77303,-4.210926,200.0,EL ESPINAR,Residencial,CL,RIO GUADIANA,24,CL RIO GUADIANA 24 40400 EL ESPINAR (SEGOVIA),True,True,
7945825UL9174N,7945825,UL9174N,40.772955,-4.210958,231.0,EL ESPINAR,Residencial,CL,RIO GUADIANA,26,CL RIO GUADIANA 26 40400 EL ESPINAR (SEGOVIA),True,True,
7945826UL9174N,7945826,UL9174N,40.773084,-4.211116,229.0,EL ESPINAR,Residencial,CL,RIO GUADALQUIVIR,16,CL RIO GUADALQUIVIR 16 40400 EL ESPINAR (SEGOVIA),True,True,
7945827UL9174N,7945827,UL9174N,40.773132,-4.211198,200.0,EL ESPINAR,Residencial,CL,RIO GUADALQUIVIR,18,CL RIO GUADALQUIVIR 18 40400 EL ESPINAR (SEGOVIA),True,True,
7945828UL9174N,7945828,UL9174N,40.773168,-4.21128,200.0,EL ESPINAR,Residencial,CL,RIO GUADALQUIVIR,20,CL RIO GUADALQUIVIR 20 40400 EL ESPINAR (SEGOVIA),True,True,
7945829UL9174N,7945829,UL9174N,40.773204,-4.211362,200.0,EL ESPINAR,Residencial,CL,RIO GUADALQUIVIR,22,CL RIO GUADALQUIVIR 22 40400 EL ESPINAR (SEGOVIA),True,True,
7945830UL9174N,7945830,UL9174N,40.77324,-4.211445,200.0,EL ESPINAR,Residencial,CL,RIO GUADALQUIVIR,24,CL RIO GUADALQUIVIR 24 40400 EL ESPINAR (SEGOVIA),True,True,
7945831UL9174N,7945831,UL9174N,40.773276,-4.211527,200.0,EL ESPINAR,Residencial,CL,RIO GUADALQUIVIR,26,CL RIO GUADALQUIVIR 26 40400 EL ESPINAR (SEGOVIA),True,True,
7945832UL9174N,7945832,UL9174N,40.773306,-4.211621,222.0,EL ESPINAR,Residencial,CL,RIO GUADALQUIVIR,28,CL RIO GUADALQUIVIR 28 40400 EL ESPINAR (SEGOVIA),True,True,
7945833UL9174N,7945833,UL9174N,40.773342,-4.211849,240.0,EL ESPINAR,Residencial,CL,RIO TURIA,27,CL RIO TURIA 27 40400 EL ESPINAR (SEGOVIA),True,True,
7945834UL9174N,7945834,UL9174N,40.773401,-4.211778,200.0,EL ESPINAR,Residencial,CL,RIO TURIA,25,CL RIO TURIA 25 40400 EL ESPINAR (SEGOVIA),True,True,
7945835UL9174N,7945835,UL9174N,40.773456,-4.211716,200.0,EL ESPINAR,Residencial,CL,RIO TURIA,23,CL RIO TURIA 23 40400 EL ESPINAR (SEGOVIA),True,True,
7945836UL9174N,7945836,UL9174N,40.773511,-4.211655,200.0,EL ESPINAR,Residencial,CL,RIO TURIA,21,CL RIO TURIA 21 40400 EL ESPINAR (SEGOVIA),True,True,
7945837UL9174N,7945837,UL9174N,40.773566,-4.211593,200.0,EL ESPINAR,Residencial,CL,RIO TURIA,19,CL RIO TURIA 19 40400 EL ESPINAR (SEGOVIA),True,True,
7945838UL9174N,7945838,UL9174N,40.77362,-4.211532,200.0,EL ESPINAR,Residencial,CL,RIO TURIA,17,CL RIO TURIA 17 40400 EL ESPINAR (SEGOVIA),True,True,
7945839UL9174N,7945839,UL9174N,40.773675,-4.21147,200.0,EL ESPINAR,Residencial,CL,RIO TURIA,15,CL RIO TURIA 15 40400 EL ESPINAR (SEGOVIA),True,True,
7945840UL9174N,7945840,UL9174N,40.77373,-4.211409,200.0,EL ESPINAR,Residencial,CL,RIO TURIA,13,CL RIO TURIA 13 40400 EL ESPINAR (SEGOVIA),True,True,
7945841UL9174N,7945841,UL9174N,40.773785,-4.211347,200.0,EL ESPINAR,Residencial,CL,RIO TURIA,11,CL RIO TURIA 11 40400 EL ESPINAR (SEGOVIA),True,True,
7945842UL9174N,7945842,UL9174N,40.77384,-4.211285,200.0,EL ESPINAR,Residencial,CL,RIO TURIA,9,CL RIO TURIA 9 40400 EL ESPINAR (SEGOVIA),True,True,
7945843UL9174N,7945843,UL9174N,40.773894,-4.211224,200.0,EL ESPINAR,Residencial,CL,RIO TURIA,7,CL RIO TURIA 7 40400 EL ESPINAR (SEGOVIA),True,True,
7945844UL9174N,7945844,UL9174N,40.773949,-4.211162,200.0,EL ESPINAR,Residencial,CL,RIO TURIA,5,CL RIO TURIA 5 40400 EL ESPINAR (SEGOVIA),True,True,
7945845UL9174N,7945845,UL9174N,40.774012,-4.21108,285.0,EL ESPINAR,Residencial,CL,RIO TURIA,3,CL RIO TURIA 3 40400 EL ESPINAR (SEGOVIA),True,True,
7945846UL9174N,7945846,UL9174N,40.773586,-4.211068,3118.0,EL ESPINAR,Deportivo,CL,RIO GUADIANA,0,CL RIO GUADIANA  Suelo 40400 EL ESPINAR (SEGOVIA),False,False,
7947702UL9174N,7947702,UL9174N,40.775577,-4.21101,1593.0,EL ESPINAR,"Obras de urbanización y jardineria, suelos sin edificar",CL,RIO MOROS,15,CL RIO MOROS 15 Suelo 40400 EL ESPINAR (SEGOVIA),False,False,
7947798UL9174N,7947798,UL9174N,40.774902,-4.210881,551.0,EL ESPINAR,"Obras de urbanización y jardineria, suelos sin edificar",CL,RIO MOROS,17,CL RIO MOROS 17 Suelo 40400 EL ESPINAR (SEGOVIA),False,False,
7947799UL9174N,7947799,UL9174N,40.775203,-4.210916,1551.0,EL ESPINAR,"Obras de urbanización y jardineria, suelos sin edificar",CL,RIO MOROS,19,CL RIO MOROS 19 Suelo 40400 EL ESPINAR (SEGOVIA),False,False,
7950301UL9175S,7950301,UL9175S,40.778683,-4.211511,936.0,EL ESPINAR,Residencial,CL,FLORENCIA,195,CL FLORENCIA 195 40400 EL ESPINAR (SEGOVIA),True,True,
7950302UL9175S,7950302,UL9175S,40.778686,-4.211107,1313.0,EL ESPINAR,Residencial,CL,FLORENCIA,194,CL FLORENCIA 194 Es:1 Pl:00 Pt:01 40400 EL ESPINAR (SEGOVIA),True,True,
7950303UL9175S,7950303,UL9175S,40.778707,-4.210657,1184.0,EL ESPINAR,Deportivo,CL,FLORENCIA,193,CL FLORENCIA 193 Suelo 40400 EL ESPINAR (SEGOVIA),False,False,
7950304UL9175S,7950304,UL9175S,40.778548,-4.209918,5033.0,EL ESPINAR,Residencial,CL,FLORENCIA,192,CL FLORENCIA 192 Es:1 Pl:00 Pt:01 40400 EL ESPINAR (SEGOVIA),True,True,
7950305UL9175S,7950305,UL9175S,40.77879,-4.20947,1742.0,EL ESPINAR,Residencial,CL,FLORENCIA,191,CL FLORENCIA 191(A) Es:1 Pl:00 Pt:01 40400 EL ESPINAR (SEGOVIA),True,True,
7950307UL9175S,7950307,UL9175S,40.778388,-4.210599,2021.0,EL ESPINAR,Residencial,CL,ROMA,198,CL ROMA 198 Es:1 Pl:00 Pt:01 40400 EL ESPINAR (SEGOVIA),True,True,
7950308UL9175S,7950308,UL9175S,40.778358,-4.211088,1259.0,EL ESPINAR,Residencial,CL,ROMA,197,CL ROMA 197 Es:1 Pl:00 Pt:01 40400 EL ESPINAR (SEGOVIA),True,True,
7950309UL9175S,7950309,UL9175S,40.778367,-4.211476,1248.0,EL ESPINAR,"Obras de urbanización y jardineria, suelos sin edificar",CL,ROMA,196,CL ROMA 196 Suelo 40400 EL ESPINAR (SEGOVIA),False,False,
7950501UL9175S,7950501,UL9175S,40.77796,-4.21152,951.0,EL ESPINAR,Residencial,CL,ROMA,206,CL ROMA 206 40400 EL ESPINAR (SEGOVIA),True,True,
7950502UL9175S,7950502,UL9175S,40.777962,-4.211175,947.0,EL ESPINAR,"Obras de urbanización y jardineria, suelos sin edificar",CL,ROMA,205,CL ROMA 205 Suelo 40400 EL ESPINAR (SEGOVIA),False,False,
7950503UL9175S,7950503,UL9175S,40.777964,-4.210793,1070.0,EL ESPINAR,Residencial,CL,ROMA,204,CL ROMA 204 40400 EL ESPINAR (SEGOVIA),True,True,
7950504UL9175S,7950504,UL9175S,40.777987,-4.210374,1220.0,EL ESPINAR,"Obras de urbanización y jardineria, suelos sin edificar",CL,ROMA,203,CL ROMA 203 Suelo 40400 EL ESPINAR (SEGOVIA),False,False,
7950505UL9175S,7950505,UL9175S,40.777998,-4.209941,1287.0,EL ESPINAR,Residencial,CL,ROMA,202,CL ROMA 202 40400 EL ESPINAR (SEGOVIA),True,True,
7950506UL9175S,7950506,UL9175S,40.778013,-4.209532,1244.0,EL ESPINAR,Residencial,CL,ROMA,201,CL ROMA 201 40400 EL ESPINAR (SEGOVIA),True,True,
7951901UL9175S,7951901,UL9175S,40.779342,-4.21155,1347.0,EL ESPINAR,"Obras de urbanización y jardineria, suelos sin edificar",CL,GENOVA,85,CL GENOVA 85 Suelo 40400 EL ESPINAR (SEGOVIA),False,False,
7951902UL9175S,7951902,UL9175S,40.779381,-4.210897,1296.0,EL ESPINAR,Residencial,CL,GENOVA,86,CL GENOVA 86 40400 EL ESPINAR (SEGOVIA),True,True,
7951903UL9175S,7951903,UL9175S,40.779416,-4.21041,1483.0,EL ESPINAR,Residencial,CL,GENOVA,87,CL GENOVA 87 40400 EL ESPINAR (SEGOVIA),True,True,
7951904UL9175S,7951904,UL9175S,40.779748,-4.210053,1639.0,EL ESPINAR,Residencial,CL,GENOVA,88,CL GENOVA 88 Es:1 Pl:00 Pt:01 40400 EL ESPINAR (SEGOVIA),True,True,
7951905UL9175S,7951905,UL9175S,40.779424,-4.209883,1460.0,EL ESPINAR,Residencial,CL,FLORENCIA,89,CL FLORENCIA 89 Es:1 Pl:00 Pt:01 40400 EL ESPINAR (SEGOVIA),True,True,
7951906UL9175S,7951906,UL9175S,40.779146,-4.209839,1242.0,EL ESPINAR,Residencial,CL,FLORENCIA,90,CL FLORENCIA 90 Es:1 Pl:00 Pt:01 40400 EL ESPINAR (SEGOVIA),True,True,
7951907UL9175S,7951907,UL9175S,40.779105,-4.210294,1327.0,EL ESPINAR,Residencial,CL,FLORENCIA,91,CL FLORENCIA 91 Es:1 Pl:00 Pt:01 40400 EL ESPINAR (SEGOVIA),True,True,
7951908UL9175S,7951908,UL9175S,40.779089,-4.210768,1409.0,EL ESPINAR,Residencial,CL,FLORENCIA,92,CL FLORENCIA 92 Es:E Pl:00 Pt:01 40400 EL ESPINAR (SEGOVIA),True,True,
7951909UL9175S,7951909,UL9175S,40.779065,-4.211458,1375.0,EL ESPINAR,"Obras de urbanización y jardineria, suelos sin edificar",CL,FLORENCIA,93,CL FLORENCIA 93 Suelo 40400 EL ESPINAR (SEGOVIA),False,False,
7951999UL9175S,7951999,UL9175S,40.779211,-4.211159,922.0,EL ESPINAR,"Obras de urbanización y jardineria, suelos sin edificar",CL,FLORENCIA,93,CL FLORENCIA 93(B) Suelo 40400 EL ESPINAR (SEGOVIA),False,False,
8045501UL9184N,8045501,UL9184N,40.772774,-4.210975,125.0,EL ESPINAR,Residencial,CL,RIO MANZANARES,1,CL RIO MANZANARES 1 40400 EL ESPINAR (SEGOVIA),True,True,
8045502UL9184N,8045502,UL9184N,40.772726,-4.211012,121.0,EL ESPINAR,Residencial,CL,RIO MANZANARES,3,CL RIO MANZANARES 3 40400 EL ESPINAR (SEGOVIA),True,True,
8045503UL9184N,8045503,UL9184N,40.772678,-4.211049,124.0,EL ESPINAR,Residencial,CL,RIO MANZANARES,5,CL RIO MANZANARES 5 40400 EL ESPINAR (SEGOVIA),True,True,
8045504UL9184N,8045504,UL9184N,40.772628,-4.211086,126.0,EL ESPINAR,Residencial,CL,RIO MANZANARES,7,CL RIO MANZANARES 7 40400 EL ESPINAR (SEGOVIA),True,True,
8045505UL9184N,8045505,UL9184N,40.772578,-4.211124,128.0,EL ESPINAR,Residencial,CL,RIO MANZANARES,9,CL RIO MANZANARES 9 40400 EL ESPINAR (SEGOVIA),True,True,
8045506UL9184N,8045506,UL9184N,40.772529,-4.211161,121.0,EL ESPINAR,Residencial,CL,RIO MANZANARES,11,CL RIO MANZANARES 11 40400 EL ESPINAR (SEGOVIA),True,True,
8045507UL9184N,8045507,UL9184N,40.772481,-4.211197,121.0,EL ESPINAR,Residencial,CL,RIO MANZANARES,13,CL RIO MANZANARES 13 40400 EL ESPINAR (SEGOVIA),True,True,
8045508UL9184N,8045508,UL9184N,40.772433,-4.211234,125.0,EL ESPINAR,Residencial,CL,RIO MANZANARES,15,CL RIO MANZANARES 15 40400 EL ESPINAR (SEGOVIA),True,True,
8045509UL9184N,8045509,UL9184N,40.772706,-4.210714,117.0,EL ESPINAR,Residencial,CL,RIO SEGURA,2,CL RIO SEGURA 2 40400 EL ESPINAR (SEGOVIA),True,True,
8045510UL9184N,8045510,UL9184N,40.77265,-4.210721,117.0,EL ESPINAR,Residencial,CL,RIO SEGURA,4,CL RIO SEGURA 4 40400 EL ESPINAR (SEGOVIA),True,True,
8045511UL9184N,8045511,UL9184N,40.772594,-4.210728,117.0,EL ESPINAR,Residencial,CL,RIO SEGURA,6,CL RIO SEGURA 6 40400 EL ESPINAR (SEGOVIA),True,True,
8045512UL9184N,8045512,UL9184N,40.772538,-4.210735,117.0,EL ESPINAR,Residencial,CL,RIO SEGURA,8,CL RIO SEGURA 8 40400 EL ESPINAR (SEGOVIA),True,True,
8045513UL9184N,8045513,UL9184N,40.772482,-4.210741,117.0,EL ESPINAR,Residencial,CL,RIO SEGURA,10,CL RIO SEGURA 10 40400 EL ESPINAR (SEGOVIA),True,True,
8045514UL9184N,8045514,UL9184N,40.772426,-4.210748,117.0,EL ESPINAR,Residencial,CL,RIO SEGURA,12,CL RIO SEGURA 12 40400 EL ESPINAR (SEGOVIA),True,True,
8045515UL9184N,8045515,UL9184N,40.77237,-4.210755,117.0,EL ESPINAR,Residencial,CL,RIO SEGURA,14,CL RIO SEGURA 14 40400 EL ESPINAR (SEGOVIA),True,True,
8045516UL9184N,8045516,UL9184N,40.772313,-4.210761,117.0,EL ESPINAR,Residencial,CL,RIO SEGURA,16,CL RIO SEGURA 16 40400 EL ESPINAR (SEGOVIA),True,True,
8045598UL9184S,8045598,UL9184S,40.7724,-4.211491,8144.0,EL ESPINAR,"Obras de urbanización y jardineria, suelos sin edificar",CL,RIO FRIO,,CL RIO FRIO  Suelo 40400 EL ESPINAR (SEGOVIA),False,False,
8045706UL9184N,8045706,UL9184N,40.773862,-4.210214,267.0,EL ESPINAR,Residencial,CL,RIO TAJO,19,CL RIO TAJO 19 40424 EL ESPINAR (SEGOVIA),True,True,
8045707UL9184N,8045707,UL9184N,40.773874,-4.210104,206.0,EL ESPINAR,Residencial,CL,RIO TAJO,17,CL RIO TAJO 17 40424 EL ESPINAR (SEGOVIA),True,True,
8045708UL9184N,8045708,UL9184N,40.773869,-4.210016,206.0,EL ESPINAR,Residencial,CL,RIO TAJO,15,CL RIO TAJO 15 40424 EL ESPINAR (SEGOVIA),True,True,
8045709UL9184N,8045709,UL9184N,40.773865,-4.209927,206.0,EL ESPINAR,Residencial,CL,RIO TAJO,13,CL RIO TAJO 13 40424 EL ESPINAR (SEGOVIA),True,True,
8045710UL9184N,8045710,UL9184N,40.773863,-4.209834,206.0,EL ESPINAR,Residencial,CL,RIO TAJO,11,CL RIO TAJO 11 40424 EL ESPINAR (SEGOVIA),True,True,
8045711UL9184N,8045711,UL9184N,40.773862,-4.209739,201.0,EL ESPINAR,Residencial,CL,RIO TAJO,9,CL RIO TAJO 9 40424 EL ESPINAR (SEGOVIA),True,True,
8045712UL9184N,8045712,UL9184N,40.773852,-4.209629,220.0,EL ESPINAR,Residencial,CL,RIO TAJO,7,CL RIO TAJO 7 40424 EL ESPINAR (SEGOVIA),True,True,
8045713UL9184N,8045713,UL9184N,40.773708,-4.210178,266.0,EL ESPINAR,Residencial,CL,RIO GUADIANA,1,CL RIO GUADIANA 1 40400 EL ESPINAR (SEGOVIA),True,True,
8045714UL9184N,8045714,UL9184N,40.77363,-4.210224,200.0,EL ESPINAR,Residencial,CL,RIO GUADIANA,3,CL RIO GUADIANA 3 40400 EL ESPINAR (SEGOVIA),True,True,
8045715UL9184N,8045715,UL9184N,40.773561,-4.210254,200.0,EL ESPINAR,Residencial,CL,RIO GUADIANA,5,CL RIO GUADIANA 5 40400 EL ESPINAR (SEGOVIA),True,True,
8045716UL9184N,8045716,UL9184N,40.773492,-4.210283,200.0,EL ESPINAR,Residencial,CL,RIO GUADIANA,7,CL RIO GUADIANA 7 40400 EL ESPINAR (SEGOVIA),True,True,
8045717UL9184N,8045717,UL9184N,40.773424,-4.210312,200.0,EL ESPINAR,Residencial,CL,RIO GUADIANA,9,CL RIO GUADIANA 9 40400 EL ESPINAR (SEGOVIA),True,True,
8045718UL9184N,8045718,UL9184N,40.773355,-4.210341,200.0,EL ESPINAR,Residencial,CL,RIO GUADIANA,11,CL RIO GUADIANA 11 40400 EL ESPINAR (SEGOVIA),True,True,
8045719UL9184N,8045719,UL9184N,40.773286,-4.21037,200.0,EL ESPINAR,Residencial,CL,RIO GUADIANA,13,CL RIO GUADIANA 13 40400 EL ESPINAR (SEGOVIA),True,True,
8045720UL9184N,8045720,UL9184N,40.773217,-4.210399,200.0,EL ESPINAR,Residencial,CL,RIO GUADIANA,15,CL RIO GUADIANA 15 40400 EL ESPINAR (SEGOVIA),True,True,
8045721UL9184N,8045721,UL9184N,40.773148,-4.210428,200.0,EL ESPINAR,Residencial,CL,RIO GUADIANA,17,CL RIO GUADIANA 17 40400 EL ESPINAR (SEGOVIA),True,True,
8045722UL9184N,8045722,UL9184N,40.773079,-4.210458,200.0,EL ESPINAR,Residencial,CL,RIO GUADIANA,19,CL RIO GUADIANA 19 40400 EL ESPINAR (SEGOVIA),True,True,
8045723UL9184N,8045723,UL9184N,40.77301,-4.210487,200.0,EL ESPINAR,Residencial,CL,RIO GUADIANA,21,CL RIO GUADIANA 21 40400 EL ESPINAR (SEGOVIA),True,True,
8045724UL9184N,8045724,UL9184N,40.772941,-4.210517,200.0,EL ESPINAR,Residencial,CL,RIO GUADIANA,23,CL RIO GUADIANA 23 40400 EL ESPINAR (SEGOVIA),True,True,
8045725UL9184N,8045725,UL9184N,40.772868,-4.210554,230.0,EL ESPINAR,Residencial,CL,RIO GUADIANA,25,CL RIO GUADIANA 25 40400 EL ESPINAR (SEGOVIA),True,True,
8045726UL9184N,8045726,UL9184N,40.772908,-4.21032,227.0,EL ESPINAR,Residencial,CL,RIO GUADALQUIVIR,14,CL RIO GUADALQUIVIR 14 40400 EL ESPINAR (SEGOVIA),True,True,
8045727UL9184N,8045727,UL9184N,40.772913,-4.210218,200.0,EL ESPINAR,Residencial,CL,RIO GUADALQUIVIR,12,CL RIO GUADALQUIVIR 12 40400 EL ESPINAR (SEGOVIA),True,True,
8045728UL9184N,8045728,UL9184N,40.772906,-4.210126,200.0,EL ESPINAR,Residencial,CL,RIO GUADALQUIVIR,10,CL RIO GUADALQUIVIR 10 40400 EL ESPINAR (SEGOVIA),True,True,
8045729UL9184N,8045729,UL9184N,40.772899,-4.210033,200.0,EL ESPINAR,Residencial,CL,RIO GUADALQUIVIR,8,CL RIO GUADALQUIVIR 8 40400 EL ESPINAR (SEGOVIA),True,True,
8045730UL9184N,8045730,UL9184N,40.772892,-4.20994,200.0,EL ESPINAR,Residencial,CL,RIO GUADALQUIVIR,6,CL RIO GUADALQUIVIR 6 40400 EL ESPINAR (SEGOVIA),True,True,
8045731UL9184N,8045731,UL9184N,40.772884,-4.209848,200.0,EL ESPINAR,Residencial,CL,RIO GUADALQUIVIR,4,CL RIO GUADALQUIVIR 4 40400 EL ESPINAR (SEGOVIA),True,True,
8045732UL9184N,8045732,UL9184N,40.772864,-4.209752,216.0,EL ESPINAR,Residencial,CL,RIO GUADALQUIVIR,2,CL RIO GUADALQUIVIR 2 40400 EL ESPINAR (SEGOVIA),True,True,
8045733UL9184N,8045733,UL9184N,40.77279,-4.209534,221.0,EL ESPINAR,Residencial,CL,RIO MIÑO,26,CL RIO MIÑO 26 40400 EL ESPINAR (SEGOVIA),True,True,
8045734UL9184N,8045734,UL9184N,40.772865,-4.209551,200.0,EL ESPINAR,Residencial,CL,RIO MIÑO,24,CL RIO MIÑO 24 40400 EL ESPINAR (SEGOVIA),True,True,
8045735UL9184N,8045735,UL9184N,40.772936,-4.209561,200.0,EL ESPINAR,Residencial,CL,RIO MIÑO,22,CL RIO MIÑO 22 40400 EL ESPINAR (SEGOVIA),True,True,
8045736UL9184N,8045736,UL9184N,40.773007,-4.209572,200.0,EL ESPINAR,Residencial,CL,RIO MIÑO,20,CL RIO MIÑO 20 40400 EL ESPINAR (SEGOVIA),True,True,
8045737UL9184N,8045737,UL9184N,40.773078,-4.209584,200.0,EL ESPINAR,Residencial,CL,RIO MIÑO,18,CL RIO MIÑO 18 40400 EL ESPINAR (SEGOVIA),True,True,
8045738UL9184N,8045738,UL9184N,40.773149,-4.209596,200.0,EL ESPINAR,Residencial,CL,RIO MIÑO,16,CL RIO MIÑO 16 40400 EL ESPINAR (SEGOVIA),True,True,
8045739UL9184N,8045739,UL9184N,40.77322,-4.209607,200.0,EL ESPINAR,Residencial,CL,RIO MIÑO,14,CL RIO MIÑO 14 40400 EL ESPINAR (SEGOVIA),True,True,
8045740UL9184N,8045740,UL9184N,40.773291,-4.209619,200.0,EL ESPINAR,Residencial,CL,RIO MIÑO,12,CL RIO MIÑO 12 40400 EL ESPINAR (SEGOVIA),True,True,
8045741UL9184N,8045741,UL9184N,40.773362,-4.209631,200.0,EL ESPINAR,Residencial,CL,RIO MIÑO,10,CL RIO MIÑO 10 40400 EL ESPINAR (SEGOVIA),True,True,
8045742UL9184N,8045742,UL9184N,40.773433,-4.209642,200.0,EL ESPINAR,Residencial,CL,RIO MIÑO,8,CL RIO MIÑO 8 40400 EL ESPINAR (SEGOVIA),True,True,
8045743UL9184N,8045743,UL9184N,40.773505,-4.209654,201.0,EL ESPINAR,Residencial,CL,RIO MIÑO,6,CL RIO MIÑO 6 40400 EL ESPINAR (SEGOVIA),True,True,
8045744UL9184N,8045744,UL9184N,40.773577,-4.209665,199.0,EL ESPINAR,Residencial,CL,RIO MIÑO,4,CL RIO MIÑO 4 40400 EL ESPINAR (SEGOVIA),True,True,
8045745UL9184N,8045745,UL9184N,40.773648,-4.209677,200.0,EL ESPINAR,Residencial,CL,RIO MIÑO,2,CL RIO MIÑO 2 40400 EL ESPINAR (SEGOVIA),True,True,
8045746UL9184N,8045746,UL9184N,40.773342,-4.209962,2898.0,EL ESPINAR,Deportivo,CL,RIO MIÑO,2,CL RIO MIÑO 2(D) Suelo 40400 EL ESPINAR (SEGOVIA),False,False,
8046205UL9184N,8046205,UL9184N,40.775638,-4.209352,3691.0,EL ESPINAR,Religioso,CL,RIO TAJO,6,CL RIO TAJO 6 40424 EL ESPINAR (SEGOVIA),False,False,
8046209UL9184N,8046209,UL9184N,40.775169,-4.208886,6293.0,EL ESPINAR,Oficinas,CL,RIO TAJO,8,CL RIO TAJO 8 40424 EL ESPINAR (SEGOVIA),False,False,
8046213UL9184N,8046213,UL9184N,40.774637,-4.209506,308.0,EL ESPINAR,"Obras de urbanización y jardineria, suelos sin edificar",CL,RIO TAJO,41,CL RIO TAJO 41(E) Suelo 40400 EL ESPINAR (SEGOVIA),False,False,
8046215UL9184N,8046215,UL9184N,40.775803,-4.210188,257.0,EL ESPINAR,"Obras de urbanización y jardineria, suelos sin edificar",AV,FRANCIA,19,AV FRANCIA 19 Suelo 40400 EL ESPINAR (SEGOVIA),False,False,
8046216UL9184N,8046216,UL9184N,40.775794,-4.210296,205.0,EL ESPINAR,"Obras de urbanización y jardineria, suelos sin edificar",AV,FRANCIA,20,AV FRANCIA 20 Suelo 40400 EL ESPINAR (SEGOVIA),False,False,
8046217UL9184N,8046217,UL9184N,40.775778,-4.21039,205.0,EL ESPINAR,"Obras de urbanización y jardineria, suelos sin edificar",AV,FRANCIA,21,AV FRANCIA 21 Suelo 40400 EL ESPINAR (SEGOVIA),False,False,
8046218UL9184N,8046218,UL9184N,40.775763,-4.210483,204.0,EL ESPINAR,"Obras de urbanización y jardineria, suelos sin edificar",AV,FRANCIA,22,AV FRANCIA 22 Suelo 40400 EL ESPINAR (SEGOVIA),False,False,
8046219UL9184N,8046219,UL9184N,40.775737,-4.210577,214.0,EL ESPINAR,"Obras de urbanización y jardineria, suelos sin edificar",AV,FRANCIA,23,AV FRANCIA 23 Suelo 40400 EL ESPINAR (SEGOVIA),False,False,
8046220UL9184N,8046220,UL9184N,40.775605,-4.210438,283.0,EL ESPINAR,"Obras de urbanización y jardineria, suelos sin edificar",CL,RIO MOROS,30,CL RIO MOROS 30 Suelo 40400 EL ESPINAR (SEGOVIA),False,False,
8046221UL9184N,8046221,UL9184N,40.775522,-4.210442,207.0,EL ESPINAR,"Obras de urbanización y jardineria, suelos sin edificar",CL,RIO MOROS,28,CL RIO MOROS 28 Suelo 40400 EL ESPINAR (SEGOVIA),False,False,
8046222UL9184N,8046222,UL9184N,40.775451,-4.210435,206.0,EL ESPINAR,"Obras de urbanización y jardineria, suelos sin edificar",CL,RIO MOROS,26,CL RIO MOROS 26 Suelo 40400 EL ESPINAR (SEGOVIA),False,False,
8046223UL9184N,8046223,UL9184N,40.775378,-4.210425,204.0,EL ESPINAR,"Obras de urbanización y jardineria, suelos sin edificar",CL,RIO MOROS,24,CL RIO MOROS 24 Suelo 40400 EL ESPINAR (SEGOVIA),False,False,
8046224UL9184N,8046224,UL9184N,40.775305,-4.210415,204.0,EL ESPINAR,"Obras de urbanización y jardineria, suelos sin edificar",CL,RIO MOROS,22,CL RIO MOROS 22 Suelo 40400 EL ESPINAR (SEGOVIA),False,False,
8046225UL9184N,8046225,UL9184N,40.775233,-4.210408,202.0,EL ESPINAR,"Obras de urbanización y jardineria, suelos sin edificar",CL,RIO MOROS,20,CL RIO MOROS 20 Suelo 40400 EL ESPINAR (SEGOVIA),False,False,
8046226UL9184N,8046226,UL9184N,40.775161,-4.210407,202.0,EL ESPINAR,"Obras de urbanización y jardineria, suelos sin edificar",CL,RIO MOROS,18,CL RIO MOROS 18 Suelo 40400 EL ESPINAR (SEGOVIA),False,False,
8046227UL9184N,8046227,UL9184N,40.775089,-4.21041,201.0,EL ESPINAR,"Obras de urbanización y jardineria, suelos sin edificar",CL,RIO MOROS,16,CL RIO MOROS 16 Suelo 40400 EL ESPINAR (SEGOVIA),False,False,
8046228UL9184N,8046228,UL9184N,40.775018,-4.210414,200.0,EL ESPINAR,"Obras de urbanización y jardineria, suelos sin edificar",CL,RIO MOROS,14,CL RIO MOROS 14 Suelo 40400 EL ESPINAR (SEGOVIA),False,False,
8046229UL9184N,8046229,UL9184N,40.774946,-4.210417,200.0,EL ESPINAR,"Obras de urbanización y jardineria, suelos sin edificar",CL,RIO MOROS,12,CL RIO MOROS 12 Suelo 40400 EL ESPINAR (SEGOVIA),False,False,
8046230UL9184N,8046230,UL9184N,40.774874,-4.210424,200.0,EL ESPINAR,"Obras de urbanización y jardineria, suelos sin edificar",CL,RIO MOROS,10,CL RIO MOROS 10 Suelo 40400 EL ESPINAR (SEGOVIA),False,False,
8046231UL9184N,8046231,UL9184N,40.774801,-4.210431,201.0,EL ESPINAR,"Obras de urbanización y jardineria, suelos sin edificar",CL,RIO MOROS,8,CL RIO MOROS 8 Suelo 40400 EL ESPINAR (SEGOVIA),False,False,
8046232UL9184N,8046232,UL9184N,40.774729,-4.210438,200.0,EL ESPINAR,"Obras de urbanización y jardineria, suelos sin edificar",CL,RIO MOROS,6,CL RIO MOROS 6 Suelo 40400 EL ESPINAR (SEGOVIA),False,False,
8046233UL9184N,8046233,UL9184N,40.774657,-4.210446,202.0,EL ESPINAR,"Obras de urbanización y jardineria, suelos sin edificar",CL,RIO MOROS,4,CL RIO MOROS 4 Suelo 40400 EL ESPINAR (SEGOVIA),False,False,
8046234UL9184N,8046234,UL9184N,40.774583,-4.210466,205.0,EL ESPINAR,"Obras de urbanización y jardineria, suelos sin edificar",CL,RIO MOROS,2,CL RIO MOROS 2 Suelo 40400 EL ESPINAR (SEGOVIA),False,False,
8046235UL9184N,8046235,UL9184N,40.774445,-4.210677,200.0,EL ESPINAR,"Obras de urbanización y jardineria, suelos sin edificar",CL,RIO TAJO,68,CL RIO TAJO 68 Suelo 40424 EL ESPINAR (SEGOVIA),False,False,
8046236UL9184N,8046236,UL9184N,40.774432,-4.210577,240.0,EL ESPINAR,"Obras de urbanización y jardineria, suelos sin edificar",CL,RIO TAJO,66,CL RIO TAJO 66 Suelo 40400 EL ESPINAR (SEGOVIA),False,False,
8046237UL9184N,8046237,UL9184N,40.774409,-4.210488,272.0,EL ESPINAR,"Obras de urbanización y jardineria, suelos sin edificar",CL,RIO TAJO,64,CL RIO TAJO 64 Suelo 40424 EL ESPINAR (SEGOVIA),False,False,
8046238UL9184N,8046238,UL9184N,40.774334,-4.210442,201.0,EL ESPINAR,"Obras de urbanización y jardineria, suelos sin edificar",CL,RIO TAJO,62,CL RIO TAJO 62 Suelo 40424 EL ESPINAR (SEGOVIA),False,False,
8046239UL9184N,8046239,UL9184N,40.774294,-4.210362,201.0,EL ESPINAR,"Obras de urbanización y jardineria, suelos sin edificar",CL,RIO TAJO,60,CL RIO TAJO 60 Suelo 40424 EL ESPINAR (SEGOVIA),False,False,
8046240UL9184N,8046240,UL9184N,40.774242,-4.210279,226.0,EL ESPINAR,"Obras de urbanización y jardineria, suelos sin edificar",CL,RIO TAJO,58,CL RIO TAJO 58 Suelo 40424 EL ESPINAR (SEGOVIA),False,False,
8046241UL9184N,8046241,UL9184N,40.77424,-4.210172,220.0,EL ESPINAR,"Obras de urbanización y jardineria, suelos sin edificar",CL,RIO TAJO,56,CL RIO TAJO 56 Suelo 40424 EL ESPINAR (SEGOVIA),False,False,
8046242UL9184N,8046242,UL9184N,40.77423,-4.210078,221.0,EL ESPINAR,"Obras de urbanización y jardineria, suelos sin edificar",CL,RIO TAJO,54,CL RIO TAJO 54 Suelo 40424 EL ESPINAR (SEGOVIA),False,False,
8046243UL9184N,8046243,UL9184N,40.774206,-4.209984,231.0,EL ESPINAR,"Obras de urbanización y jardineria, suelos sin edificar",CL,RIO TAJO,52,CL RIO TAJO 52 Suelo 40424 EL ESPINAR (SEGOVIA),False,False,
8046244UL9184N,8046244,UL9184N,40.774883,-4.210114,3734.0,EL ESPINAR,"Obras de urbanización y jardineria, suelos sin edificar",CL,RIO TAJO,23,CL RIO TAJO 23(D) Suelo 40400 EL ESPINAR (SEGOVIA),False,False,
8046245UL9184N,8046245,UL9184N,40.775365,-4.210035,878.0,EL ESPINAR,"Obras de urbanización y jardineria, suelos sin edificar",AV,FRANCIA,17,AV FRANCIA 17 Suelo 40400 EL ESPINAR (SEGOVIA),False,False,
8046277UL9184N,8046277,UL9184N,40.774373,-4.209654,343.0,EL ESPINAR,"Obras de urbanización y jardineria, suelos sin edificar",CL,RIO TAJO,,CL RIO TAJO  Suelo 40400 EL ESPINAR (SEGOVIA),False,False,
8046278UL9184N,8046278,UL9184N,40.774163,-4.20961,69.0,EL ESPINAR,"Obras de urbanización y jardineria, suelos sin edificar",CL,RIO TAJO,,CL RIO TAJO  Suelo 40400 EL ESPINAR (SEGOVIA),False,False,
8046279UL9184N,8046279,UL9184N,40.774259,-4.209191,880.0,EL ESPINAR,"Obras de urbanización y jardineria, suelos sin edificar",CL,RIO TAJO,,CL RIO TAJO  Suelo 40400 EL ESPINAR (SEGOVIA),False,False,
8046280UL9184N,8046280,UL9184N,40.775145,-4.20979,5276.0,EL ESPINAR,Deportivo,CL,RIO TAJO,,CL RIO TAJO 40400 EL ESPINAR (SEGOVIA),False,False,
8046281UL9184N,8046281,UL9184N,40.774183,-4.209787,199.0,EL ESPINAR,Residencial,CL,RIO TAJO,50,CL RIO TAJO 50 40424 EL ESPINAR (SEGOVIA),True,True,
8046282UL9184N,8046282,UL9184N,40.774171,-4.20968,193.0,EL ESPINAR,Residencial,CL,RIO TAJO,48,CL RIO TAJO 48 40424 EL ESPINAR (SEGOVIA),True,True,
8046283UL9184N,8046283,UL9184N,40.774168,-4.209537,209.0,EL ESPINAR,Residencial,CL,RIO TAJO,46,CL RIO TAJO 46 PAREADO 17 40424 EL ESPINAR (SEGOVIA),True,True,
8046286UL9184N,8046286,UL9184N,40.774305,-4.209386,220.0,EL ESPINAR,Residencial,CL,RIO TAJO,40,CL RIO TAJO 40 40424 EL ESPINAR (SEGOVIA),True,True,
8046287UL9184N,8046287,UL9184N,40.774379,-4.209428,208.0,EL ESPINAR,Residencial,CL,RIO TAJO,38,CL RIO TAJO 38 40424 EL ESPINAR (SEGOVIA),True,True,
8046288UL9184N,8046288,UL9184N,40.774452,-4.209462,211.0,EL ESPINAR,Residencial,CL,RIO TAJO,36,CL RIO TAJO 36 40424 EL ESPINAR (SEGOVIA),True,True,
8046289UL9184N,8046289,UL9184N,40.774528,-4.209497,206.0,EL ESPINAR,Residencial,CL,RIO TAJO,34,CL RIO TAJO 34 40424 EL ESPINAR (SEGOVIA),True,True,
40087A001000190000XZ,40087A0,0100019,40.764649,-4.23613,210.0,EL ESPINAR,Agrario,LG,MUNICIPIO,,LG MUNICIPIO  Polígono 1 Parcela 19 RINCONADA. 40400 EL ESPINAR (SEGOVIA),False,False,
40087A001000190001MX,40087A0,0100019,40.764649,-4.23613,201.0,EL ESPINAR,Agrario,LG,MUNICIPIO,,LG MUNICIPIO  Polígono 1 Parcela 19 RINCONADA. 40400 EL ESPINAR (SEGOVIA),False,False,
5648905UL9154N0001ES,5648905,UL9154N,40.777554,-4.237404,125.0,EL ESPINAR,Residencial,CL,DE LA COLMADA,2,CL DE LA COLMADA 2 Es:E Pl:00 Pt:23 A 40424 EL ESPINAR (SEGOVIA),True,True,
5648905UL9154N0002RD,5648905,UL9154N,40.777554,-4.237404,125.0,EL ESPINAR,Residencial,CL,DE LA COLMADA,2,CL DE LA COLMADA 2 Es:1 Pl:00 Pt:01 A 40424 EL ESPINAR (SEGOVIA),True,True,
5648905UL9154N0003TF,5648905,UL9154N,40.777554,-4.237404,125.0,EL ESPINAR,Residencial,CL,DE LA COLMADA,2,CL DE LA COLMADA 2 Es:1 Pl:00 Pt:02 A 40424 EL ESPINAR (SEGOVIA),True,True,
5648905UL9154N0004YG,5648905,UL9154N,40.777554,-4.237404,125.0,EL ESPINAR,Residencial,CL,DE LA COLMADA,2,CL DE LA COLMADA 2 Es:1 Pl:00 Pt:03 A 40424 EL ESPINAR (SEGOVIA),True,True,
5648905UL9154N0005UH,5648905,UL9154N,40.777554,-4.237404,125.0,EL ESPINAR,Residencial,CL,DE LA COLMADA,2,CL DE LA COLMADA 2 Es:1 Pl:00 Pt:04 A 40424 EL ESPINAR (SEGOVIA),True,True,
5648905UL9154N0006IJ,5648905,UL9154N,40.777554,-4.237404,125.0,EL ESPINAR,Residencial,CL,DE LA COLMADA,2,CL DE LA COLMADA 2 Es:1 Pl:00 Pt:05 A 40424 EL ESPINAR (SEGOVIA),True,True,
5648905UL9154N0007OK,5648905,UL9154N,40.777554,-4.237404,125.0,EL ESPINAR,Residencial,CL,DE LA COLMADA,2,CL DE LA COLMADA 2 Es:1 Pl:00 Pt:06 A 40424 EL ESPINAR (SEGOVIA),True,True,
5648905UL9154N0008PL,5648905,UL9154N,40.777554,-4.237404,125.0,EL ESPINAR,Residencial,CL,DE LA COLMADA,2,CL DE LA COLMADA 2 Es:1 Pl:00 Pt:07 A 40424 EL ESPINAR (SEGOVIA),True,True,
5648905UL9154N0009AB,5648905,UL9154N,40.777554,-4.237404,125.0,EL ESPINAR,Residencial,CL,DE LA COLMADA,2,CL DE LA COLMADA 2 Es:1 Pl:00 Pt:08 A 40424 EL ESPINAR (SEGOVIA),True,True,
5648905UL9154N0010OK,5648905,UL9154N,40.777554,-4.237404,125.0,EL ESPINAR,Residencial,CL,DE LA COLMADA,2,CL DE LA COLMADA 2 Es:1 Pl:00 Pt:09 A 40424 EL ESPINAR (SEGOVIA),True,True,
5648905UL9154N0011PL,5648905,UL9154N,40.777554,-4.237404,125.0,EL ESPINAR,Residencial,CL,DE LA COLMADA,2,CL DE LA COLMADA 2 Es:1 Pl:00 Pt:10 40424 EL ESPINAR (SEGOVIA),True,True,
5648905UL9154N0012AB,5648905,UL9154N,40.777554,-4.237404,125.0,EL ESPINAR,Residencial,CL,DE LA COLMADA,2,CL DE LA COLMADA 2 Es:1 Pl:00 Pt:11 A 40424 EL ESPINAR (SEGOVIA),True,True,
5648905UL9154N0013SZ,5648905,UL9154N,40.777554,-4.237404,125.0,EL ESPINAR,Residencial,CL,DE LA COLMADA,2,CL DE LA COLMADA 2 Es:1 Pl:00 Pt:12 A 40424 EL ESPINAR (SEGOVIA),True,True,
5648905UL9154N0014DX,5648905,UL9154N,40.777554,-4.237404,125.0,EL ESPINAR,Residencial,CL,DE LA COLMADA,2,CL DE LA COLMADA 2 Es:1 Pl:00 Pt:13 40424 EL ESPINAR (SEGOVIA),True,True,
5648905UL9154N0015FM,5648905,UL9154N,40.777554,-4.237404,125.0,EL ESPINAR,Residencial,CL,DE LA COLMADA,2,CL DE LA COLMADA 2 Es:1 Pl:00 Pt:14 A 40424 EL ESPINAR (SEGOVIA),True,True,
5648905UL9154N0016GQ,5648905,UL9154N,40.777554,-4.237404,125.0,EL ESPINAR,Residencial,CL,DE LA COLMADA,2,CL DE LA COLMADA 2 Es:1 Pl:00 Pt:15 A 40424 EL ESPINAR (SEGOVIA),True,True,
5648905UL9154N0017HW,5648905,UL9154N,40.777554,-4.237404,125.0,EL ESPINAR,Residencial,CL,DE LA COLMADA,2,CL DE LA COLMADA 2 Es:1 Pl:00 Pt:16 A 40424 EL ESPINAR (SEGOVIA),True,True,
5648905UL9154N0018JE,5648905,UL9154N,40.777554,-4.237404,125.0,EL ESPINAR,Residencial,CL,DE LA COLMADA,2,CL DE LA COLMADA 2 Es:1 Pl:00 Pt:17 A 40424 EL ESPINAR (SEGOVIA),True,True,
5648905UL9154N0019KR,5648905,UL9154N,40.777554,-4.237404,125.0,EL ESPINAR,Residencial,CL,DE LA COLMADA,2,CL DE LA COLMADA 2 Es:1 Pl:00 Pt:18 A 40424 EL ESPINAR (SEGOVIA),True,True,
5648905UL9154N0020HW,5648905,UL9154N,40.777554,-4.237404,125.0,EL ESPINAR,Residencial,CL,DE LA COLMADA,2,CL DE LA COLMADA 2 Es:1 Pl:00 Pt:19 A 40424 EL ESPINAR (SEGOVIA),True,True,
5648905UL9154N0021JE,5648905,UL9154N,40.777554,-4.237404,125.0,EL ESPINAR,Residencial,CL,DE LA COLMADA,2,CL DE LA COLMADA 2 Es:1 Pl:00 Pt:20 A 40424 EL ESPINAR (SEGOVIA),True,True,
5648905UL9154N0022KR,5648905,UL9154N,40.777554,-4.237404,125.0,EL ESPINAR,Residencial,CL,DE LA COLMADA,2,CL DE LA COLMADA 2 Es:1 Pl:00 Pt:21 40424 EL ESPINAR (SEGOVIA),True,True,
5648905UL9154N0023LT,5648905,UL9154N,40.777554,-4.237404,125.0,EL ESPINAR,Residencial,CL,DE LA COLMADA,2,CL DE LA COLMADA 2 Es:1 Pl:00 Pt:22 A 40424 EL ESPINAR (SEGOVIA),True,True,
5648905UL9154N0024BY,5648905,UL9154N,40.777554,-4.237404,125.0,EL ESPINAR,Residencial,CL,DE LA COLMADA,2,CL DE LA COLMADA 2 Es:1 Pl:00 Pt:24 A 40424 EL ESPINAR (SEGOVIA),True,True,
5648905UL9154N0025ZU,5648905,UL9154N,40.777554,-4.237404,125.0,EL ESPINAR,Residencial,CL,DE LA COLMADA,2,CL DE LA COLMADA 2 Es:1 Pl:00 Pt:25 A 40424 EL ESPINAR (SEGOVIA),True,True,
5648905UL9154N0026XI,5648905,UL9154N,40.777554,-4.237404,125.0,EL ESPINAR,Residencial,CL,DE LA COLMADA,2,CL DE LA COLMADA 2 Es:1 Pl:00 Pt:26 A 40424 EL ESPINAR (SEGOVIA),True,True,
5648905UL9154N0027MO,5648905,UL9154N,40.777554,-4.237404,125.0,EL ESPINAR,Residencial,CL,DE LA COLMADA,2,CL DE LA COLMADA 2 Es:1 Pl:00 Pt:27 A 40424 EL ESPINAR (SEGOVIA),True,True,
5648905UL9154N0028QP,5648905,UL9154N,40.777554,-4.237404,125.0,EL ESPINAR,Residencial,CL,DE LA COLMADA,2,CL DE LA COLMADA 2 Es:1 Pl:00 Pt:28 A 40424 EL ESPINAR (SEGOVIA),True,True,
5648905UL9154N0029WA,5648905,UL9154N,40.777554,-4.237404,125.0,EL ESPINAR,Residencial,CL,DE LA COLMADA,2,CL DE LA COLMADA 2 Pt:29 A 40424 EL ESPINAR (SEGOVIA),True,True,
5648905UL9154N0030MO,5648905,UL9154N,40.777554,-4.237404,125.0,EL ESPINAR,Residencial,CL,DE LA COLMADA,2,CL DE LA COLMADA 2 Es:1 Pl:00 Pt:30 A 40424 EL ESPINAR (SEGOVIA),True,True,
5648905UL9154N0031QP,5648905,UL9154N,40.777554,-4.237404,159.0,EL ESPINAR,Residencial,CL,DE LA COLMADA,2,CL DE LA COLMADA 2 Es:1 Pl:00 Pt:31 40424 EL ESPINAR (SEGOVIA),True,True,
5648905UL9154N0032WA,5648905,UL9154N,40.777554,-4.237404,159.0,EL ESPINAR,Residencial,CL,DE LA COLMADA,2,CL DE LA COLMADA 2 Es:1 Pl:00 Pt:32 A 40424 EL ESPINAR (SEGOVIA),True,True,
5648905UL9154N0033ES,5648905,UL9154N,40.777554,-4.237404,159.0,EL ESPINAR,Residencial,CL,DE LA COLMADA,2,CL DE LA COLMADA 2 Es:1 Pl:00 Pt:33 A 40424 EL ESPINAR (SEGOVIA),True,True,
5648905UL9154N0034RD,5648905,UL9154N,40.777554,-4.237404,159.0,EL ESPINAR,Residencial,CL,DE LA COLMADA,2,CL DE LA COLMADA 2 Es:1 Pl:00 Pt:34 A 40424 EL ESPINAR (SEGOVIA),True,True,
5648905UL9154N0035TF,5648905,UL9154N,40.777554,-4.237404,159.0,EL ESPINAR,Residencial,CL,DE LA COLMADA,2,CL DE LA COLMADA 2 Es:1 Pl:00 Pt:35 A 40424 EL ESPINAR (SEGOVIA),True,True,
5648905UL9154N0036YG,5648905,UL9154N,40.777554,-4.237404,159.0,EL ESPINAR,Residencial,CL,DE LA COLMADA,2,CL DE LA COLMADA 2 Es:1 Pl:00 Pt:36 A 40424 EL ESPINAR (SEGOVIA),True,True,
5648905UL9154N0037UH,5648905,UL9154N,40.777554,-4.237404,159.0,EL ESPINAR,Residencial,CL,DE LA COLMADA,2,CL DE LA COLMADA 2 Es:1 Pl:00 Pt:37 A 40424 EL ESPINAR (SEGOVIA),True,True,
5648905UL9154N0038IJ,5648905,UL9154N,40.777554,-4.237404,159.0,EL ESPINAR,Residencial,CL,DE LA COLMADA,2,CL DE LA COLMADA 2 Es:1 Pl:00 Pt:38 A 40424 EL ESPINAR (SEGOVIA),True,True,
5648905UL9154N0039OK,5648905,UL9154N,40.777554,-4.237404,159.0,EL ESPINAR,Residencial,CL,DE LA COLMADA,2,CL DE LA COLMADA 2 Es:1 Pl:00 Pt:39 A 40424 EL ESPINAR (SEGOVIA),True,True,
5648905UL9154N0040UH,5648905,UL9154N,40.777554,-4.237404,159.0,EL ESPINAR,Residencial,CL,DE LA COLMADA,2,CL DE LA COLMADA 2 Es:1 Pl:00 Pt:40 A 40424 EL ESPINAR (SEGOVIA),True,True,
5648905UL9154N0041IJ,5648905,UL9154N,40.777554,-4.237404,159.0,EL ESPINAR,Residencial,CL,DE LA COLMADA,2,CL DE LA COLMADA 2 Es:1 Pl:00 Pt:41 A 40424 EL ESPINAR (SEGOVIA),True,True,
5648905UL9154N0042OK,5648905,UL9154N,40.777554,-4.237404,159.0,EL ESPINAR,Residencial,CL,DE LA COLMADA,2,CL DE LA COLMADA 2 Es:1 Pl:00 Pt:42 A 40424 EL ESPINAR (SEGOVIA),True,True,
5648906UL9154N0000AA,5648906,UL9154N,40.776646,-4.236734,0.0,EL ESPINAR,Agrario,CL,CERRO DE LA RINCONADA,22,CL  CERRO DE LA RINCONADA 22 Polígono 1 Parcela 6 40400 EL ESPINAR (SEGOVIA),False,False,
5648906UL9154N0001SS,5648906,UL9154N,40.776646,-4.236734,0.0,EL ESPINAR,"Obras de urbanización y jardineria, suelos sin edificar",CL,CERRO DE LA RINCONADA,22,CL  CERRO DE LA RINCONADA 22 Suelo Polígono 1 Parcela 6 40400 EL ESPINAR (SEGOVIA),False,False,
5846904UL9154N0001FS,5846904,UL9154N,40.776302,-4.235035,122.0,EL ESPINAR,Residencial,CL,CERRO DE LA RINCONADA,44,CL CERRO DE LA RINCONADA 44 Es:1 Pl:00 Pt:01 A 40424 EL ESPINAR (SEGOVIA),True,True,
5846904UL9154N0002GD,5846904,UL9154N,40.776302,-4.235035,92.0,EL ESPINAR,Residencial,CL,CERRO DE LA RINCONADA,44,CL CERRO DE LA RINCONADA 44 Es:1 Pl:00 Pt:02 40424 EL ESPINAR (SEGOVIA),True,True,
5846904UL9154N0003HF,5846904,UL9154N,40.776302,-4.235035,111.0,EL ESPINAR,Residencial,CL,CERRO DE LA RINCONADA,44,CL CERRO DE LA RINCONADA 44 Es:1 Pl:00 Pt:03 A 40424 EL ESPINAR (SEGOVIA),True,True,
5846904UL9154N0004JG,5846904,UL9154N,40.776302,-4.235035,111.0,EL ESPINAR,Residencial,CL,CERRO DE LA RINCONADA,44,CL CERRO DE LA RINCONADA 44 Es:1 Pl:00 Pt:04 A 40424 EL ESPINAR (SEGOVIA),True,True,
5846904UL9154N0005KH,5846904,UL9154N,40.776302,-4.235035,125.0,EL ESPINAR,Residencial,CL,CERRO DE LA RINCONADA,44,CL CERRO DE LA RINCONADA 44 Es:1 Pl:00 Pt:05 A 40424 EL ESPINAR (SEGOVIA),True,True,
5846904UL9154N0006LJ,5846904,UL9154N,40.776302,-4.235035,145.0,EL ESPINAR,Residencial,CL,CERRO DE LA RINCONADA,44,CL CERRO DE LA RINCONADA 44 Es:1 Pl:00 Pt:06 A 40424 EL ESPINAR (SEGOVIA),True,True,
5846904UL9154N0007BK,5846904,UL9154N,40.776302,-4.235035,145.0,EL ESPINAR,Residencial,CL,CERRO DE LA RINCONADA,44,CL CERRO DE LA RINCONADA 44 Es:1 Pl:00 Pt:07 A 40424 EL ESPINAR (SEGOVIA),True,True,
5846904UL9154N0008ZL,5846904,UL9154N,40.776302,-4.235035,111.0,EL ESPINAR,Residencial,CL,CERRO DE LA RINCONADA,44,CL CERRO DE LA RINCONADA 44 Es:1 Pl:00 Pt:08 40424 EL ESPINAR (SEGOVIA),True,True,
5846904UL9154N0009XB,5846904,UL9154N,40.776302,-4.235035,111.0,EL ESPINAR,Residencial,CL,CERRO DE LA RINCONADA,44,CL CERRO DE LA RINCONADA 44 Es:1 Pl:00 Pt:09 SIN NÊMERO 40424 EL ESPINAR (SEGOVIA),True,True,
5846904UL9154N0010BK,5846904,UL9154N,40.776302,-4.235035,114.0,EL ESPINAR,Residencial,CL,CERRO DE LA RINCONADA,44,CL CERRO DE LA RINCONADA 44 Es:1 Pl:00 Pt:10 A 40424 EL ESPINAR (SEGOVIA),True,True,
5846904UL9154N0011ZL,5846904,UL9154N,40.776302,-4.235035,124.0,EL ESPINAR,Residencial,CL,CERRO DE LA RINCONADA,44,CL CERRO DE LA RINCONADA 44 Es:1 Pl:00 Pt:11 A 40424 EL ESPINAR (SEGOVIA),True,True,
5846904UL9154N0012XB,5846904,UL9154N,40.776302,-4.235035,122.0,EL ESPINAR,Residencial,CL,CERRO DE LA RINCONADA,44,CL CERRO DE LA RINCONADA 44 Es:1 Pl:00 Pt:12 A 40424 EL ESPINAR (SEGOVIA),True,True,
5846904UL9154N0013MZ,5846904,UL9154N,40.776302,-4.235035,122.0,EL ESPINAR,Residencial,CL,CERRO DE LA RINCONADA,44,CL CERRO DE LA RINCONADA 44 Es:1 Pl:00 Pt:13 40424 EL ESPINAR (SEGOVIA),True,True,
5846904UL9154N0014QX,5846904,UL9154N,40.776302,-4.235035,122.0,EL ESPINAR,Residencial,CL,CERRO DE LA RINCONADA,44,CL CERRO DE LA RINCONADA 44 Es:1 Pl:00 Pt:14 A 40424 EL ESPINAR (SEGOVIA),True,True,
5846904UL9154N0015WM,5846904,UL9154N,40.776302,-4.235035,94.0,EL ESPINAR,Residencial,CL,CERRO DE LA RINCONADA,44,CL CERRO DE LA RINCONADA 44 Es:1 Pl:00 Pt:15 A 40424 EL ESPINAR (SEGOVIA),True,True,
5846904UL9154N0016EQ,5846904,UL9154N,40.776302,-4.235035,122.0,EL ESPINAR,Residencial,CL,CERRO DE LA RINCONADA,44,CL CERRO DE LA RINCONADA 44 Es:1 Pl:00 Pt:16 A 40424 EL ESPINAR (SEGOVIA),True,True,
5846904UL9154N0017RW,5846904,UL9154N,40.776302,-4.235035,122.0,EL ESPINAR,Residencial,CL,CERRO DE LA RINCONADA,44,CL CERRO DE LA RINCONADA 44 Es:1 Pl:00 Pt:17 A 40424 EL ESPINAR (SEGOVIA),True,True,
5846904UL9154N0018TE,5846904,UL9154N,40.776302,-4.235035,122.0,EL ESPINAR,Residencial,CL,CERRO DE LA RINCONADA,44,CL CERRO DE LA RINCONADA 44 Es:1 Pl:00 Pt:18 A 40424 EL ESPINAR (SEGOVIA),True,True,
5846904UL9154N0019YR,5846904,UL9154N,40.776302,-4.235035,122.0,EL ESPINAR,Residencial,CL,CERRO DE LA RINCONADA,44,CL CERRO DE LA RINCONADA 44 Es:1 Pl:00 Pt:19 40424 EL ESPINAR (SEGOVIA),True,True,
5846904UL9154N0020RW,5846904,UL9154N,40.776302,-4.235035,122.0,EL ESPINAR,Residencial,CL,CERRO DE LA RINCONADA,44,CL CERRO DE LA RINCONADA 44 Es:1 Pl:00 Pt:20 A 40424 EL ESPINAR (SEGOVIA),True,True,
5846904UL9154N0021TE,5846904,UL9154N,40.776302,-4.235035,122.0,EL ESPINAR,Residencial,CL,CERRO DE LA RINCONADA,44,CL CERRO DE LA RINCONADA 44 Es:1 Pl:00 Pt:21 A 40424 EL ESPINAR (SEGOVIA),True,True,
5846904UL9154N0022YR,5846904,UL9154N,40.776302,-4.235035,99.0,EL ESPINAR,Residencial,CL,CERRO DE LA RINCONADA,44,CL CERRO DE LA RINCONADA 44 Es:1 Pl:00 Pt:22 A 40424 EL ESPINAR (SEGOVIA),True,True,
5846904UL9154N0023UT,5846904,UL9154N,40.776302,-4.235035,122.0,EL ESPINAR,Residencial,CL,CERRO DE LA RINCONADA,44,CL CERRO DE LA RINCONADA 44 Es:1 Pl:00 Pt:23 A 40424 EL ESPINAR (SEGOVIA),True,True,
5846904UL9154N0024IY,5846904,UL9154N,40.776302,-4.235035,122.0,EL ESPINAR,Residencial,CL,CERRO DE LA RINCONADA,44,CL CERRO DE LA RINCONADA 44 Es:1 Pl:00 Pt:24 A 40424 EL ESPINAR (SEGOVIA),True,True,
5846904UL9154N0025OU,5846904,UL9154N,40.776302,-4.235035,122.0,EL ESPINAR,Residencial,CL,CERRO DE LA RINCONADA,44,CL CERRO DE LA RINCONADA 44 Es:1 Pl:00 Pt:25 A 40424 EL ESPINAR (SEGOVIA),True,True,
5846904UL9154N0026PI,5846904,UL9154N,40.776302,-4.235035,122.0,EL ESPINAR,Residencial,CL,CERRO DE LA RINCONADA,44,CL CERRO DE LA RINCONADA 44 Es:1 Pl:00 Pt:26 40424 EL ESPINAR (SEGOVIA),True,True,
5846904UL9154N0027AO,5846904,UL9154N,40.776302,-4.235035,145.0,EL ESPINAR,Residencial,CL,CERRO DE LA RINCONADA,44,CL CERRO DE LA RINCONADA 44 Es:1 Pl:00 Pt:27 A 40424 EL ESPINAR (SEGOVIA),True,True,
5846904UL9154N0028SP,5846904,UL9154N,40.776302,-4.235035,122.0,EL ESPINAR,Residencial,CL,CERRO DE LA RINCONADA,44,CL CERRO DE LA RINCONADA 44 Es:1 Pl:00 Pt:28 A 40424 EL ESPINAR (SEGOVIA),True,True,
5846904UL9154N0029DA,5846904,UL9154N,40.776302,-4.235035,122.0,EL ESPINAR,Residencial,CL,CERRO DE LA RINCONADA,44,CL CERRO DE LA RINCONADA 44 Es:1 Pl:00 Pt:29 A 40424 EL ESPINAR (SEGOVIA),True,True,
5846904UL9154N0030AO,5846904,UL9154N,40.776302,-4.235035,131.0,EL ESPINAR,Residencial,CL,CERRO DE LA RINCONADA,44,CL CERRO DE LA RINCONADA 44 Es:1 Pl:00 Pt:30 A 40424 EL ESPINAR (SEGOVIA),True,True,
5846904UL9154N0031SP,5846904,UL9154N,40.776302,-4.235035,131.0,EL ESPINAR,Residencial,CL,CERRO DE LA RINCONADA,44,CL CERRO DE LA RINCONADA 44 Es:1 Pl:00 Pt:31 A 40424 EL ESPINAR (SEGOVIA),True,True,
5846904UL9154N0032DA,5846904,UL9154N,40.776302,-4.235035,122.0,EL ESPINAR,Residencial,CL,CERRO DE LA RINCONADA,44,CL CERRO DE LA RINCONADA 44 Es:1 Pl:00 Pt:32 A 40424 EL ESPINAR (SEGOVIA),True,True,
5846904UL9154N0033FS,5846904,UL9154N,40.776302,-4.235035,122.0,EL ESPINAR,Residencial,CL,CERRO DE LA RINCONADA,44,CL CERRO DE LA RINCONADA 44 Es:1 Pl:00 Pt:33 A 40424 EL ESPINAR (SEGOVIA),True,True,
5846904UL9154N0034GD,5846904,UL9154N,40.776302,-4.235035,97.0,EL ESPINAR,Residencial,CL,CERRO DE LA RINCONADA,44,CL CERRO DE LA RINCONADA 44 Es:1 Pl:00 Pt:34 A 40424 EL ESPINAR (SEGOVIA),True,True,
5846904UL9154N0035HF,5846904,UL9154N,40.776302,-4.235035,91.0,EL ESPINAR,Residencial,CL,CERRO DE LA RINCONADA,44,CL CERRO DE LA RINCONADA 44 Es:1 Pl:00 Pt:35 40424 EL ESPINAR (SEGOVIA),True,True,
5846904UL9154N0036JG,5846904,UL9154N,40.776302,-4.235035,122.0,EL ESPINAR,Residencial,CL,CERRO DE LA RINCONADA,44,CL CERRO DE LA RINCONADA 44 Es:1 Pl:00 Pt:36 A 40424 EL ESPINAR (SEGOVIA),True,True,
5846904UL9154N0037KH,5846904,UL9154N,40.776302,-4.235035,122.0,EL ESPINAR,Residencial,CL,CERRO DE LA RINCONADA,44,CL CERRO DE LA RINCONADA 44 Es:1 Pl:00 Pt:37 A 40424 EL ESPINAR (SEGOVIA),True,True,
5846904UL9154N0038LJ,5846904,UL9154N,40.776302,-4.235035,122.0,EL ESPINAR,Residencial,CL,CERRO DE LA RINCONADA,44,CL CERRO DE LA RINCONADA 44 Es:1 Pl:00 Pt:38 A 40424 EL ESPINAR (SEGOVIA),True,True,
5846904UL9154N0039BK,5846904,UL9154N,40.776302,-4.235035,89.0,EL ESPINAR,Residencial,CL,CERRO DE LA RINCONADA,44,CL CERRO DE LA RINCONADA 44 Es:1 Pl:00 Pt:39 A 40424 EL ESPINAR (SEGOVIA),True,True,
5846906UL9154N0001OS,5846906,UL9154N,40.775469,-4.234776,118.0,EL ESPINAR,Residencial,CL,DE LA COLMADA,53,CL DE LA COLMADA 53(S) Es:E Pl:00 Pt:04 40400 EL ESPINAR (SEGOVIA),True,True,
5846906UL9154N0002PD,5846906,UL9154N,40.775469,-4.234776,136.0,EL ESPINAR,Residencial,CL,DE LA COLMADA,53,CL DE LA COLMADA 53(S) Es:E Pl:00 Pt:07 40400 EL ESPINAR (SEGOVIA),True,True,
5846906UL9154N0003AF,5846906,UL9154N,40.775469,-4.234776,149.0,EL ESPINAR,Residencial,CL,DE LA COLMADA,53,CL DE LA COLMADA 53(S) Es:1 Pl:00 Pt:01 40400 EL ESPINAR (SEGOVIA),True,True,
5846906UL9154N0004SG,5846906,UL9154N,40.775469,-4.234776,150.0,EL ESPINAR,Residencial,CL,DE LA COLMADA,53,CL DE LA COLMADA 53(S) Es:1 Pl:00 Pt:02 40400 EL ESPINAR (SEGOVIA),True,True,
5846906UL9154N0005DH,5846906,UL9154N,40.775469,-4.234776,165.0,EL ESPINAR,Residencial,CL,DE LA COLMADA,53,CL DE LA COLMADA 53(S) Es:1 Pl:00 Pt:03 40400 EL ESPINAR (SEGOVIA),True,True,
5846906UL9154N0006FJ,5846906,UL9154N,40.775469,-4.234776,127.0,EL ESPINAR,Residencial,CL,DE LA COLMADA,53,CL DE LA COLMADA 53(S) Es:1 Pl:00 Pt:05 40400 EL ESPINAR (SEGOVIA),True,True,
5846906UL9154N0007GK,5846906,UL9154N,40.775469,-4.234776,142.0,EL ESPINAR,Residencial,CL,DE LA COLMADA,53,CL DE LA COLMADA 53(S) Es:1 Pl:00 Pt:06 40400 EL ESPINAR (SEGOVIA),True,True,
5846906UL9154N0008HL,5846906,UL9154N,40.775469,-4.234776,150.0,EL ESPINAR,Residencial,CL,DE LA COLMADA,53,CL DE LA COLMADA 53(S) Es:1 Pl:00 Pt:08 40400 EL ESPINAR (SEGOVIA),True,True,
5846906UL9154N0009JB,5846906,UL9154N,40.775469,-4.234776,127.0,EL ESPINAR,Residencial,CL,DE LA COLMADA,53,CL DE LA COLMADA 53(S) Es:1 Pl:00 Pt:09 40400 EL ESPINAR (SEGOVIA),True,True,
5846906UL9154N0010GK,5846906,UL9154N,40.775469,-4.234776,131.0,EL ESPINAR,Residencial,CL,DE LA COLMADA,53,CL DE LA COLMADA 53(S) Es:1 Pl:00 Pt:10 40400 EL ESPINAR (SEGOVIA),True,True,
5846906UL9154N0011HL,5846906,UL9154N,40.775469,-4.234776,132.0,EL ESPINAR,Residencial,CL,DE LA COLMADA,53,CL DE LA COLMADA 53(S) Es:1 Pl:00 Pt:11 40400 EL ESPINAR (SEGOVIA),True,True,
5846906UL9154N0012JB,5846906,UL9154N,40.775469,-4.234776,132.0,EL ESPINAR,Residencial,CL,DE LA COLMADA,53,CL DE LA COLMADA 53(S) Es:1 Pl:00 Pt:12 40400 EL ESPINAR (SEGOVIA),True,True,
5846906UL9154N0013KZ,5846906,UL9154N,40.775469,-4.234776,127.0,EL ESPINAR,Residencial,CL,DE LA COLMADA,53,CL DE LA COLMADA 53(S) Es:1 Pl:00 Pt:13 40400 EL ESPINAR (SEGOVIA),True,True,
5846906UL9154N0014LX,5846906,UL9154N,40.775469,-4.234776,134.0,EL ESPINAR,Residencial,CL,DE LA COLMADA,53,CL DE LA COLMADA 53(S) Es:1 Pl:00 Pt:14 40400 EL ESPINAR (SEGOVIA),True,True,
5846906UL9154N0015BM,5846906,UL9154N,40.775469,-4.234776,91.0,EL ESPINAR,Residencial,CL,DE LA COLMADA,53,CL DE LA COLMADA 53(S) Es:1 Pl:00 Pt:15 40400 EL ESPINAR (SEGOVIA),True,True,
5846906UL9154N0016ZQ,5846906,UL9154N,40.775469,-4.234776,91.0,EL ESPINAR,Residencial,CL,DE LA COLMADA,53,CL DE LA COLMADA 53(S) Es:1 Pl:00 Pt:16 40400 EL ESPINAR (SEGOVIA),True,True,
5846906UL9154N0017XW,5846906,UL9154N,40.775469,-4.234776,131.0,EL ESPINAR,Residencial,CL,DE LA COLMADA,53,CL DE LA COLMADA 53(S) Es:1 Pl:00 Pt:17 40400 EL ESPINAR (SEGOVIA),True,True,
5846906UL9154N0018ME,5846906,UL9154N,40.775469,-4.234776,145.0,EL ESPINAR,Residencial,CL,DE LA COLMADA,53,CL DE LA COLMADA 53(S) Es:1 Pl:00 Pt:18 40400 EL ESPINAR (SEGOVIA),True,True,
5846906UL9154N0019QR,5846906,UL9154N,40.775469,-4.234776,134.0,EL ESPINAR,Residencial,CL,DE LA COLMADA,53,CL DE LA COLMADA 53(S) Es:1 Pl:00 Pt:19 40400 EL ESPINAR (SEGOVIA),True,True,
5846906UL9154N0020XW,5846906,UL9154N,40.775469,-4.234776,127.0,EL ESPINAR,Residencial,CL,DE LA COLMADA,53,CL DE LA COLMADA 53(S) Es:1 Pl:00 Pt:20 40400 EL ESPINAR (SEGOVIA),True,True,
5846906UL9154N0021ME,5846906,UL9154N,40.775469,-4.234776,132.0,EL ESPINAR,Residencial,CL,DE LA COLMADA,53,CL DE LA COLMADA 53(S) Es:1 Pl:00 Pt:21 40400 EL ESPINAR (SEGOVIA),True,True,
5846906UL9154N0022QR,5846906,UL9154N,40.775469,-4.234776,92.0,EL ESPINAR,Residencial,CL,DE LA COLMADA,53,CL DE LA COLMADA 53(S) Es:1 Pl:00 Pt:22 40400 EL ESPINAR (SEGOVIA),True,True,
5846906UL9154N0023WT,5846906,UL9154N,40.775469,-4.234776,127.0,EL ESPINAR,Residencial,CL,DE LA COLMADA,53,CL DE LA COLMADA 53(S) Es:1 Pl:00 Pt:23 40400 EL ESPINAR (SEGOVIA),True,True,
5846906UL9154N0024EY,5846906,UL9154N,40.775469,-4.234776,132.0,EL ESPINAR,Residencial,CL,DE LA COLMADA,53,CL DE LA COLMADA 53(S) Es:1 Pl:00 Pt:24 40400 EL ESPINAR (SEGOVIA),True,True,
5846906UL9154N0025RU,5846906,UL9154N,40.775469,-4.234776,94.0,EL ESPINAR,Residencial,CL,DE LA COLMADA,53,CL DE LA COLMADA 53(S) Es:1 Pl:00 Pt:25 40400 EL ESPINAR (SEGOVIA),True,True,
5846906UL9154N0026TI,5846906,UL9154N,40.775469,-4.234776,131.0,EL ESPINAR,Residencial,CL,DE LA COLMADA,53,CL DE LA COLMADA 53(S) Es:1 Pl:00 Pt:26 40400 EL ESPINAR (SEGOVIA),True,True,
5846906UL9154N0027YO,5846906,UL9154N,40.775469,-4.234776,131.0,EL ESPINAR,Residencial,CL,DE LA COLMADA,53,CL DE LA COLMADA 53(S) Es:1 Pl:00 Pt:27 40400 EL ESPINAR (SEGOVIA),True,True,
5846906UL9154N0028UP,5846906,UL9154N,40.775469,-4.234776,127.0,EL ESPINAR,Residencial,CL,DE LA COLMADA,53,CL DE LA COLMADA 53(S) Es:1 Pl:00 Pt:28 40400 EL ESPINAR (SEGOVIA),True,True,
5846906UL9154N0029IA,5846906,UL9154N,40.775469,-4.234776,127.0,EL ESPINAR,Residencial,CL,DE LA COLMADA,53,CL DE LA COLMADA 53(S) Es:1 Pl:00 Pt:29 40400 EL ESPINAR (SEGOVIA),True,True,
5846906UL9154N0030YO,5846906,UL9154N,40.775469,-4.234776,132.0,EL ESPINAR,Residencial,CL,DE LA COLMADA,53,CL DE LA COLMADA 53(S) Es:1 Pl:00 Pt:30 40400 EL ESPINAR (SEGOVIA),True,True,
5846906UL9154N0031UP,5846906,UL9154N,40.775469,-4.234776,127.0,EL ESPINAR,Residencial,CL,DE LA COLMADA,53,CL DE LA COLMADA 53(S) Es:1 Pl:00 Pt:31 40400 EL ESPINAR (SEGOVIA),True,True,
5846906UL9154N0032IA,5846906,UL9154N,40.775469,-4.234776,125.0,EL ESPINAR,Residencial,CL,DE LA COLMADA,53,CL DE LA COLMADA 53(S) Es:1 Pl:00 Pt:32 40400 EL ESPINAR (SEGOVIA),True,True,
5850101UL9155S0001YF,5850101,UL9155S,40.778427,-4.235313,182.0,EL ESPINAR,Residencial,CL,E-A.S.RAF.,17,CL E-A.S.RAF. 17 Es:1 Pl:00 Pt:01 40400 EL ESPINAR (SEGOVIA),True,True,
5850101UL9155S0002UG,5850101,UL9155S,40.778427,-4.235313,182.0,EL ESPINAR,Residencial,CL,E-A.S.RAF.,17,CL E-A.S.RAF. 17 Es:1 Pl:00 Pt:02 40400 EL ESPINAR (SEGOVIA),True,True,
5850101UL9155S0003IH,5850101,UL9155S,40.778427,-4.235313,182.0,EL ESPINAR,Residencial,CL,E-A.S.RAF.,17,CL E-A.S.RAF. 17 Es:1 Pl:00 Pt:03 40400 EL ESPINAR (SEGOVIA),True,True,
5850101UL9155S0004OJ,5850101,UL9155S,40.778427,-4.235313,182.0,EL ESPINAR,Residencial,CL,E-A.S.RAF.,17,CL E-A.S.RAF. 17 Es:1 Pl:00 Pt:04 40400 EL ESPINAR (SEGOVIA),True,True,
5850101UL9155S0005PK,5850101,UL9155S,40.778427,-4.235313,182.0,EL ESPINAR,Residencial,CL,E-A.S.RAF.,17,CL E-A.S.RAF. 17 Es:1 Pl:00 Pt:05 40400 EL ESPINAR (SEGOVIA),True,True,
5850101UL9155S0006AL,5850101,UL9155S,40.778427,-4.235313,182.0,EL ESPINAR,Residencial,CL,E-A.S.RAF.,17,CL E-A.S.RAF. 17 Es:1 Pl:00 Pt:06 40400 EL ESPINAR (SEGOVIA),True,True,
5850101UL9155S0007SB,5850101,UL9155S,40.778427,-4.235313,182.0,EL ESPINAR,Residencial,CL,E-A.S.RAF.,17,CL E-A.S.RAF. 17 Es:1 Pl:00 Pt:07 40400 EL ESPINAR (SEGOVIA),True,True,
5850101UL9155S0008DZ,5850101,UL9155S,40.778427,-4.235313,182.0,EL ESPINAR,Residencial,CL,E-A.S.RAF.,17,CL E-A.S.RAF. 17 Es:1 Pl:00 Pt:08 40400 EL ESPINAR (SEGOVIA),True,True,
5850101UL9155S0009FX,5850101,UL9155S,40.778427,-4.235313,182.0,EL ESPINAR,Residencial,CL,E-A.S.RAF.,17,CL E-A.S.RAF. 17 Es:1 Pl:00 Pt:09 40400 EL ESPINAR (SEGOVIA),True,True,
5850101UL9155S0010SB,5850101,UL9155S,40.778427,-4.235313,182.0,EL ESPINAR,Residencial,CL,E-A.S.RAF.,17,CL E-A.S.RAF. 17 Es:1 Pl:00 Pt:10 40400 EL ESPINAR (SEGOVIA),True,True,
5850101UL9155S0011DZ,5850101,UL9155S,40.778427,-4.235313,182.0,EL ESPINAR,Residencial,CL,E-A.S.RAF.,17,CL E-A.S.RAF. 17 Es:1 Pl:00 Pt:11 40400 EL ESPINAR (SEGOVIA),True,True,
5850101UL9155S0012FX,5850101,UL9155S,40.778427,-4.235313,182.0,EL ESPINAR,Residencial,CL,E-A.S.RAF.,17,CL E-A.S.RAF. 17 Es:1 Pl:00 Pt:12 40400 EL ESPINAR (SEGOVIA),True,True,
5850102UL9155S0001GF,5850102,UL9155S,40.778284,-4.236528,211.0,EL ESPINAR,Residencial,CL,DE LA COLMADA,18,CL DE LA COLMADA 18 Es:1 Pl:00 Pt:01 EL ESPINAR (SEGOVIA),True,True,
5850102UL9155S0002HG,5850102,UL9155S,40.778284,-4.236528,211.0,EL ESPINAR,Residencial,CL,DE LA COLMADA,18,CL DE LA COLMADA 18 Es:1 Pl:00 Pt:02 EL ESPINAR (SEGOVIA),True,True,
5850102UL9155S0003JH,5850102,UL9155S,40.778284,-4.236528,211.0,EL ESPINAR,Residencial,CL,DE LA COLMADA,18,CL DE LA COLMADA 18 Es:1 Pl:00 Pt:03 EL ESPINAR (SEGOVIA),True,True,
5850102UL9155S0004KJ,5850102,UL9155S,40.778284,-4.236528,211.0,EL ESPINAR,Residencial,CL,DE LA COLMADA,18,CL DE LA COLMADA 18 Es:1 Pl:00 Pt:04 EL ESPINAR (SEGOVIA),True,True,
5850102UL9155S0005LK,5850102,UL9155S,40.778284,-4.236528,211.0,EL ESPINAR,Residencial,CL,DE LA COLMADA,18,CL DE LA COLMADA 18 Es:1 Pl:00 Pt:05 EL ESPINAR (SEGOVIA),True,True,
5850102UL9155S0006BL,5850102,UL9155S,40.778284,-4.236528,211.0,EL ESPINAR,Residencial,CL,DE LA COLMADA,18,CL DE LA COLMADA 18 Es:1 Pl:00 Pt:06 EL ESPINAR (SEGOVIA),True,True,
5850102UL9155S0007ZB,5850102,UL9155S,40.778284,-4.236528,211.0,EL ESPINAR,Residencial,CL,DE LA COLMADA,18,CL DE LA COLMADA 18 Es:1 Pl:00 Pt:07 EL ESPINAR (SEGOVIA),True,True,
5850102UL9155S0008XZ,5850102,UL9155S,40.778284,-4.236528,211.0,EL ESPINAR,Residencial,CL,DE LA COLMADA,18,CL DE LA COLMADA 18 Es:1 Pl:00 Pt:08 EL ESPINAR (SEGOVIA),True,True,
6047207UL9164N0001EH,6047207,UL9164N,40.777648,-4.233753,158.0,EL ESPINAR,Residencial,CL,CERRO DE LA RINCONADA,34,CL CERRO DE LA RINCONADA 34 Es:1 Pl:00 Pt:01 40400 EL ESPINAR (SEGOVIA),True,True,
6047207UL9164N0002RJ,6047207,UL9164N,40.777648,-4.233753,134.0,EL ESPINAR,Residencial,CL,CERRO DE LA RINCONADA,34,CL CERRO DE LA RINCONADA 34 Es:1 Pl:00 Pt:02 40400 EL ESPINAR (SEGOVIA),True,True,
6047207UL9164N0003TK,6047207,UL9164N,40.777648,-4.233753,158.0,EL ESPINAR,Residencial,CL,CERRO DE LA RINCONADA,34,CL CERRO DE LA RINCONADA 34 Es:1 Pl:00 Pt:03 40400 EL ESPINAR (SEGOVIA),True,True,
6047207UL9164N0004YL,6047207,UL9164N,40.777648,-4.233753,158.0,EL ESPINAR,Residencial,CL,CERRO DE LA RINCONADA,34,CL CERRO DE LA RINCONADA 34 Es:1 Pl:00 Pt:04 40400 EL ESPINAR (SEGOVIA),True,True,
6047207UL9164N0005UB,6047207,UL9164N,40.777648,-4.233753,134.0,EL ESPINAR,Residencial,CL,CERRO DE LA RINCONADA,34,CL CERRO DE LA RINCONADA 34 Es:1 Pl:00 Pt:05 40400 EL ESPINAR (SEGOVIA),True,True,
6047207UL9164N0006IZ,6047207,UL9164N,40.777648,-4.233753,158.0,EL ESPINAR,Residencial,CL,CERRO DE LA RINCONADA,34,CL CERRO DE LA RINCONADA 34 Es:1 Pl:00 Pt:06 40400 EL ESPINAR (SEGOVIA),True,True,
6047207UL9164N0007OX,6047207,UL9164N,40.777648,-4.233753,134.0,EL ESPINAR,Residencial,CL,CERRO DE LA RINCONADA,34,CL CERRO DE LA RINCONADA 34 Es:1 Pl:00 Pt:07 40400 EL ESPINAR (SEGOVIA),True,True,
6047207UL9164N0008PM,6047207,UL9164N,40.777648,-4.233753,158.0,EL ESPINAR,Residencial,CL,CERRO DE LA RINCONADA,34,CL CERRO DE LA RINCONADA 34 Es:1 Pl:00 Pt:08 40400 EL ESPINAR (SEGOVIA),True,True,
6047207UL9164N0009AQ,6047207,UL9164N,40.777648,-4.233753,158.0,EL ESPINAR,Residencial,CL,CERRO DE LA RINCONADA,34,CL CERRO DE LA RINCONADA 34 Es:1 Pl:00 Pt:09 40400 EL ESPINAR (SEGOVIA),True,True,
6047207UL9164N0010OX,6047207,UL9164N,40.777648,-4.233753,158.0,EL ESPINAR,Residencial,CL,CERRO DE LA RINCONADA,34,CL CERRO DE LA RINCONADA 34 Es:1 Pl:00 Pt:10 40400 EL ESPINAR (SEGOVIA),True,True,
6047207UL9164N0011PM,6047207,UL9164N,40.777648,-4.233753,158.0,EL ESPINAR,Residencial,CL,CERRO DE LA RINCONADA,34,CL CERRO DE LA RINCONADA 34 Es:1 Pl:00 Pt:11 40400 EL ESPINAR (SEGOVIA),True,True,
6047207UL9164N0012AQ,6047207,UL9164N,40.777648,-4.233753,134.0,EL ESPINAR,Residencial,CL,CERRO DE LA RINCONADA,34,CL CERRO DE LA RINCONADA 34 Es:1 Pl:00 Pt:12 40400 EL ESPINAR (SEGOVIA),True,True,
6047207UL9164N0013SW,6047207,UL9164N,40.777648,-4.233753,158.0,EL ESPINAR,Residencial,CL,CERRO DE LA RINCONADA,34,CL CERRO DE LA RINCONADA 34 Es:1 Pl:00 Pt:13 40400 EL ESPINAR (SEGOVIA),True,True,
6047207UL9164N0014DE,6047207,UL9164N,40.777648,-4.233753,158.0,EL ESPINAR,Residencial,CL,CERRO DE LA RINCONADA,34,CL CERRO DE LA RINCONADA 34 Es:1 Pl:00 Pt:14 40400 EL ESPINAR (SEGOVIA),True,True,
6047207UL9164N0015FR,6047207,UL9164N,40.777648,-4.233753,134.0,EL ESPINAR,Residencial,CL,CERRO DE LA RINCONADA,34,CL CERRO DE LA RINCONADA 34 Es:1 Pl:00 Pt:15 40400 EL ESPINAR (SEGOVIA),True,True,
6047207UL9164N0016GT,6047207,UL9164N,40.777648,-4.233753,158.0,EL ESPINAR,Residencial,CL,CERRO DE LA RINCONADA,34,CL CERRO DE LA RINCONADA 34 Es:1 Pl:00 Pt:16 40400 EL ESPINAR (SEGOVIA),True,True,
6047207UL9164N0017HY,6047207,UL9164N,40.777648,-4.233753,158.0,EL ESPINAR,Residencial,CL,CERRO DE LA RINCONADA,34,CL CERRO DE LA RINCONADA 34 Es:1 Pl:00 Pt:17 40400 EL ESPINAR (SEGOVIA),True,True,
6047207UL9164N0018JU,6047207,UL9164N,40.777648,-4.233753,134.0,EL ESPINAR,Residencial,CL,CERRO DE LA RINCONADA,34,CL CERRO DE LA RINCONADA 34 Es:1 Pl:00 Pt:18 40400 EL ESPINAR (SEGOVIA),True,True,
6047207UL9164N0019KI,6047207,UL9164N,40.777648,-4.233753,134.0,EL ESPINAR,Residencial,CL,CERRO DE LA RINCONADA,34,CL CERRO DE LA RINCONADA 34 Es:1 Pl:00 Pt:19 40400 EL ESPINAR (SEGOVIA),True,True,
6047207UL9164N0020HY,6047207,UL9164N,40.777648,-4.233753,158.0,EL ESPINAR,Residencial,CL,CERRO DE LA RINCONADA,34,CL CERRO DE LA RINCONADA 34 Es:1 Pl:00 Pt:20 40400 EL ESPINAR (SEGOVIA),True,True,
6047207UL9164N0021JU,6047207,UL9164N,40.777648,-4.233753,158.0,EL ESPINAR,Residencial,CL,CERRO DE LA RINCONADA,34,CL CERRO DE LA RINCONADA 34 Es:1 Pl:00 Pt:21 40400 EL ESPINAR (SEGOVIA),True,True,
6047207UL9164N0022KI,6047207,UL9164N,40.777648,-4.233753,134.0,EL ESPINAR,Residencial,CL,CERRO DE LA RINCONADA,34,CL CERRO DE LA RINCONADA 34 Es:1 Pl:00 Pt:22 40400 EL ESPINAR (SEGOVIA),True,True,
6047207UL9164N0023LO,6047207,UL9164N,40.777648,-4.233753,158.0,EL ESPINAR,Residencial,CL,CERRO DE LA RINCONADA,34,CL CERRO DE LA RINCONADA 34 Es:1 Pl:00 Pt:23 40400 EL ESPINAR (SEGOVIA),True,True,
6047207UL9164N0024BP,6047207,UL9164N,40.777648,-4.233753,158.0,EL ESPINAR,Residencial,CL,CERRO DE LA RINCONADA,34,CL CERRO DE LA RINCONADA 34 Es:1 Pl:00 Pt:24 40400 EL ESPINAR (SEGOVIA),True,True,
6047208UL9164N0001SH,6047208,UL9164N,40.778499,-4.233545,88.0,EL ESPINAR,Residencial,CL,CERRO DE LA RINCONADA,33,CL CERRO DE LA RINCONADA 33 Es:E Pl:00 Pt:18 A 40424 EL ESPINAR (SEGOVIA),True,True,
6047208UL9164N0002DJ,6047208,UL9164N,40.778499,-4.233545,116.0,EL ESPINAR,Residencial,CL,CERRO DE LA RINCONADA,33,CL CERRO DE LA RINCONADA 33 Es:1 Pl:00 Pt:01 A 40424 EL ESPINAR (SEGOVIA),True,True,
6047208UL9164N0003FK,6047208,UL9164N,40.778499,-4.233545,116.0,EL ESPINAR,Residencial,CL,CERRO DE LA RINCONADA,33,CL CERRO DE LA RINCONADA 33 Es:1 Pl:00 Pt:02 A 40424 EL ESPINAR (SEGOVIA),True,True,
6047208UL9164N0004GL,6047208,UL9164N,40.778499,-4.233545,116.0,EL ESPINAR,Residencial,CL,CERRO DE LA RINCONADA,33,CL CERRO DE LA RINCONADA 33 Es:1 Pl:00 Pt:03 A 40424 EL ESPINAR (SEGOVIA),True,True,
6047208UL9164N0005HB,6047208,UL9164N,40.778499,-4.233545,116.0,EL ESPINAR,Residencial,CL,CERRO DE LA RINCONADA,33,CL CERRO DE LA RINCONADA 33 Es:1 Pl:00 Pt:04 A 40424 EL ESPINAR (SEGOVIA),True,True,
6047208UL9164N0006JZ,6047208,UL9164N,40.778499,-4.233545,116.0,EL ESPINAR,Residencial,CL,CERRO DE LA RINCONADA,33,CL CERRO DE LA RINCONADA 33 Es:1 Pl:00 Pt:05 A 40424 EL ESPINAR (SEGOVIA),True,True,
6047208UL9164N0007KX,6047208,UL9164N,40.778499,-4.233545,116.0,EL ESPINAR,Residencial,CL,CERRO DE LA RINCONADA,33,CL CERRO DE LA RINCONADA 33 Es:1 Pl:00 Pt:06 A 40424 EL ESPINAR (SEGOVIA),True,True,
6047208UL9164N0008LM,6047208,UL9164N,40.778499,-4.233545,116.0,EL ESPINAR,Residencial,CL,CERRO DE LA RINCONADA,33,CL CERRO DE LA RINCONADA 33 Es:1 Pl:00 Pt:07 A 40424 EL ESPINAR (SEGOVIA),True,True,
6047208UL9164N0009BQ,6047208,UL9164N,40.778499,-4.233545,116.0,EL ESPINAR,Residencial,CL,CERRO DE LA RINCONADA,33,CL CERRO DE LA RINCONADA 33 Es:1 Pl:00 Pt:08 A 40424 EL ESPINAR (SEGOVIA),True,True,
6047208UL9164N0010KX,6047208,UL9164N,40.778499,-4.233545,116.0,EL ESPINAR,Residencial,CL,CERRO DE LA RINCONADA,33,CL CERRO DE LA RINCONADA 33 Es:1 Pl:00 Pt:09 40424 EL ESPINAR (SEGOVIA),True,True,
6047208UL9164N0011LM,6047208,UL9164N,40.778499,-4.233545,116.0,EL ESPINAR,Residencial,CL,CERRO DE LA RINCONADA,33,CL CERRO DE LA RINCONADA 33 Es:1 Pl:00 Pt:10 A 40424 EL ESPINAR (SEGOVIA),True,True,
6047208UL9164N0012BQ,6047208,UL9164N,40.778499,-4.233545,116.0,EL ESPINAR,Residencial,CL,CERRO DE LA RINCONADA,33,CL CERRO DE LA RINCONADA 33 Es:1 Pl:00 Pt:11 A 40424 EL ESPINAR (SEGOVIA),True,True,
6047208UL9164N0013ZW,6047208,UL9164N,40.778499,-4.233545,116.0,EL ESPINAR,Residencial,CL,CERRO DE LA RINCONADA,33,CL CERRO DE LA RINCONADA 33 Es:1 Pl:00 Pt:12 A 40424 EL ESPINAR (SEGOVIA),True,True,
6047208UL9164N0014XE,6047208,UL9164N,40.778499,-4.233545,88.0,EL ESPINAR,Residencial,CL,CERRO DE LA RINCONADA,33,CL CERRO DE LA RINCONADA 33 Es:1 Pl:00 Pt:13 A 40424 EL ESPINAR (SEGOVIA),True,True,
6047208UL9164N0015MR,6047208,UL9164N,40.778499,-4.233545,88.0,EL ESPINAR,Residencial,CL,CERRO DE LA RINCONADA,33,CL CERRO DE LA RINCONADA 33 Es:1 Pl:00 Pt:14 A 40424 EL ESPINAR (SEGOVIA),True,True,
6047208UL9164N0016QT,6047208,UL9164N,40.778499,-4.233545,88.0,EL ESPINAR,Residencial,CL,CERRO DE LA RINCONADA,33,CL CERRO DE LA RINCONADA 33 Es:1 Pl:00 Pt:15 A 40424 EL ESPINAR (SEGOVIA),True,True,
6047208UL9164N0017WY,6047208,UL9164N,40.778499,-4.233545,88.0,EL ESPINAR,Residencial,CL,CERRO DE LA RINCONADA,33,CL CERRO DE LA RINCONADA 33 Es:1 Pl:00 Pt:16 A 40424 EL ESPINAR (SEGOVIA),True,True,
6047208UL9164N0018EU,6047208,UL9164N,40.778499,-4.233545,88.0,EL ESPINAR,Residencial,CL,CERRO DE LA RINCONADA,33,CL CERRO DE LA RINCONADA 33 Es:1 Pl:00 Pt:17 A 40424 EL ESPINAR (SEGOVIA),True,True,
6047208UL9164N0019RI,6047208,UL9164N,40.778499,-4.233545,88.0,EL ESPINAR,Residencial,CL,CERRO DE LA RINCONADA,33,CL CERRO DE LA RINCONADA 33 Es:1 Pl:00 Pt:19 A 40424 EL ESPINAR (SEGOVIA),True,True,
6047208UL9164N0020WY,6047208,UL9164N,40.778499,-4.233545,88.0,EL ESPINAR,Residencial,CL,CERRO DE LA RINCONADA,33,CL CERRO DE LA RINCONADA 33 Es:1 Pl:00 Pt:20 A 40424 EL ESPINAR (SEGOVIA),True,True,
6047208UL9164N0021EU,6047208,UL9164N,40.778499,-4.233545,88.0,EL ESPINAR,Residencial,CL,CERRO DE LA RINCONADA,33,CL CERRO DE LA RINCONADA 33 Es:1 Pl:00 Pt:21 A 40424 EL ESPINAR (SEGOVIA),True,True,
6047208UL9164N0022RI,6047208,UL9164N,40.778499,-4.233545,88.0,EL ESPINAR,Residencial,CL,CERRO DE LA RINCONADA,33,CL CERRO DE LA RINCONADA 33 Es:1 Pl:00 Pt:22 40424 EL ESPINAR (SEGOVIA),True,True,
6047208UL9164N0023TO,6047208,UL9164N,40.778499,-4.233545,88.0,EL ESPINAR,Residencial,CL,CERRO DE LA RINCONADA,33,CL CERRO DE LA RINCONADA 33 Es:1 Pl:00 Pt:23 A 40424 EL ESPINAR (SEGOVIA),True,True,
6047208UL9164N0024YP,6047208,UL9164N,40.778499,-4.233545,88.0,EL ESPINAR,Residencial,CL,CERRO DE LA RINCONADA,33,CL CERRO DE LA RINCONADA 33 Es:1 Pl:00 Pt:24 A 40424 EL ESPINAR (SEGOVIA),True,True,
6047209UL9164N0001ZH,6047209,UL9164N,40.778861,-4.232536,167.0,EL ESPINAR,Residencial,CL,CERRO DEL CALOQUILLO,32,CL CERRO DEL CALOQUILLO 32 Es:E Pl:00 Pt:13 A 40424 EL ESPINAR (SEGOVIA),True,True,
6047209UL9164N0002XJ,6047209,UL9164N,40.778861,-4.232536,167.0,EL ESPINAR,Residencial,CL,CERRO DEL CALOQUILLO,32,CL CERRO DEL CALOQUILLO 32 Es:1 Pl:00 Pt:01 40424 EL ESPINAR (SEGOVIA),True,True,
6047209UL9164N0003MK,6047209,UL9164N,40.778861,-4.232536,167.0,EL ESPINAR,Residencial,CL,CERRO DEL CALOQUILLO,32,CL CERRO DEL CALOQUILLO 32 Es:1 Pl:00 Pt:02 40424 EL ESPINAR (SEGOVIA),True,True,
6047209UL9164N0004QL,6047209,UL9164N,40.778861,-4.232536,167.0,EL ESPINAR,Residencial,CL,CERRO DEL CALOQUILLO,32,CL CERRO DEL CALOQUILLO 32 Es:1 Pl:00 Pt:03 A 40424 EL ESPINAR (SEGOVIA),True,True,
6047209UL9164N0005WB,6047209,UL9164N,40.778861,-4.232536,167.0,EL ESPINAR,Residencial,CL,CERRO DEL CALOQUILLO,32,CL CERRO DEL CALOQUILLO 32 Es:1 Pl:00 Pt:04 A 40424 EL ESPINAR (SEGOVIA),True,True,
6047209UL9164N0006EZ,6047209,UL9164N,40.778861,-4.232536,167.0,EL ESPINAR,Residencial,CL,CERRO DEL CALOQUILLO,32,CL CERRO DEL CALOQUILLO 32 Es:1 Pl:00 Pt:05 A 40424 EL ESPINAR (SEGOVIA),True,True,
6047209UL9164N0007RX,6047209,UL9164N,40.778861,-4.232536,167.0,EL ESPINAR,Residencial,CL,CERRO DEL CALOQUILLO,32,CL CERRO DEL CALOQUILLO 32 Es:1 Pl:00 Pt:06 A 40424 EL ESPINAR (SEGOVIA),True,True,
6047209UL9164N0008TM,6047209,UL9164N,40.778861,-4.232536,167.0,EL ESPINAR,Residencial,CL,CERRO DEL CALOQUILLO,32,CL CERRO DEL CALOQUILLO 32 Es:1 Pl:00 Pt:07 A 40424 EL ESPINAR (SEGOVIA),True,True,
6047209UL9164N0009YQ,6047209,UL9164N,40.778861,-4.232536,167.0,EL ESPINAR,Residencial,CL,CERRO DEL CALOQUILLO,32,CL CERRO DEL CALOQUILLO 32 Es:1 Pl:00 Pt:08 A 40424 EL ESPINAR (SEGOVIA),True,True,
6047209UL9164N0010RX,6047209,UL9164N,40.778861,-4.232536,167.0,EL ESPINAR,Residencial,CL,CERRO DEL CALOQUILLO,32,CL CERRO DEL CALOQUILLO 32 Es:1 Pl:00 Pt:09 A 40424 EL ESPINAR (SEGOVIA),True,True,
6047209UL9164N0011TM,6047209,UL9164N,40.778861,-4.232536,167.0,EL ESPINAR,Residencial,CL,CERRO DEL CALOQUILLO,32,CL CERRO DEL CALOQUILLO 32 Es:1 Pl:00 Pt:10 A 40424 EL ESPINAR (SEGOVIA),True,True,
6047209UL9164N0012YQ,6047209,UL9164N,40.778861,-4.232536,167.0,EL ESPINAR,Residencial,CL,CERRO DEL CALOQUILLO,32,CL CERRO DEL CALOQUILLO 32 Es:1 Pl:00 Pt:11 A 40424 EL ESPINAR (SEGOVIA),True,True,
6047209UL9164N0013UW,6047209,UL9164N,40.778861,-4.232536,167.0,EL ESPINAR,Residencial,CL,CERRO DEL CALOQUILLO,32,CL CERRO DEL CALOQUILLO 32 Es:1 Pl:00 Pt:12 A 40424 EL ESPINAR (SEGOVIA),True,True,
6047209UL9164N0014IE,6047209,UL9164N,40.778861,-4.232536,167.0,EL ESPINAR,Residencial,CL,CERRO DEL CALOQUILLO,32,CL CERRO DEL CALOQUILLO 32 Es:1 Pl:00 Pt:14 A 40424 EL ESPINAR (SEGOVIA),True,True,
66478A0UL9164N1001MF,66478A0,UL9164N,40.773073,-4.229134,0.0,EL ESPINAR,"Obras de urbanización y jardineria, suelos sin edificar",CL,ECUADOR,1139,CL ECUADOR 1139 Es:0 Pl:00 Pt:2A 40400 EL ESPINAR (SEGOVIA),False,False,
66478A0UL9164N1002QG,66478A0,UL9164N,40.773073,-4.229134,0.0,EL ESPINAR,"Obras de urbanización y jardineria, suelos sin edificar",CL,ECUADOR,1139,CL ECUADOR 1139 Es:0 Pl:00 Pt:3A 40400 EL ESPINAR (SEGOVIA),False,False,
66478A0UL9164N1003WH,66478A0,UL9164N,40.773073,-4.229134,0.0,EL ESPINAR,"Obras de urbanización y jardineria, suelos sin edificar",CL,ECUADOR,1139,CL ECUADOR 1139 Es:0 Pl:00 Pt:4A 40400 EL ESPINAR (SEGOVIA),False,False,
66478A0UL9164N2001ZS,66478A0,UL9164N,40.773073,-4.229134,0.0,EL ESPINAR,"Obras de urbanización y jardineria, suelos sin edificar",CL,ECUADOR,1139,CL ECUADOR 1139 Es:0 Pl:00 Pt:5B 40400 EL ESPINAR (SEGOVIA),False,False,
66478A0UL9164N2002XD,66478A0,UL9164N,40.773073,-4.229134,0.0,EL ESPINAR,"Obras de urbanización y jardineria, suelos sin edificar",CL,ECUADOR,1139,CL ECUADOR 1139 Es:0 Pl:00 Pt:6B 40400 EL ESPINAR (SEGOVIA),False,False,
66478A0UL9164N2003MF,66478A0,UL9164N,40.773073,-4.229134,0.0,EL ESPINAR,"Obras de urbanización y jardineria, suelos sin edificar",CL,ECUADOR,1139,CL ECUADOR 1139 Es:0 Pl:00 Pt:7B 40400 EL ESPINAR (SEGOVIA),False,False,
66478A0UL9164N3001LP,66478A0,UL9164N,40.773073,-4.229134,0.0,EL ESPINAR,"Obras de urbanización y jardineria, suelos sin edificar",CL,ECUADOR,1139,CL ECUADOR 1139 Es:0 Pl:00 Pt:8C 40400 EL ESPINAR (SEGOVIA),False,False,
66478A0UL9164N3002BA,66478A0,UL9164N,40.773073,-4.229134,0.0,EL ESPINAR,"Obras de urbanización y jardineria, suelos sin edificar",CL,ECUADOR,1139,CL ECUADOR 1139 Es:0 Pl:00 Pt:9C 40400 EL ESPINAR (SEGOVIA),False,False,
66478A0UL9164N3003ZS,66478A0,UL9164N,40.773073,-4.229134,0.0,EL ESPINAR,"Obras de urbanización y jardineria, suelos sin edificar",CL,ECUADOR,1139,CL ECUADOR 1139 Es:0 Pl:00 Pt:10C 40400 EL ESPINAR (SEGOVIA),False,False,
6846919UL9164N0001BH,6846919,UL9164N,40.777541,-4.222752,139.0,EL ESPINAR,Residencial,CL,URUGUAY,939,CL URUGUAY 939 Es:1 Pl:00 Pt:01 40400 EL ESPINAR (SEGOVIA),True,True,
6846919UL9164N0002ZJ,6846919,UL9164N,40.777541,-4.222752,139.0,EL ESPINAR,Residencial,CL,URUGUAY,939,CL URUGUAY 939 Es:1 Pl:00 Pt:02 40400 EL ESPINAR (SEGOVIA),True,True,
7151901UL9175S0001PX,7151901,UL9175S,40.78007,-4.219867,94.0,EL ESPINAR,Comercial,CL,COIMBRA,5,CL COIMBRA 5 Es:1 Pl:00 Pt:A 40400 EL ESPINAR (SEGOVIA),False,False,
7151901UL9175S0002AM,7151901,UL9175S,40.78007,-4.219867,94.0,EL ESPINAR,Comercial,CL,COIMBRA,5,CL COIMBRA 5 Es:1 Pl:00 Pt:B 40400 EL ESPINAR (SEGOVIA),False,False,
7151901UL9175S0003SQ,7151901,UL9175S,40.78007,-4.219867,144.0,EL ESPINAR,Residencial,CL,COIMBRA,5,CL COIMBRA 5 Es:1 Pl:01 Pt:A 40400 EL ESPINAR (SEGOVIA),True,True,
7151901UL9175S0004DW,7151901,UL9175S,40.78007,-4.219867,127.0,EL ESPINAR,Residencial,CL,COIMBRA,5,CL COIMBRA 5 Es:1 Pl:01 Pt:B 40400 EL ESPINAR (SEGOVIA),True,True,
7151901UL9175S0005FE,7151901,UL9175S,40.78007,-4.219867,144.0,EL ESPINAR,Residencial,CL,COIMBRA,5,CL COIMBRA 5 Es:1 Pl:02 Pt:A 40400 EL ESPINAR (SEGOVIA),True,True,
7151901UL9175S0006GR,7151901,UL9175S,40.78007,-4.219867,127.0,EL ESPINAR,Residencial,CL,COIMBRA,5,CL COIMBRA 5 Es:1 Pl:02 Pt:B 40400 EL ESPINAR (SEGOVIA),True,True,
7151901UL9175S0007HT,7151901,UL9175S,40.78007,-4.219867,144.0,EL ESPINAR,Residencial,CL,COIMBRA,5,CL COIMBRA 5 Es:1 Pl:03 Pt:A 40400 EL ESPINAR (SEGOVIA),True,True,
7151901UL9175S0008JY,7151901,UL9175S,40.78007,-4.219867,127.0,EL ESPINAR,Residencial,CL,COIMBRA,5,CL COIMBRA 5 Es:1 Pl:03 Pt:B 40400 EL ESPINAR (SEGOVIA),True,True,
7151901UL9175S0009KU,7151901,UL9175S,40.78007,-4.219867,81.0,EL ESPINAR,Residencial,CL,COIMBRA,5,CL COIMBRA 5 Es:1 Pl:04 Pt:A 40400 EL ESPINAR (SEGOVIA),True,True,
7151901UL9175S0010HT,7151901,UL9175S,40.78007,-4.219867,88.0,EL ESPINAR,Residencial,CL,COIMBRA,5,CL COIMBRA 5 Es:1 Pl:04 Pt:B 40400 EL ESPINAR (SEGOVIA),True,True,
7151901UL9175S0011JY,7151901,UL9175S,40.78007,-4.219867,88.0,EL ESPINAR,Residencial,CL,COIMBRA,5,CL COIMBRA 5 Es:1 Pl:04 Pt:C 40400 EL ESPINAR (SEGOVIA),True,True,
7151901UL9175S0012KU,7151901,UL9175S,40.78007,-4.219867,81.0,EL ESPINAR,Residencial,CL,COIMBRA,5,CL COIMBRA 5 Es:1 Pl:04 Pt:D 40400 EL ESPINAR (SEGOVIA),True,True,
7151901UL9175S0013LI,7151901,UL9175S,40.78007,-4.219867,144.0,EL ESPINAR,Residencial,CL,COIMBRA,5,CL COIMBRA 5 Es:2 Pl:01 Pt:A 40400 EL ESPINAR (SEGOVIA),True,True,
7151901UL9175S0014BO,7151901,UL9175S,40.78007,-4.219867,127.0,EL ESPINAR,Residencial,CL,COIMBRA,5,CL COIMBRA 5 Es:2 Pl:01 Pt:B 40400 EL ESPINAR (SEGOVIA),True,True,
7151901UL9175S0015ZP,7151901,UL9175S,40.78007,-4.219867,144.0,EL ESPINAR,Residencial,CL,COIMBRA,5,CL COIMBRA 5 Es:2 Pl:02 Pt:A 40400 EL ESPINAR (SEGOVIA),True,True,
7151901UL9175S0016XA,7151901,UL9175S,40.78007,-4.219867,127.0,EL ESPINAR,Residencial,CL,COIMBRA,5,CL COIMBRA 5 Es:2 Pl:02 Pt:B 40400 EL ESPINAR (SEGOVIA),True,True,
7151901UL9175S0017MS,7151901,UL9175S,40.78007,-4.219867,144.0,EL ESPINAR,Residencial,CL,COIMBRA,5,CL COIMBRA 5 Es:2 Pl:03 Pt:A 40400 EL ESPINAR (SEGOVIA),True,True,
7151901UL9175S0018QD,7151901,UL9175S,40.78007,-4.219867,127.0,EL ESPINAR,Residencial,CL,COIMBRA,5,CL COIMBRA 5 Es:2 Pl:03 Pt:B 40400 EL ESPINAR (SEGOVIA),True,True,
7151901UL9175S0019WF,7151901,UL9175S,40.78007,-4.219867,81.0,EL ESPINAR,Residencial,CL,COIMBRA,5,CL COIMBRA 5 Es:2 Pl:04 Pt:A 40400 EL ESPINAR (SEGOVIA),True,True,
7151901UL9175S0020MS,7151901,UL9175S,40.78007,-4.219867,88.0,EL ESPINAR,Residencial,CL,COIMBRA,5,CL COIMBRA 5 Es:2 Pl:04 Pt:B 40400 EL ESPINAR (SEGOVIA),True,True,
7151901UL9175S0021QD,7151901,UL9175S,40.78007,-4.219867,88.0,EL ESPINAR,Residencial,CL,COIMBRA,5,CL COIMBRA 5 Es:2 Pl:04 Pt:C 40400 EL ESPINAR (SEGOVIA),True,True,
7151901UL9175S0022WF,7151901,UL9175S,40.78007,-4.219867,81.0,EL ESPINAR,Residencial,CL,COIMBRA,5,CL COIMBRA 5 Es:2 Pl:04 Pt:D 40400 EL ESPINAR (SEGOVIA),True,True,
7151901UL9175S0023EG,7151901,UL9175S,40.78007,-4.219867,144.0,EL ESPINAR,Residencial,CL,COIMBRA,5,CL COIMBRA 5 Es:3 Pl:01 Pt:A 40400 EL ESPINAR (SEGOVIA),True,True,
7151901UL9175S0024RH,7151901,UL9175S,40.78007,-4.219867,127.0,EL ESPINAR,Residencial,CL,COIMBRA,5,CL COIMBRA 5 Es:3 Pl:01 Pt:B 40400 EL ESPINAR (SEGOVIA),True,True,
7151901UL9175S0025TJ,7151901,UL9175S,40.78007,-4.219867,144.0,EL ESPINAR,Residencial,CL,COIMBRA,5,CL COIMBRA 5 Es:3 Pl:02 Pt:A 40400 EL ESPINAR (SEGOVIA),True,True,
7151901UL9175S0026YK,7151901,UL9175S,40.78007,-4.219867,127.0,EL ESPINAR,Residencial,CL,COIMBRA,5,CL COIMBRA 5 Es:3 Pl:02 Pt:B 40400 EL ESPINAR (SEGOVIA),True,True,
7151901UL9175S0027UL,7151901,UL9175S,40.78007,-4.219867,144.0,EL ESPINAR,Residencial,CL,COIMBRA,5,CL COIMBRA 5 Es:3 Pl:03 Pt:A 40400 EL ESPINAR (SEGOVIA),True,True,
7151901UL9175S0028IB,7151901,UL9175S,40.78007,-4.219867,127.0,EL ESPINAR,Residencial,CL,COIMBRA,5,CL COIMBRA 5 Es:3 Pl:03 Pt:B 40400 EL ESPINAR (SEGOVIA),True,True,
7151901UL9175S0029OZ,7151901,UL9175S,40.78007,-4.219867,81.0,EL ESPINAR,Residencial,CL,COIMBRA,5,CL COIMBRA 5 Es:3 Pl:04 Pt:A 40400 EL ESPINAR (SEGOVIA),True,True,
7151901UL9175S0030UL,7151901,UL9175S,40.78007,-4.219867,88.0,EL ESPINAR,Residencial,CL,COIMBRA,5,CL COIMBRA 5 Es:3 Pl:04 Pt:B 40400 EL ESPINAR (SEGOVIA),True,True,
7151901UL9175S0031IB,7151901,UL9175S,40.78007,-4.219867,88.0,EL ESPINAR,Residencial,CL,COIMBRA,5,CL COIMBRA 5 Es:3 Pl:04 Pt:C 40400 EL ESPINAR (SEGOVIA),True,True,
7151901UL9175S0032OZ,7151901,UL9175S,40.78007,-4.219867,81.0,EL ESPINAR,Residencial,CL,COIMBRA,5,CL COIMBRA 5 Es:3 Pl:04 Pt:D 40400 EL ESPINAR (SEGOVIA),True,True,
7151901UL9175S0033PX,7151901,UL9175S,40.78007,-4.219867,144.0,EL ESPINAR,Residencial,CL,COIMBRA,5,CL COIMBRA 5 Es:4 Pl:01 Pt:A 40400 EL ESPINAR (SEGOVIA),True,True,
7151901UL9175S0034AM,7151901,UL9175S,40.78007,-4.219867,127.0,EL ESPINAR,Residencial,CL,COIMBRA,5,CL COIMBRA 5 Es:4 Pl:01 Pt:B 40400 EL ESPINAR (SEGOVIA),True,True,
7151901UL9175S0035SQ,7151901,UL9175S,40.78007,-4.219867,144.0,EL ESPINAR,Residencial,CL,COIMBRA,5,CL COIMBRA 5 Es:4 Pl:02 Pt:A 40400 EL ESPINAR (SEGOVIA),True,True,
7151901UL9175S0036DW,7151901,UL9175S,40.78007,-4.219867,127.0,EL ESPINAR,Residencial,CL,COIMBRA,5,CL COIMBRA 5 Es:4 Pl:02 Pt:B 40400 EL ESPINAR (SEGOVIA),True,True,
7151901UL9175S0037FE,7151901,UL9175S,40.78007,-4.219867,144.0,EL ESPINAR,Residencial,CL,COIMBRA,5,CL COIMBRA 5 Es:4 Pl:03 Pt:A 40400 EL ESPINAR (SEGOVIA),True,True,
7151901UL9175S0038GR,7151901,UL9175S,40.78007,-4.219867,127.0,EL ESPINAR,Residencial,CL,COIMBRA,5,CL COIMBRA 5 Es:4 Pl:03 Pt:B 40400 EL ESPINAR (SEGOVIA),True,True,
7151901UL9175S0039HT,7151901,UL9175S,40.78007,-4.219867,81.0,EL ESPINAR,Residencial,CL,COIMBRA,5,CL COIMBRA 5 Es:4 Pl:04 Pt:A 40400 EL ESPINAR (SEGOVIA),True,True,
7151901UL9175S0040FE,7151901,UL9175S,40.78007,-4.219867,88.0,EL ESPINAR,Residencial,CL,COIMBRA,5,CL COIMBRA 5 Es:4 Pl:04 Pt:B 40400 EL ESPINAR (SEGOVIA),True,True,
7151901UL9175S0041GR,7151901,UL9175S,40.78007,-4.219867,88.0,EL ESPINAR,Residencial,CL,COIMBRA,5,CL COIMBRA 5 Es:4 Pl:04 Pt:C 40400 EL ESPINAR (SEGOVIA),True,True,
7151901UL9175S0042HT,7151901,UL9175S,40.78007,-4.219867,81.0,EL ESPINAR,Residencial,CL,COIMBRA,5,CL COIMBRA 5 Es:4 Pl:04 Pt:D 40400 EL ESPINAR (SEGOVIA),True,True,
7151902UL9175S0001LX,7151902,UL9175S,40.779614,-4.219991,94.0,EL ESPINAR,Comercial,CL,PORTUGAL,4,CL PORTUGAL 4 Es:1 Pl:00 Pt:A 40424 EL ESPINAR (SEGOVIA),False,False,
7151902UL9175S0002BM,7151902,UL9175S,40.779614,-4.219991,94.0,EL ESPINAR,Comercial,CL,PORTUGAL,4,CL PORTUGAL 4 Es:1 Pl:00 Pt:B 40424 EL ESPINAR (SEGOVIA),False,False,
7151902UL9175S0003ZQ,7151902,UL9175S,40.779614,-4.219991,144.0,EL ESPINAR,Residencial,CL,PORTUGAL,4,CL PORTUGAL 4 Es:1 Pl:01 Pt:A 40424 EL ESPINAR (SEGOVIA),True,True,
7151902UL9175S0004XW,7151902,UL9175S,40.779614,-4.219991,127.0,EL ESPINAR,Residencial,CL,PORTUGAL,4,CL PORTUGAL 4 Es:1 Pl:01 Pt:B 40424 EL ESPINAR (SEGOVIA),True,True,
7151902UL9175S0005ME,7151902,UL9175S,40.779614,-4.219991,144.0,EL ESPINAR,Residencial,CL,PORTUGAL,4,CL PORTUGAL 4 Es:1 Pl:02 Pt:A 40424 EL ESPINAR (SEGOVIA),True,True,
7151902UL9175S0006QR,7151902,UL9175S,40.779614,-4.219991,127.0,EL ESPINAR,Residencial,CL,PORTUGAL,4,CL PORTUGAL 4 Es:1 Pl:02 Pt:B 40424 EL ESPINAR (SEGOVIA),True,True,
7151902UL9175S0007WT,7151902,UL9175S,40.779614,-4.219991,144.0,EL ESPINAR,Residencial,CL,PORTUGAL,4,CL PORTUGAL 4 Es:1 Pl:03 Pt:A 40424 EL ESPINAR (SEGOVIA),True,True,
7151902UL9175S0008EY,7151902,UL9175S,40.779614,-4.219991,127.0,EL ESPINAR,Residencial,CL,PORTUGAL,4,CL PORTUGAL 4 Es:1 Pl:03 Pt:B 40424 EL ESPINAR (SEGOVIA),True,True,
7151902UL9175S0009RU,7151902,UL9175S,40.779614,-4.219991,81.0,EL ESPINAR,Residencial,CL,PORTUGAL,4,CL PORTUGAL 4 Es:1 Pl:04 Pt:A 40424 EL ESPINAR (SEGOVIA),True,True,
7151902UL9175S0010WT,7151902,UL9175S,40.779614,-4.219991,88.0,EL ESPINAR,Residencial,CL,PORTUGAL,4,CL PORTUGAL 4 Es:1 Pl:04 Pt:B 40424 EL ESPINAR (SEGOVIA),True,True,
7151902UL9175S0011EY,7151902,UL9175S,40.779614,-4.219991,88.0,EL ESPINAR,Residencial,CL,PORTUGAL,4,CL PORTUGAL 4 Es:1 Pl:04 Pt:C 40424 EL ESPINAR (SEGOVIA),True,True,
7151902UL9175S0012RU,7151902,UL9175S,40.779614,-4.219991,81.0,EL ESPINAR,Residencial,CL,PORTUGAL,4,CL PORTUGAL 4 Es:1 Pl:04 Pt:D 40424 EL ESPINAR (SEGOVIA),True,True,
7151902UL9175S0013TI,7151902,UL9175S,40.779614,-4.219991,144.0,EL ESPINAR,Residencial,CL,PORTUGAL,4,CL PORTUGAL 4 Es:2 Pl:01 Pt:A 40424 EL ESPINAR (SEGOVIA),True,True,
7151902UL9175S0014YO,7151902,UL9175S,40.779614,-4.219991,127.0,EL ESPINAR,Residencial,CL,PORTUGAL,4,CL PORTUGAL 4 Es:2 Pl:01 Pt:B 40424 EL ESPINAR (SEGOVIA),True,True,
7151902UL9175S0015UP,7151902,UL9175S,40.779614,-4.219991,144.0,EL ESPINAR,Residencial,CL,PORTUGAL,4,CL PORTUGAL 4 Es:2 Pl:02 Pt:A 40424 EL ESPINAR (SEGOVIA),True,True,
7151902UL9175S0016IA,7151902,UL9175S,40.779614,-4.219991,127.0,EL ESPINAR,Residencial,CL,PORTUGAL,4,CL PORTUGAL 4 Es:2 Pl:02 Pt:B 40424 EL ESPINAR (SEGOVIA),True,True,
7151902UL9175S0017OS,7151902,UL9175S,40.779614,-4.219991,144.0,EL ESPINAR,Residencial,CL,PORTUGAL,4,CL PORTUGAL 4 Es:2 Pl:03 Pt:A 40424 EL ESPINAR (SEGOVIA),True,True,
7151902UL9175S0018PD,7151902,UL9175S,40.779614,-4.219991,127.0,EL ESPINAR,Residencial,CL,PORTUGAL,4,CL PORTUGAL 4 Es:2 Pl:03 Pt:B 40424 EL ESPINAR (SEGOVIA),True,True,
7151902UL9175S0019AF,7151902,UL9175S,40.779614,-4.219991,81.0,EL ESPINAR,Residencial,CL,PORTUGAL,4,CL PORTUGAL 4 Es:2 Pl:04 Pt:A 40424 EL ESPINAR (SEGOVIA),True,True,
7151902UL9175S0020OS,7151902,UL9175S,40.779614,-4.219991,88.0,EL ESPINAR,Residencial,CL,PORTUGAL,4,CL PORTUGAL 4 Es:2 Pl:04 Pt:B 40424 EL ESPINAR (SEGOVIA),True,True,
7151902UL9175S0021PD,7151902,UL9175S,40.779614,-4.219991,88.0,EL ESPINAR,Residencial,CL,PORTUGAL,4,CL PORTUGAL 4 Es:2 Pl:04 Pt:C 40424 EL ESPINAR (SEGOVIA),True,True,
7151902UL9175S0022AF,7151902,UL9175S,40.779614,-4.219991,81.0,EL ESPINAR,Residencial,CL,PORTUGAL,4,CL PORTUGAL 4 Es:2 Pl:04 Pt:D 40424 EL ESPINAR (SEGOVIA),True,True,
7151902UL9175S0023SG,7151902,UL9175S,40.779614,-4.219991,144.0,EL ESPINAR,Residencial,CL,PORTUGAL,4,CL PORTUGAL 4 Es:3 Pl:01 Pt:A 40424 EL ESPINAR (SEGOVIA),True,True,
7151902UL9175S0024DH,7151902,UL9175S,40.779614,-4.219991,127.0,EL ESPINAR,Residencial,CL,PORTUGAL,4,CL PORTUGAL 4 Es:3 Pl:01 Pt:B 40424 EL ESPINAR (SEGOVIA),True,True,
7151902UL9175S0025FJ,7151902,UL9175S,40.779614,-4.219991,144.0,EL ESPINAR,Residencial,CL,PORTUGAL,4,CL PORTUGAL 4 Es:3 Pl:02 Pt:A 40424 EL ESPINAR (SEGOVIA),True,True,
7151902UL9175S0026GK,7151902,UL9175S,40.779614,-4.219991,127.0,EL ESPINAR,Residencial,CL,PORTUGAL,4,CL PORTUGAL 4 Es:3 Pl:02 Pt:B 40424 EL ESPINAR (SEGOVIA),True,True,
7151902UL9175S0027HL,7151902,UL9175S,40.779614,-4.219991,144.0,EL ESPINAR,Residencial,CL,PORTUGAL,4,CL PORTUGAL 4 Es:3 Pl:03 Pt:A 40424 EL ESPINAR (SEGOVIA),True,True,
7151902UL9175S0028JB,7151902,UL9175S,40.779614,-4.219991,127.0,EL ESPINAR,Residencial,CL,PORTUGAL,4,CL PORTUGAL 4 Es:3 Pl:03 Pt:B 40424 EL ESPINAR (SEGOVIA),True,True,
7151902UL9175S0029KZ,7151902,UL9175S,40.779614,-4.219991,81.0,EL ESPINAR,Residencial,CL,PORTUGAL,4,CL PORTUGAL 4 Es:3 Pl:04 Pt:A 40424 EL ESPINAR (SEGOVIA),True,True,
7151902UL9175S0030HL,7151902,UL9175S,40.779614,-4.219991,88.0,EL ESPINAR,Residencial,CL,PORTUGAL,4,CL PORTUGAL 4 Es:3 Pl:04 Pt:B 40424 EL ESPINAR (SEGOVIA),True,True,
7151902UL9175S0031JB,7151902,UL9175S,40.779614,-4.219991,88.0,EL ESPINAR,Residencial,CL,PORTUGAL,4,CL PORTUGAL 4 Es:3 Pl:04 Pt:C 40424 EL ESPINAR (SEGOVIA),True,True,
7151902UL9175S0032KZ,7151902,UL9175S,40.779614,-4.219991,81.0,EL ESPINAR,Residencial,CL,PORTUGAL,4,CL PORTUGAL 4 Es:3 Pl:04 Pt:D 40424 EL ESPINAR (SEGOVIA),True,True,
7151902UL9175S0033LX,7151902,UL9175S,40.779614,-4.219991,144.0,EL ESPINAR,Residencial,CL,PORTUGAL,4,CL PORTUGAL 4 Es:4 Pl:01 Pt:A 40424 EL ESPINAR (SEGOVIA),True,True,
7151902UL9175S0034BM,7151902,UL9175S,40.779614,-4.219991,127.0,EL ESPINAR,Residencial,CL,PORTUGAL,4,CL PORTUGAL 4 Es:4 Pl:01 Pt:B 40424 EL ESPINAR (SEGOVIA),True,True,
7151902UL9175S0035ZQ,7151902,UL9175S,40.779614,-4.219991,144.0,EL ESPINAR,Residencial,CL,PORTUGAL,4,CL PORTUGAL 4 Es:4 Pl:02 Pt:A 40424 EL ESPINAR (SEGOVIA),True,True,
7151902UL9175S0036XW,7151902,UL9175S,40.779614,-4.219991,127.0,EL ESPINAR,Residencial,CL,PORTUGAL,4,CL PORTUGAL 4 Es:4 Pl:02 Pt:B 40424 EL ESPINAR (SEGOVIA),True,True,
7151902UL9175S0037ME,7151902,UL9175S,40.779614,-4.219991,144.0,EL ESPINAR,Residencial,CL,PORTUGAL,4,CL PORTUGAL 4 Es:4 Pl:03 Pt:A 40424 EL ESPINAR (SEGOVIA),True,True,
7151902UL9175S0038QR,7151902,UL9175S,40.779614,-4.219991,127.0,EL ESPINAR,Residencial,CL,PORTUGAL,4,CL PORTUGAL 4 Es:4 Pl:03 Pt:B 40424 EL ESPINAR (SEGOVIA),True,True,
7151902UL9175S0039WT,7151902,UL9175S,40.779614,-4.219991,81.0,EL ESPINAR,Residencial,CL,PORTUGAL,4,CL PORTUGAL 4 Es:4 Pl:04 Pt:A 40424 EL ESPINAR (SEGOVIA),True,True,
7151902UL9175S0040ME,7151902,UL9175S,40.779614,-4.219991,88.0,EL ESPINAR,Residencial,CL,PORTUGAL,4,CL PORTUGAL 4 Es:4 Pl:04 Pt:B 40424 EL ESPINAR (SEGOVIA),True,True,
7151902UL9175S0041QR,7151902,UL9175S,40.779614,-4.219991,88.0,EL ESPINAR,Residencial,CL,PORTUGAL,4,CL PORTUGAL 4 Es:4 Pl:04 Pt:C 40424 EL ESPINAR (SEGOVIA),True,True,
7151902UL9175S0042WT,7151902,UL9175S,40.779614,-4.219991,81.0,EL ESPINAR,Residencial,CL,PORTUGAL,4,CL PORTUGAL 4 Es:4 Pl:04 Pt:D 40424 EL ESPINAR (SEGOVIA),True,True,
7151903UL9175S0001TX,7151903,UL9175S,40.779156,-4.220197,94.0,EL ESPINAR,Comercial,CL,PORTUGAL,3,CL PORTUGAL 3 Es:1 Pl:00 Pt:A 40424 EL ESPINAR (SEGOVIA),False,False,
7151903UL9175S0002YM,7151903,UL9175S,40.779156,-4.220197,106.0,EL ESPINAR,Residencial,CL,PORTUGAL,3,CL PORTUGAL 3 Es:1 Pl:00 Pt:B1 40424 EL ESPINAR (SEGOVIA),True,True,
7151903UL9175S0003UQ,7151903,UL9175S,40.779156,-4.220197,144.0,EL ESPINAR,Residencial,CL,PORTUGAL,3,CL PORTUGAL 3 Es:1 Pl:01 Pt:A 40424 EL ESPINAR (SEGOVIA),True,True,
7151903UL9175S0004IW,7151903,UL9175S,40.779156,-4.220197,127.0,EL ESPINAR,Residencial,CL,PORTUGAL,3,CL PORTUGAL 3 Es:1 Pl:01 Pt:B 40424 EL ESPINAR (SEGOVIA),True,True,
7151903UL9175S0005OE,7151903,UL9175S,40.779156,-4.220197,144.0,EL ESPINAR,Residencial,CL,PORTUGAL,3,CL PORTUGAL 3 Es:1 Pl:02 Pt:A 40424 EL ESPINAR (SEGOVIA),True,True,
7151903UL9175S0006PR,7151903,UL9175S,40.779156,-4.220197,127.0,EL ESPINAR,Residencial,CL,PORTUGAL,3,CL PORTUGAL 3 Es:1 Pl:02 Pt:B 40424 EL ESPINAR (SEGOVIA),True,True,
7151903UL9175S0007AT,7151903,UL9175S,40.779156,-4.220197,144.0,EL ESPINAR,Residencial,CL,PORTUGAL,3,CL PORTUGAL 3 Es:1 Pl:03 Pt:A 40424 EL ESPINAR (SEGOVIA),True,True,
7151903UL9175S0008SY,7151903,UL9175S,40.779156,-4.220197,127.0,EL ESPINAR,Residencial,CL,PORTUGAL,3,CL PORTUGAL 3 Es:1 Pl:03 Pt:B 40424 EL ESPINAR (SEGOVIA),True,True,
7151903UL9175S0009DU,7151903,UL9175S,40.779156,-4.220197,81.0,EL ESPINAR,Residencial,CL,PORTUGAL,3,CL PORTUGAL 3 Es:1 Pl:04 Pt:A 40424 EL ESPINAR (SEGOVIA),True,True,
7151903UL9175S0010AT,7151903,UL9175S,40.779156,-4.220197,88.0,EL ESPINAR,Residencial,CL,PORTUGAL,3,CL PORTUGAL 3 Es:1 Pl:04 Pt:B 40424 EL ESPINAR (SEGOVIA),True,True,
7151903UL9175S0011SY,7151903,UL9175S,40.779156,-4.220197,88.0,EL ESPINAR,Residencial,CL,PORTUGAL,3,CL PORTUGAL 3 Es:1 Pl:04 Pt:C 40424 EL ESPINAR (SEGOVIA),True,True,
7151903UL9175S0012DU,7151903,UL9175S,40.779156,-4.220197,81.0,EL ESPINAR,Residencial,CL,PORTUGAL,3,CL PORTUGAL 3 Es:1 Pl:04 Pt:D 40424 EL ESPINAR (SEGOVIA),True,True,
7151903UL9175S0013FI,7151903,UL9175S,40.779156,-4.220197,144.0,EL ESPINAR,Residencial,CL,PORTUGAL,3,CL PORTUGAL 3 Es:2 Pl:01 Pt:A 40424 EL ESPINAR (SEGOVIA),True,True,
7151903UL9175S0014GO,7151903,UL9175S,40.779156,-4.220197,127.0,EL ESPINAR,Residencial,CL,PORTUGAL,3,CL PORTUGAL 3 Es:2 Pl:01 Pt:B 40424 EL ESPINAR (SEGOVIA),True,True,
7151903UL9175S0015HP,7151903,UL9175S,40.779156,-4.220197,144.0,EL ESPINAR,Residencial,CL,PORTUGAL,3,CL PORTUGAL 3 Es:2 Pl:02 Pt:A 40424 EL ESPINAR (SEGOVIA),True,True,
7151903UL9175S0016JA,7151903,UL9175S,40.779156,-4.220197,127.0,EL ESPINAR,Residencial,CL,PORTUGAL,3,CL PORTUGAL 3 Es:2 Pl:02 Pt:B 40424 EL ESPINAR (SEGOVIA),True,True,
7151903UL9175S0017KS,7151903,UL9175S,40.779156,-4.220197,144.0,EL ESPINAR,Residencial,CL,PORTUGAL,3,CL PORTUGAL 3 Es:2 Pl:03 Pt:A 40424 EL ESPINAR (SEGOVIA),True,True,
7151903UL9175S0018LD,7151903,UL9175S,40.779156,-4.220197,127.0,EL ESPINAR,Residencial,CL,PORTUGAL,3,CL PORTUGAL 3 Es:2 Pl:03 Pt:B 40424 EL ESPINAR (SEGOVIA),True,True,
7151903UL9175S0019BF,7151903,UL9175S,40.779156,-4.220197,81.0,EL ESPINAR,Residencial,CL,PORTUGAL,3,CL PORTUGAL 3 Es:2 Pl:04 Pt:A 40424 EL ESPINAR (SEGOVIA),True,True,
7151903UL9175S0020KS,7151903,UL9175S,40.779156,-4.220197,88.0,EL ESPINAR,Residencial,CL,PORTUGAL,3,CL PORTUGAL 3 Es:2 Pl:04 Pt:B 40424 EL ESPINAR (SEGOVIA),True,True,
7151903UL9175S0021LD,7151903,UL9175S,40.779156,-4.220197,88.0,EL ESPINAR,Residencial,CL,PORTUGAL,3,CL PORTUGAL 3 Es:2 Pl:04 Pt:C 40424 EL ESPINAR (SEGOVIA),True,True,
7151903UL9175S0022BF,7151903,UL9175S,40.779156,-4.220197,81.0,EL ESPINAR,Residencial,CL,PORTUGAL,3,CL PORTUGAL 3 Es:2 Pl:04 Pt:D 40424 EL ESPINAR (SEGOVIA),True,True,
7151903UL9175S0023ZG,7151903,UL9175S,40.779156,-4.220197,144.0,EL ESPINAR,Residencial,CL,PORTUGAL,3,CL PORTUGAL 3 Es:3 Pl:01 Pt:A 40424 EL ESPINAR (SEGOVIA),True,True,
7151903UL9175S0024XH,7151903,UL9175S,40.779156,-4.220197,127.0,EL ESPINAR,Residencial,CL,PORTUGAL,3,CL PORTUGAL 3 Es:3 Pl:01 Pt:B 40424 EL ESPINAR (SEGOVIA),True,True,
7151903UL9175S0025MJ,7151903,UL9175S,40.779156,-4.220197,144.0,EL ESPINAR,Residencial,CL,PORTUGAL,3,CL PORTUGAL 3 Es:3 Pl:02 Pt:A 40424 EL ESPINAR (SEGOVIA),True,True,
7151903UL9175S0026QK,7151903,UL9175S,40.779156,-4.220197,127.0,EL ESPINAR,Residencial,CL,PORTUGAL,3,CL PORTUGAL 3 Es:3 Pl:02 Pt:B 40424 EL ESPINAR (SEGOVIA),True,True,
7151903UL9175S0027WL,7151903,UL9175S,40.779156,-4.220197,144.0,EL ESPINAR,Residencial,CL,PORTUGAL,3,CL PORTUGAL 3 Es:3 Pl:03 Pt:A 40424 EL ESPINAR (SEGOVIA),True,True,
7151903UL9175S0028EB,7151903,UL9175S,40.779156,-4.220197,127.0,EL ESPINAR,Residencial,CL,PORTUGAL,3,CL PORTUGAL 3 Es:3 Pl:03 Pt:B 40424 EL ESPINAR (SEGOVIA),True,True,
7151903UL9175S0029RZ,7151903,UL9175S,40.779156,-4.220197,81.0,EL ESPINAR,Residencial,CL,PORTUGAL,3,CL PORTUGAL 3 Es:3 Pl:04 Pt:A 40424 EL ESPINAR (SEGOVIA),True,True,
7151903UL9175S0030WL,7151903,UL9175S,40.779156,-4.220197,88.0,EL ESPINAR,Residencial,CL,PORTUGAL,3,CL PORTUGAL 3 Es:3 Pl:04 Pt:B 40424 EL ESPINAR (SEGOVIA),True,True,
7151903UL9175S0031EB,7151903,UL9175S,40.779156,-4.220197,88.0,EL ESPINAR,Residencial,CL,PORTUGAL,3,CL PORTUGAL 3 Es:3 Pl:04 Pt:C 40424 EL ESPINAR (SEGOVIA),True,True,
7151903UL9175S0032RZ,7151903,UL9175S,40.779156,-4.220197,81.0,EL ESPINAR,Residencial,CL,PORTUGAL,3,CL PORTUGAL 3 Es:3 Pl:04 Pt:D 40424 EL ESPINAR (SEGOVIA),True,True,
7151903UL9175S0033TX,7151903,UL9175S,40.779156,-4.220197,144.0,EL ESPINAR,Residencial,CL,PORTUGAL,3,CL PORTUGAL 3 Es:4 Pl:01 Pt:A 40424 EL ESPINAR (SEGOVIA),True,True,
7151903UL9175S0034YM,7151903,UL9175S,40.779156,-4.220197,127.0,EL ESPINAR,Residencial,CL,PORTUGAL,3,CL PORTUGAL 3 Es:4 Pl:01 Pt:B 40424 EL ESPINAR (SEGOVIA),True,True,
7151903UL9175S0035UQ,7151903,UL9175S,40.779156,-4.220197,144.0,EL ESPINAR,Residencial,CL,PORTUGAL,3,CL PORTUGAL 3 Es:4 Pl:02 Pt:A 40424 EL ESPINAR (SEGOVIA),True,True,
7151903UL9175S0036IW,7151903,UL9175S,40.779156,-4.220197,127.0,EL ESPINAR,Residencial,CL,PORTUGAL,3,CL PORTUGAL 3 Es:4 Pl:02 Pt:B 40424 EL ESPINAR (SEGOVIA),True,True,
7151903UL9175S0037OE,7151903,UL9175S,40.779156,-4.220197,144.0,EL ESPINAR,Residencial,CL,PORTUGAL,3,CL PORTUGAL 3 Es:4 Pl:03 Pt:A 40424 EL ESPINAR (SEGOVIA),True,True,
7151903UL9175S0038PR,7151903,UL9175S,40.779156,-4.220197,127.0,EL ESPINAR,Residencial,CL,PORTUGAL,3,CL PORTUGAL 3 Es:4 Pl:03 Pt:B 40424 EL ESPINAR (SEGOVIA),True,True,
7151903UL9175S0039AT,7151903,UL9175S,40.779156,-4.220197,110.0,EL ESPINAR,Residencial,CL,PORTUGAL,3,CL PORTUGAL 3 Es:4 Pl:04 Pt:A 40424 EL ESPINAR (SEGOVIA),True,True,
7151903UL9175S0040OE,7151903,UL9175S,40.779156,-4.220197,117.0,EL ESPINAR,Residencial,CL,PORTUGAL,3,CL PORTUGAL 3 Es:4 Pl:04 Pt:B 40424 EL ESPINAR (SEGOVIA),True,True,
7151903UL9175S0041PR,7151903,UL9175S,40.779156,-4.220197,117.0,EL ESPINAR,Residencial,CL,PORTUGAL,3,CL PORTUGAL 3 Es:4 Pl:04 Pt:C 40424 EL ESPINAR (SEGOVIA),True,True,
7151903UL9175S0042AT,7151903,UL9175S,40.779156,-4.220197,110.0,EL ESPINAR,Residencial,CL,PORTUGAL,3,CL PORTUGAL 3 Es:4 Pl:04 Pt:D 40424 EL ESPINAR (SEGOVIA),True,True,
7151904UL9175S0001FX,7151904,UL9175S,40.778709,-4.220352,94.0,EL ESPINAR,Comercial,CL,PORTUGAL,2,CL PORTUGAL 2 Es:1 Pl:00 Pt:A 40424 EL ESPINAR (SEGOVIA),False,False,
7151904UL9175S0002GM,7151904,UL9175S,40.778709,-4.220352,94.0,EL ESPINAR,Comercial,CL,PORTUGAL,2,CL PORTUGAL 2 Es:1 Pl:00 Pt:B 40424 EL ESPINAR (SEGOVIA),False,False,
7151904UL9175S0003HQ,7151904,UL9175S,40.778709,-4.220352,144.0,EL ESPINAR,Residencial,CL,PORTUGAL,2,CL PORTUGAL 2 Es:1 Pl:01 Pt:A 40424 EL ESPINAR (SEGOVIA),True,True,
7151904UL9175S0004JW,7151904,UL9175S,40.778709,-4.220352,127.0,EL ESPINAR,Residencial,CL,PORTUGAL,2,CL PORTUGAL 2 Es:1 Pl:01 Pt:B 40424 EL ESPINAR (SEGOVIA),True,True,
7151904UL9175S0005KE,7151904,UL9175S,40.778709,-4.220352,144.0,EL ESPINAR,Residencial,CL,PORTUGAL,2,CL PORTUGAL 2 Es:1 Pl:02 Pt:A 40424 EL ESPINAR (SEGOVIA),True,True,
7151904UL9175S0006LR,7151904,UL9175S,40.778709,-4.220352,127.0,EL ESPINAR,Residencial,CL,PORTUGAL,2,CL PORTUGAL 2 Es:1 Pl:02 Pt:B 40424 EL ESPINAR (SEGOVIA),True,True,
7151904UL9175S0007BT,7151904,UL9175S,40.778709,-4.220352,144.0,EL ESPINAR,Residencial,CL,PORTUGAL,2,CL PORTUGAL 2 Es:1 Pl:03 Pt:A 40424 EL ESPINAR (SEGOVIA),True,True,
7151904UL9175S0008ZY,7151904,UL9175S,40.778709,-4.220352,127.0,EL ESPINAR,Residencial,CL,PORTUGAL,2,CL PORTUGAL 2 Es:1 Pl:03 Pt:B 40424 EL ESPINAR (SEGOVIA),True,True,
7151904UL9175S0009XU,7151904,UL9175S,40.778709,-4.220352,81.0,EL ESPINAR,Residencial,CL,PORTUGAL,2,CL PORTUGAL 2 Es:1 Pl:04 Pt:A 40424 EL ESPINAR (SEGOVIA),True,True,
7151904UL9175S0010BT,7151904,UL9175S,40.778709,-4.220352,88.0,EL ESPINAR,Residencial,CL,PORTUGAL,2,CL PORTUGAL 2 Es:1 Pl:04 Pt:B 40424 EL ESPINAR (SEGOVIA),True,True,
7151904UL9175S0011ZY,7151904,UL9175S,40.778709,-4.220352,88.0,EL ESPINAR,Residencial,CL,PORTUGAL,2,CL PORTUGAL 2 Es:1 Pl:04 Pt:C 40424 EL ESPINAR (SEGOVIA),True,True,
7151904UL9175S0012XU,7151904,UL9175S,40.778709,-4.220352,81.0,EL ESPINAR,Residencial,CL,PORTUGAL,2,CL PORTUGAL 2 Es:1 Pl:04 Pt:D 40424 EL ESPINAR (SEGOVIA),True,True,
7151904UL9175S0013MI,7151904,UL9175S,40.778709,-4.220352,144.0,EL ESPINAR,Residencial,CL,PORTUGAL,2,CL PORTUGAL 2 Es:2 Pl:01 Pt:A 40424 EL ESPINAR (SEGOVIA),True,True,
7151904UL9175S0014QO,7151904,UL9175S,40.778709,-4.220352,127.0,EL ESPINAR,Residencial,CL,PORTUGAL,2,CL PORTUGAL 2 Es:2 Pl:01 Pt:B 40424 EL ESPINAR (SEGOVIA),True,True,
7151904UL9175S0015WP,7151904,UL9175S,40.778709,-4.220352,144.0,EL ESPINAR,Residencial,CL,PORTUGAL,2,CL PORTUGAL 2 Es:2 Pl:02 Pt:A 40424 EL ESPINAR (SEGOVIA),True,True,
7151904UL9175S0016EA,7151904,UL9175S,40.778709,-4.220352,127.0,EL ESPINAR,Residencial,CL,PORTUGAL,2,CL PORTUGAL 2 Es:2 Pl:02 Pt:B 40424 EL ESPINAR (SEGOVIA),True,True,
7151904UL9175S0017RS,7151904,UL9175S,40.778709,-4.220352,144.0,EL ESPINAR,Residencial,CL,PORTUGAL,2,CL PORTUGAL 2 Es:2 Pl:03 Pt:A 40424 EL ESPINAR (SEGOVIA),True,True,
7151904UL9175S0018TD,7151904,UL9175S,40.778709,-4.220352,127.0,EL ESPINAR,Residencial,CL,PORTUGAL,2,CL PORTUGAL 2 Es:2 Pl:03 Pt:B 40424 EL ESPINAR (SEGOVIA),True,True,
7151904UL9175S0019YF,7151904,UL9175S,40.778709,-4.220352,81.0,EL ESPINAR,Residencial,CL,PORTUGAL,2,CL PORTUGAL 2 Es:2 Pl:04 Pt:A 40424 EL ESPINAR (SEGOVIA),True,True,
7151904UL9175S0020RS,7151904,UL9175S,40.778709,-4.220352,88.0,EL ESPINAR,Residencial,CL,PORTUGAL,2,CL PORTUGAL 2 Es:2 Pl:04 Pt:B 40424 EL ESPINAR (SEGOVIA),True,True,
7151904UL9175S0021TD,7151904,UL9175S,40.778709,-4.220352,88.0,EL ESPINAR,Residencial,CL,PORTUGAL,2,CL PORTUGAL 2 Es:2 Pl:04 Pt:C 40424 EL ESPINAR (SEGOVIA),True,True,
7151904UL9175S0022YF,7151904,UL9175S,40.778709,-4.220352,81.0,EL ESPINAR,Residencial,CL,PORTUGAL,2,CL PORTUGAL 2 Es:2 Pl:04 Pt:D 40424 EL ESPINAR (SEGOVIA),True,True,
7151904UL9175S0023UG,7151904,UL9175S,40.778709,-4.220352,144.0,EL ESPINAR,Residencial,CL,PORTUGAL,2,CL PORTUGAL 2 Es:3 Pl:01 Pt:A 40424 EL ESPINAR (SEGOVIA),True,True,
7151904UL9175S0024IH,7151904,UL9175S,40.778709,-4.220352,127.0,EL ESPINAR,Residencial,CL,PORTUGAL,2,CL PORTUGAL 2 Es:3 Pl:01 Pt:B 40424 EL ESPINAR (SEGOVIA),True,True,
7151904UL9175S0025OJ,7151904,UL9175S,40.778709,-4.220352,144.0,EL ESPINAR,Residencial,CL,PORTUGAL,2,CL PORTUGAL 2 Es:3 Pl:02 Pt:A 40424 EL ESPINAR (SEGOVIA),True,True,
7151904UL9175S0026PK,7151904,UL9175S,40.778709,-4.220352,127.0,EL ESPINAR,Residencial,CL,PORTUGAL,2,CL PORTUGAL 2 Es:3 Pl:02 Pt:B 40424 EL ESPINAR (SEGOVIA),True,True,
7151904UL9175S0027AL,7151904,UL9175S,40.778709,-4.220352,144.0,EL ESPINAR,Residencial,CL,PORTUGAL,2,CL PORTUGAL 2 Es:3 Pl:03 Pt:A 40424 EL ESPINAR (SEGOVIA),True,True,
7151904UL9175S0028SB,7151904,UL9175S,40.778709,-4.220352,127.0,EL ESPINAR,Residencial,CL,PORTUGAL,2,CL PORTUGAL 2 Es:3 Pl:03 Pt:B 40424 EL ESPINAR (SEGOVIA),True,True,
7151904UL9175S0029DZ,7151904,UL9175S,40.778709,-4.220352,81.0,EL ESPINAR,Residencial,CL,PORTUGAL,2,CL PORTUGAL 2 Es:3 Pl:04 Pt:A 40424 EL ESPINAR (SEGOVIA),True,True,
7151904UL9175S0030AL,7151904,UL9175S,40.778709,-4.220352,88.0,EL ESPINAR,Residencial,CL,PORTUGAL,2,CL PORTUGAL 2 Es:3 Pl:04 Pt:B 40424 EL ESPINAR (SEGOVIA),True,True,
7151904UL9175S0031SB,7151904,UL9175S,40.778709,-4.220352,88.0,EL ESPINAR,Residencial,CL,PORTUGAL,2,CL PORTUGAL 2 Es:3 Pl:04 Pt:C 40424 EL ESPINAR (SEGOVIA),True,True,
7151904UL9175S0032DZ,7151904,UL9175S,40.778709,-4.220352,81.0,EL ESPINAR,Residencial,CL,PORTUGAL,2,CL PORTUGAL 2 Es:3 Pl:04 Pt:D 40424 EL ESPINAR (SEGOVIA),True,True,
7151904UL9175S0033FX,7151904,UL9175S,40.778709,-4.220352,144.0,EL ESPINAR,Residencial,CL,PORTUGAL,2,CL PORTUGAL 2 Es:4 Pl:01 Pt:A 40424 EL ESPINAR (SEGOVIA),True,True,
7151904UL9175S0034GM,7151904,UL9175S,40.778709,-4.220352,127.0,EL ESPINAR,Residencial,CL,PORTUGAL,2,CL PORTUGAL 2 Es:4 Pl:01 Pt:B 40424 EL ESPINAR (SEGOVIA),True,True,
7151904UL9175S0035HQ,7151904,UL9175S,40.778709,-4.220352,144.0,EL ESPINAR,Residencial,CL,PORTUGAL,2,CL PORTUGAL 2 Es:4 Pl:02 Pt:A 40424 EL ESPINAR (SEGOVIA),True,True,
7151904UL9175S0036JW,7151904,UL9175S,40.778709,-4.220352,127.0,EL ESPINAR,Residencial,CL,PORTUGAL,2,CL PORTUGAL 2 Es:4 Pl:02 Pt:B 40424 EL ESPINAR (SEGOVIA),True,True,
7151904UL9175S0037KE,7151904,UL9175S,40.778709,-4.220352,144.0,EL ESPINAR,Residencial,CL,PORTUGAL,2,CL PORTUGAL 2 Es:4 Pl:03 Pt:A 40424 EL ESPINAR (SEGOVIA),True,True,
7151904UL9175S0038LR,7151904,UL9175S,40.778709,-4.220352,127.0,EL ESPINAR,Residencial,CL,PORTUGAL,2,CL PORTUGAL 2 Es:4 Pl:03 Pt:B 40424 EL ESPINAR (SEGOVIA),True,True,
7151904UL9175S0039BT,7151904,UL9175S,40.778709,-4.220352,81.0,EL ESPINAR,Residencial,CL,PORTUGAL,2,CL PORTUGAL 2 Es:4 Pl:04 Pt:A 40424 EL ESPINAR (SEGOVIA),True,True,
7151904UL9175S0040KE,7151904,UL9175S,40.778709,-4.220352,88.0,EL ESPINAR,Residencial,CL,PORTUGAL,2,CL PORTUGAL 2 Es:4 Pl:04 Pt:B 40424 EL ESPINAR (SEGOVIA),True,True,
7151904UL9175S0041LR,7151904,UL9175S,40.778709,-4.220352,88.0,EL ESPINAR,Residencial,CL,PORTUGAL,2,CL PORTUGAL 2 Es:4 Pl:04 Pt:C 40424 EL ESPINAR (SEGOVIA),True,True,
7151904UL9175S0042BT,7151904,UL9175S,40.778709,-4.220352,81.0,EL ESPINAR,Residencial,CL,PORTUGAL,2,CL PORTUGAL 2 Es:4 Pl:04 Pt:D 40424 EL ESPINAR (SEGOVIA),True,True,
7151905UL9175S0001MX,7151905,UL9175S,40.778259,-4.220464,94.0,EL ESPINAR,Comercial,CL,PORTUGAL,1,CL PORTUGAL 1 Es:1 Pl:00 Pt:A 40424 EL ESPINAR (SEGOVIA),False,False,
7151905UL9175S0002QM,7151905,UL9175S,40.778259,-4.220464,94.0,EL ESPINAR,Comercial,CL,PORTUGAL,1,CL PORTUGAL 1 Es:1 Pl:00 Pt:B 40424 EL ESPINAR (SEGOVIA),False,False,
7151905UL9175S0003WQ,7151905,UL9175S,40.778259,-4.220464,144.0,EL ESPINAR,Residencial,CL,PORTUGAL,1,CL PORTUGAL 1 Es:1 Pl:01 Pt:A 40424 EL ESPINAR (SEGOVIA),True,True,
7151905UL9175S0004EW,7151905,UL9175S,40.778259,-4.220464,127.0,EL ESPINAR,Residencial,CL,PORTUGAL,1,CL PORTUGAL 1 Es:1 Pl:01 Pt:B 40424 EL ESPINAR (SEGOVIA),True,True,
7151905UL9175S0005RE,7151905,UL9175S,40.778259,-4.220464,144.0,EL ESPINAR,Residencial,CL,PORTUGAL,1,CL PORTUGAL 1 Es:1 Pl:02 Pt:A 40424 EL ESPINAR (SEGOVIA),True,True,
7151905UL9175S0006TR,7151905,UL9175S,40.778259,-4.220464,127.0,EL ESPINAR,Residencial,CL,PORTUGAL,1,CL PORTUGAL 1 Es:1 Pl:02 Pt:B 40424 EL ESPINAR (SEGOVIA),True,True,
7151905UL9175S0007YT,7151905,UL9175S,40.778259,-4.220464,144.0,EL ESPINAR,Residencial,CL,PORTUGAL,1,CL PORTUGAL 1 Es:1 Pl:03 Pt:A 40424 EL ESPINAR (SEGOVIA),True,True,
7151905UL9175S0008UY,7151905,UL9175S,40.778259,-4.220464,127.0,EL ESPINAR,Residencial,CL,PORTUGAL,1,CL PORTUGAL 1 Es:1 Pl:03 Pt:B 40424 EL ESPINAR (SEGOVIA),True,True,
7151905UL9175S0009IU,7151905,UL9175S,40.778259,-4.220464,81.0,EL ESPINAR,Residencial,CL,PORTUGAL,1,CL PORTUGAL 1 Es:1 Pl:04 Pt:A 40424 EL ESPINAR (SEGOVIA),True,True,
7151905UL9175S0010YT,7151905,UL9175S,40.778259,-4.220464,88.0,EL ESPINAR,Residencial,CL,PORTUGAL,1,CL PORTUGAL 1 Es:1 Pl:04 Pt:B 40424 EL ESPINAR (SEGOVIA),True,True,
7151905UL9175S0011UY,7151905,UL9175S,40.778259,-4.220464,88.0,EL ESPINAR,Residencial,CL,PORTUGAL,1,CL PORTUGAL 1 Es:1 Pl:04 Pt:C 40424 EL ESPINAR (SEGOVIA),True,True,
7151905UL9175S0012IU,7151905,UL9175S,40.778259,-4.220464,81.0,EL ESPINAR,Residencial,CL,PORTUGAL,1,CL PORTUGAL 1 Es:1 Pl:04 Pt:D 40424 EL ESPINAR (SEGOVIA),True,True,
7151905UL9175S0013OI,7151905,UL9175S,40.778259,-4.220464,144.0,EL ESPINAR,Residencial,CL,PORTUGAL,1,CL PORTUGAL 1 Es:2 Pl:01 Pt:A 40424 EL ESPINAR (SEGOVIA),True,True,
7151905UL9175S0014PO,7151905,UL9175S,40.778259,-4.220464,127.0,EL ESPINAR,Residencial,CL,PORTUGAL,1,CL PORTUGAL 1 Es:2 Pl:01 Pt:B 40424 EL ESPINAR (SEGOVIA),True,True,
7151905UL9175S0015AP,7151905,UL9175S,40.778259,-4.220464,144.0,EL ESPINAR,Residencial,CL,PORTUGAL,1,CL PORTUGAL 1 Es:2 Pl:02 Pt:A 40424 EL ESPINAR (SEGOVIA),True,True,
7151905UL9175S0016SA,7151905,UL9175S,40.778259,-4.220464,127.0,EL ESPINAR,Residencial,CL,PORTUGAL,1,CL PORTUGAL 1 Es:2 Pl:02 Pt:B 40424 EL ESPINAR (SEGOVIA),True,True,
7151905UL9175S0017DS,7151905,UL9175S,40.778259,-4.220464,144.0,EL ESPINAR,Residencial,CL,PORTUGAL,1,CL PORTUGAL 1 Es:2 Pl:03 Pt:A 40424 EL ESPINAR (SEGOVIA),True,True,
7151905UL9175S0018FD,7151905,UL9175S,40.778259,-4.220464,127.0,EL ESPINAR,Residencial,CL,PORTUGAL,1,CL PORTUGAL 1 Es:2 Pl:03 Pt:B 40424 EL ESPINAR (SEGOVIA),True,True,
7151905UL9175S0019GF,7151905,UL9175S,40.778259,-4.220464,81.0,EL ESPINAR,Residencial,CL,PORTUGAL,1,CL PORTUGAL 1 Es:2 Pl:04 Pt:A 40424 EL ESPINAR (SEGOVIA),True,True,
7151905UL9175S0020DS,7151905,UL9175S,40.778259,-4.220464,88.0,EL ESPINAR,Residencial,CL,PORTUGAL,1,CL PORTUGAL 1 Es:2 Pl:04 Pt:B 40424 EL ESPINAR (SEGOVIA),True,True,
7151905UL9175S0021FD,7151905,UL9175S,40.778259,-4.220464,88.0,EL ESPINAR,Residencial,CL,PORTUGAL,1,CL PORTUGAL 1 Es:2 Pl:04 Pt:C 40424 EL ESPINAR (SEGOVIA),True,True,
7151905UL9175S0022GF,7151905,UL9175S,40.778259,-4.220464,81.0,EL ESPINAR,Residencial,CL,PORTUGAL,1,CL PORTUGAL 1 Es:2 Pl:04 Pt:D 40424 EL ESPINAR (SEGOVIA),True,True,
7151905UL9175S0023HG,7151905,UL9175S,40.778259,-4.220464,144.0,EL ESPINAR,Residencial,CL,PORTUGAL,1,CL PORTUGAL 1 Es:3 Pl:01 Pt:A 40424 EL ESPINAR (SEGOVIA),True,True,
7151905UL9175S0024JH,7151905,UL9175S,40.778259,-4.220464,127.0,EL ESPINAR,Residencial,CL,PORTUGAL,1,CL PORTUGAL 1 Es:3 Pl:01 Pt:B 40424 EL ESPINAR (SEGOVIA),True,True,
7151905UL9175S0025KJ,7151905,UL9175S,40.778259,-4.220464,144.0,EL ESPINAR,Residencial,CL,PORTUGAL,1,CL PORTUGAL 1 Es:3 Pl:02 Pt:A 40424 EL ESPINAR (SEGOVIA),True,True,
7151905UL9175S0026LK,7151905,UL9175S,40.778259,-4.220464,127.0,EL ESPINAR,Residencial,CL,PORTUGAL,1,CL PORTUGAL 1 Es:3 Pl:02 Pt:B 40424 EL ESPINAR (SEGOVIA),True,True,
7151905UL9175S0027BL,7151905,UL9175S,40.778259,-4.220464,144.0,EL ESPINAR,Residencial,CL,PORTUGAL,1,CL PORTUGAL 1 Es:3 Pl:03 Pt:A 40424 EL ESPINAR (SEGOVIA),True,True,
7151905UL9175S0028ZB,7151905,UL9175S,40.778259,-4.220464,127.0,EL ESPINAR,Residencial,CL,PORTUGAL,1,CL PORTUGAL 1 Es:3 Pl:03 Pt:B 40424 EL ESPINAR (SEGOVIA),True,True,
7151905UL9175S0029XZ,7151905,UL9175S,40.778259,-4.220464,81.0,EL ESPINAR,Residencial,CL,PORTUGAL,1,CL PORTUGAL 1 Es:3 Pl:04 Pt:A 40424 EL ESPINAR (SEGOVIA),True,True,
7151905UL9175S0030BL,7151905,UL9175S,40.778259,-4.220464,88.0,EL ESPINAR,Residencial,CL,PORTUGAL,1,CL PORTUGAL 1 Es:3 Pl:04 Pt:B 40424 EL ESPINAR (SEGOVIA),True,True,
7151905UL9175S0031ZB,7151905,UL9175S,40.778259,-4.220464,88.0,EL ESPINAR,Residencial,CL,PORTUGAL,1,CL PORTUGAL 1 Es:3 Pl:04 Pt:C 40424 EL ESPINAR (SEGOVIA),True,True,
7151905UL9175S0032XZ,7151905,UL9175S,40.778259,-4.220464,81.0,EL ESPINAR,Residencial,CL,PORTUGAL,1,CL PORTUGAL 1 Es:3 Pl:04 Pt:D 40424 EL ESPINAR (SEGOVIA),True,True,
7151905UL9175S0033MX,7151905,UL9175S,40.778259,-4.220464,144.0,EL ESPINAR,Residencial,CL,PORTUGAL,1,CL PORTUGAL 1 Es:4 Pl:01 Pt:A 40424 EL ESPINAR (SEGOVIA),True,True,
7151905UL9175S0034QM,7151905,UL9175S,40.778259,-4.220464,127.0,EL ESPINAR,Residencial,CL,PORTUGAL,1,CL PORTUGAL 1 Es:4 Pl:01 Pt:B 40424 EL ESPINAR (SEGOVIA),True,True,
7151905UL9175S0035WQ,7151905,UL9175S,40.778259,-4.220464,144.0,EL ESPINAR,Residencial,CL,PORTUGAL,1,CL PORTUGAL 1 Es:4 Pl:02 Pt:A 40424 EL ESPINAR (SEGOVIA),True,True,
7151905UL9175S0036EW,7151905,UL9175S,40.778259,-4.220464,127.0,EL ESPINAR,Residencial,CL,PORTUGAL,1,CL PORTUGAL 1 Es:4 Pl:02 Pt:B 40424 EL ESPINAR (SEGOVIA),True,True,
7151905UL9175S0037RE,7151905,UL9175S,40.778259,-4.220464,144.0,EL ESPINAR,Residencial,CL,PORTUGAL,1,CL PORTUGAL 1 Es:4 Pl:03 Pt:A 40424 EL ESPINAR (SEGOVIA),True,True,
7151905UL9175S0038TR,7151905,UL9175S,40.778259,-4.220464,127.0,EL ESPINAR,Residencial,CL,PORTUGAL,1,CL PORTUGAL 1 Es:4 Pl:03 Pt:B 40424 EL ESPINAR (SEGOVIA),True,True,
7151905UL9175S0039YT,7151905,UL9175S,40.778259,-4.220464,81.0,EL ESPINAR,Residencial,CL,PORTUGAL,1,CL PORTUGAL 1 Es:4 Pl:04 Pt:A 40424 EL ESPINAR (SEGOVIA),True,True,
7151905UL9175S0040RE,7151905,UL9175S,40.778259,-4.220464,88.0,EL ESPINAR,Residencial,CL,PORTUGAL,1,CL PORTUGAL 1 Es:4 Pl:04 Pt:B 40424 EL ESPINAR (SEGOVIA),True,True,
7151905UL9175S0041TR,7151905,UL9175S,40.778259,-4.220464,88.0,EL ESPINAR,Residencial,CL,PORTUGAL,1,CL PORTUGAL 1 Es:4 Pl:04 Pt:C 40424 EL ESPINAR (SEGOVIA),True,True,
7151905UL9175S0042YT,7151905,UL9175S,40.778259,-4.220464,81.0,EL ESPINAR,Residencial,CL,PORTUGAL,1,CL PORTUGAL 1 Es:4 Pl:04 Pt:D 40424 EL ESPINAR (SEGOVIA),True,True,
7158704UL9175N0000JD,7158704,UL9175N,40.784941,-4.222974,0.0,EL ESPINAR,Agrario,CL,TURIN,552,CL TURIN 552 Suelo EL ESPINAR (SEGOVIA),False,False,
7158704UL9175N0001KF,7158704,UL9175N,40.784941,-4.222974,0.0,EL ESPINAR,"Obras de urbanización y jardineria, suelos sin edificar",CL,TURIN,552,CL TURIN 552 Suelo EL ESPINAR (SEGOVIA),False,False,
7158705UL9175N0000ED,7158705,UL9175N,40.785196,-4.222374,0.0,EL ESPINAR,Agrario,CL,TURIN,553,CL TURIN 553 Suelo EL ESPINAR (SEGOVIA),False,False,
7158705UL9175N0001RF,7158705,UL9175N,40.785196,-4.222374,0.0,EL ESPINAR,"Obras de urbanización y jardineria, suelos sin edificar",CL,TURIN,553,CL TURIN 553 Suelo EL ESPINAR (SEGOVIA),False,False,
7158712UL9175N0000HD,7158712,UL9175N,40.784962,-4.219995,0.0,EL ESPINAR,Agrario,CL,LOURDES,558,CL LOURDES 558 Suelo 40400 EL ESPINAR (SEGOVIA),False,False,
7158712UL9175N0001JF,7158712,UL9175N,40.784962,-4.219995,0.0,EL ESPINAR,"Obras de urbanización y jardineria, suelos sin edificar",CL,LOURDES,558,CL LOURDES 558 Suelo 40400 EL ESPINAR (SEGOVIA),False,False,
7158713UL9175N0000WD,7158713,UL9175N,40.78469,-4.219082,0.0,EL ESPINAR,Agrario,CL,LOURDES,560,CL LOURDES 560 40400 EL ESPINAR (SEGOVIA),False,False,
7158713UL9175N0001EF,7158713,UL9175N,40.78469,-4.219082,137.0,EL ESPINAR,Residencial,CL,LOURDES,560,CL LOURDES 560 40400 EL ESPINAR (SEGOVIA),True,True,
7344846UL9174S0001FT,7344846,UL9174S,40.776052,-4.211162,220.0,EL ESPINAR,Residencial,AV,FRANCIA,358,AV FRANCIA 358 Es:E Pl:01 Pt:DR 40400 EL ESPINAR (SEGOVIA),True,True,
7344846UL9174S0002GY,7344846,UL9174S,40.776052,-4.211162,220.0,EL ESPINAR,Residencial,AV,FRANCIA,358,AV FRANCIA 358 Es:E Pl:01 Pt:IZ 40400 EL ESPINAR (SEGOVIA),True,True,
7947701UL9174N0001WB,7947701,UL9174N,40.775298,-4.211351,81.0,EL ESPINAR,Residencial,CL,RIO MOROS,1,CL RIO MOROS 1 Es:1 Pl:01 Pt:A 40400 EL ESPINAR (SEGOVIA),True,True,
7947701UL9174N0002EZ,7947701,UL9174N,40.775298,-4.211351,91.0,EL ESPINAR,Residencial,CL,RIO MOROS,1,CL RIO MOROS 1 Es:1 Pl:01 Pt:B 40400 EL ESPINAR (SEGOVIA),True,True,
7947701UL9174N0003RX,7947701,UL9174N,40.775298,-4.211351,81.0,EL ESPINAR,Residencial,CL,RIO MOROS,1,CL RIO MOROS 1 Es:1 Pl:01 Pt:C 40400 EL ESPINAR (SEGOVIA),True,True,
7947701UL9174N0004TM,7947701,UL9174N,40.775298,-4.211351,81.0,EL ESPINAR,Residencial,CL,RIO MOROS,1,CL RIO MOROS 1 Es:1 Pl:01 Pt:D 40400 EL ESPINAR (SEGOVIA),True,True,
7947701UL9174N0005YQ,7947701,UL9174N,40.775298,-4.211351,81.0,EL ESPINAR,Residencial,CL,RIO MOROS,1,CL RIO MOROS 1 Es:1 Pl:02 Pt:A 40400 EL ESPINAR (SEGOVIA),True,True,
7947701UL9174N0006UW,7947701,UL9174N,40.775298,-4.211351,91.0,EL ESPINAR,Residencial,CL,RIO MOROS,1,CL RIO MOROS 1 Es:1 Pl:02 Pt:B 40400 EL ESPINAR (SEGOVIA),True,True,
7947701UL9174N0007IE,7947701,UL9174N,40.775298,-4.211351,81.0,EL ESPINAR,Residencial,CL,RIO MOROS,1,CL RIO MOROS 1 Es:1 Pl:02 Pt:C 40400 EL ESPINAR (SEGOVIA),True,True,
7947701UL9174N0008OR,7947701,UL9174N,40.775298,-4.211351,81.0,EL ESPINAR,Residencial,CL,RIO MOROS,1,CL RIO MOROS 1 Es:1 Pl:02 Pt:D 40400 EL ESPINAR (SEGOVIA),True,True,
7947701UL9174N0009PT,7947701,UL9174N,40.775298,-4.211351,81.0,EL ESPINAR,Residencial,CL,RIO MOROS,1,CL RIO MOROS 1 Es:1 Pl:03 Pt:A 40400 EL ESPINAR (SEGOVIA),True,True,
7947701UL9174N0010IE,7947701,UL9174N,40.775298,-4.211351,91.0,EL ESPINAR,Residencial,CL,RIO MOROS,1,CL RIO MOROS 1 Es:1 Pl:03 Pt:B 40400 EL ESPINAR (SEGOVIA),True,True,
7947701UL9174N0011OR,7947701,UL9174N,40.775298,-4.211351,81.0,EL ESPINAR,Residencial,CL,RIO MOROS,1,CL RIO MOROS 1 Es:1 Pl:03 Pt:C 40400 EL ESPINAR (SEGOVIA),True,True,
7947701UL9174N0012PT,7947701,UL9174N,40.775298,-4.211351,81.0,EL ESPINAR,Residencial,CL,RIO MOROS,1,CL RIO MOROS 1 Es:1 Pl:03 Pt:D 40400 EL ESPINAR (SEGOVIA),True,True,
7947701UL9174N0013AY,7947701,UL9174N,40.775298,-4.211351,81.0,EL ESPINAR,Residencial,CL,RIO MOROS,1,CL RIO MOROS 1 Es:1 Pl:04 Pt:A 40400 EL ESPINAR (SEGOVIA),True,True,
7947701UL9174N0014SU,7947701,UL9174N,40.775298,-4.211351,91.0,EL ESPINAR,Residencial,CL,RIO MOROS,1,CL RIO MOROS 1 Es:1 Pl:04 Pt:B 40400 EL ESPINAR (SEGOVIA),True,True,
7947701UL9174N0015DI,7947701,UL9174N,40.775298,-4.211351,81.0,EL ESPINAR,Residencial,CL,RIO MOROS,1,CL RIO MOROS 1 Es:1 Pl:04 Pt:C 40400 EL ESPINAR (SEGOVIA),True,True,
7947701UL9174N0016FO,7947701,UL9174N,40.775298,-4.211351,81.0,EL ESPINAR,Residencial,CL,RIO MOROS,1,CL RIO MOROS 1 Es:1 Pl:04 Pt:D 40400 EL ESPINAR (SEGOVIA),True,True,
7947701UL9174N0017GP,7947701,UL9174N,40.775298,-4.211351,81.0,EL ESPINAR,Residencial,CL,RIO MOROS,1,CL RIO MOROS 1 Es:1 Pl:05 Pt:A 40400 EL ESPINAR (SEGOVIA),True,True,
7947701UL9174N0018HA,7947701,UL9174N,40.775298,-4.211351,91.0,EL ESPINAR,Residencial,CL,RIO MOROS,1,CL RIO MOROS 1 Es:1 Pl:05 Pt:B 40400 EL ESPINAR (SEGOVIA),True,True,
7947701UL9174N0019JS,7947701,UL9174N,40.775298,-4.211351,81.0,EL ESPINAR,Residencial,CL,RIO MOROS,1,CL RIO MOROS 1 Es:1 Pl:05 Pt:C 40400 EL ESPINAR (SEGOVIA),True,True,
7947701UL9174N0020GP,7947701,UL9174N,40.775298,-4.211351,81.0,EL ESPINAR,Residencial,CL,RIO MOROS,1,CL RIO MOROS 1 Es:1 Pl:05 Pt:D 40400 EL ESPINAR (SEGOVIA),True,True,
7947701UL9174N0021HA,7947701,UL9174N,40.775298,-4.211351,81.0,EL ESPINAR,Residencial,CL,RIO MOROS,1,CL RIO MOROS 1 Es:1 Pl:06 Pt:A 40400 EL ESPINAR (SEGOVIA),True,True,
7947701UL9174N0022JS,7947701,UL9174N,40.775298,-4.211351,91.0,EL ESPINAR,Residencial,CL,RIO MOROS,1,CL RIO MOROS 1 Es:1 Pl:06 Pt:B 40400 EL ESPINAR (SEGOVIA),True,True,
7947701UL9174N0023KD,7947701,UL9174N,40.775298,-4.211351,81.0,EL ESPINAR,Residencial,CL,RIO MOROS,1,CL RIO MOROS 1 Es:1 Pl:06 Pt:C 40400 EL ESPINAR (SEGOVIA),True,True,
7947701UL9174N0024LF,7947701,UL9174N,40.775298,-4.211351,81.0,EL ESPINAR,Residencial,CL,RIO MOROS,1,CL RIO MOROS 1 Es:1 Pl:06 Pt:D 40400 EL ESPINAR (SEGOVIA),True,True,
7947701UL9174N0025BG,7947701,UL9174N,40.775298,-4.211351,81.0,EL ESPINAR,Residencial,CL,RIO MOROS,1,CL RIO MOROS 1 Es:1 Pl:07 Pt:A 40400 EL ESPINAR (SEGOVIA),True,True,
7947701UL9174N0026ZH,7947701,UL9174N,40.775298,-4.211351,91.0,EL ESPINAR,Residencial,CL,RIO MOROS,1,CL RIO MOROS 1 Es:1 Pl:07 Pt:B 40400 EL ESPINAR (SEGOVIA),True,True,
7947701UL9174N0027XJ,7947701,UL9174N,40.775298,-4.211351,81.0,EL ESPINAR,Residencial,CL,RIO MOROS,1,CL RIO MOROS 1 Es:1 Pl:07 Pt:C 40400 EL ESPINAR (SEGOVIA),True,True,
7947701UL9174N0028MK,7947701,UL9174N,40.775298,-4.211351,81.0,EL ESPINAR,Residencial,CL,RIO MOROS,1,CL RIO MOROS 1 Es:E Pl:07 Pt:D 40400 EL ESPINAR (SEGOVIA),True,True,
7947701UL9174N0029QL,7947701,UL9174N,40.775298,-4.211351,81.0,EL ESPINAR,Residencial,CL,RIO MOROS,1,CL RIO MOROS 1 Es:1 Pl:08 Pt:A 40400 EL ESPINAR (SEGOVIA),True,True,
7947701UL9174N0030XJ,7947701,UL9174N,40.775298,-4.211351,91.0,EL ESPINAR,Residencial,CL,RIO MOROS,1,CL RIO MOROS 1 Es:1 Pl:08 Pt:B 40400 EL ESPINAR (SEGOVIA),True,True,
7947701UL9174N0031MK,7947701,UL9174N,40.775298,-4.211351,81.0,EL ESPINAR,Residencial,CL,RIO MOROS,1,CL RIO MOROS 1 Es:1 Pl:08 Pt:C 40400 EL ESPINAR (SEGOVIA),True,True,
7947701UL9174N0032QL,7947701,UL9174N,40.775298,-4.211351,81.0,EL ESPINAR,Residencial,CL,RIO MOROS,1,CL RIO MOROS 1 Es:1 Pl:08 Pt:D 40400 EL ESPINAR (SEGOVIA),True,True,
7947701UL9174N0033WB,7947701,UL9174N,40.775298,-4.211351,21.0,EL ESPINAR,Almacen-Estacionamiento.Uso Residencial,CL,RIO MOROS,1,CL RIO MOROS 1 Es:1 Pl:00 Pt:01 40400 EL ESPINAR (SEGOVIA),True,True,
7947701UL9174N0034EZ,7947701,UL9174N,40.775298,-4.211351,54.0,EL ESPINAR,Almacen-Estacionamiento.Uso Residencial,CL,RIO MOROS,1,CL RIO MOROS 1 Es:1 Pl:00 Pt:02 40400 EL ESPINAR (SEGOVIA),True,True,
7947701UL9174N0035RX,7947701,UL9174N,40.775298,-4.211351,46.0,EL ESPINAR,Almacen-Estacionamiento.Uso Residencial,CL,RIO MOROS,1,CL RIO MOROS 1 Es:1 Pl:00 Pt:03 40400 EL ESPINAR (SEGOVIA),True,True,
7947701UL9174N0036TM,7947701,UL9174N,40.775298,-4.211351,47.0,EL ESPINAR,Almacen-Estacionamiento.Uso Residencial,CL,RIO MOROS,1,CL RIO MOROS 1 Es:1 Pl:00 Pt:04 40400 EL ESPINAR (SEGOVIA),True,True,
7947703UL9174N0001BB,7947703,UL9174N,40.774743,-4.211041,56.0,EL ESPINAR,Residencial,CL,RIO EBRO,2,CL RIO EBRO 2 Es:E Pl:07 Pt:03 40424 EL ESPINAR (SEGOVIA),True,True,
7947703UL9174N0002ZZ,7947703,UL9174N,40.774743,-4.211041,56.0,EL ESPINAR,Residencial,CL,RIO EBRO,2,CL RIO EBRO 2 Es:1 Pl:01 Pt:01 40424 EL ESPINAR (SEGOVIA),True,True,
7947703UL9174N0003XX,7947703,UL9174N,40.774743,-4.211041,56.0,EL ESPINAR,Residencial,CL,RIO EBRO,2,CL RIO EBRO 2 Es:1 Pl:01 Pt:02 40424 EL ESPINAR (SEGOVIA),True,True,
7947703UL9174N0004MM,7947703,UL9174N,40.774743,-4.211041,56.0,EL ESPINAR,Residencial,CL,RIO EBRO,2,CL RIO EBRO 2 Es:1 Pl:01 Pt:C 40424 EL ESPINAR (SEGOVIA),True,True,
7947703UL9174N0005QQ,7947703,UL9174N,40.774743,-4.211041,56.0,EL ESPINAR,Residencial,CL,RIO EBRO,2,CL RIO EBRO 2 Es:1 Pl:01 Pt:04 40424 EL ESPINAR (SEGOVIA),True,True,
7947703UL9174N0006WW,7947703,UL9174N,40.774743,-4.211041,56.0,EL ESPINAR,Residencial,CL,RIO EBRO,2,CL RIO EBRO 2 Es:1 Pl:01 Pt:05 40424 EL ESPINAR (SEGOVIA),True,True,
7947703UL9174N0007EE,7947703,UL9174N,40.774743,-4.211041,56.0,EL ESPINAR,Residencial,CL,RIO EBRO,2,CL RIO EBRO 2 Es:1 Pl:01 Pt:06 40424 EL ESPINAR (SEGOVIA),True,True,
7947703UL9174N0008RR,7947703,UL9174N,40.774743,-4.211041,56.0,EL ESPINAR,Residencial,CL,RIO EBRO,2,CL RIO EBRO 2 Es:1 Pl:02 Pt:01 40424 EL ESPINAR (SEGOVIA),True,True,
7947703UL9174N0009TT,7947703,UL9174N,40.774743,-4.211041,56.0,EL ESPINAR,Residencial,CL,RIO EBRO,2,CL RIO EBRO 2 Es:1 Pl:02 Pt:02 40424 EL ESPINAR (SEGOVIA),True,True,
7947703UL9174N0010EE,7947703,UL9174N,40.774743,-4.211041,56.0,EL ESPINAR,Residencial,CL,RIO EBRO,2,CL RIO EBRO 2 Es:1 Pl:02 Pt:03 40424 EL ESPINAR (SEGOVIA),True,True,
7947703UL9174N0011RR,7947703,UL9174N,40.774743,-4.211041,56.0,EL ESPINAR,Residencial,CL,RIO EBRO,2,CL RIO EBRO 2 Es:1 Pl:02 Pt:04 40424 EL ESPINAR (SEGOVIA),True,True,
7947703UL9174N0012TT,7947703,UL9174N,40.774743,-4.211041,56.0,EL ESPINAR,Residencial,CL,RIO EBRO,2,CL RIO EBRO 2 Es:1 Pl:02 Pt:05 40424 EL ESPINAR (SEGOVIA),True,True,
7947703UL9174N0013YY,7947703,UL9174N,40.774743,-4.211041,56.0,EL ESPINAR,Residencial,CL,RIO EBRO,2,CL RIO EBRO 2 Es:1 Pl:02 Pt:06 40424 EL ESPINAR (SEGOVIA),True,True,
7947703UL9174N0014UU,7947703,UL9174N,40.774743,-4.211041,56.0,EL ESPINAR,Residencial,CL,RIO EBRO,2,CL RIO EBRO 2 Es:1 Pl:03 Pt:01 40424 EL ESPINAR (SEGOVIA),True,True,
7947703UL9174N0015II,7947703,UL9174N,40.774743,-4.211041,56.0,EL ESPINAR,Residencial,CL,RIO EBRO,2,CL RIO EBRO 2 Es:1 Pl:03 Pt:02 40424 EL ESPINAR (SEGOVIA),True,True,
7947703UL9174N0016OO,7947703,UL9174N,40.774743,-4.211041,56.0,EL ESPINAR,Residencial,CL,RIO EBRO,2,CL RIO EBRO 2 Es:1 Pl:03 Pt:03 40424 EL ESPINAR (SEGOVIA),True,True,
7947703UL9174N0017PP,7947703,UL9174N,40.774743,-4.211041,56.0,EL ESPINAR,Residencial,CL,RIO EBRO,2,CL RIO EBRO 2 Es:1 Pl:03 Pt:04 40424 EL ESPINAR (SEGOVIA),True,True,
7947703UL9174N0018AA,7947703,UL9174N,40.774743,-4.211041,56.0,EL ESPINAR,Residencial,CL,RIO EBRO,2,CL RIO EBRO 2 Es:1 Pl:03 Pt:05 40424 EL ESPINAR (SEGOVIA),True,True,
7947703UL9174N0019SS,7947703,UL9174N,40.774743,-4.211041,56.0,EL ESPINAR,Residencial,CL,RIO EBRO,2,CL RIO EBRO 2 Es:1 Pl:03 Pt:06 40424 EL ESPINAR (SEGOVIA),True,True,
7947703UL9174N0020PP,7947703,UL9174N,40.774743,-4.211041,56.0,EL ESPINAR,Residencial,CL,RIO EBRO,2,CL RIO EBRO 2 Es:1 Pl:04 Pt:01 40424 EL ESPINAR (SEGOVIA),True,True,
7947703UL9174N0021AA,7947703,UL9174N,40.774743,-4.211041,56.0,EL ESPINAR,Residencial,CL,RIO EBRO,2,CL RIO EBRO 2 Es:1 Pl:04 Pt:02 40424 EL ESPINAR (SEGOVIA),True,True,
7947703UL9174N0022SS,7947703,UL9174N,40.774743,-4.211041,56.0,EL ESPINAR,Residencial,CL,RIO EBRO,2,CL RIO EBRO 2 Es:1 Pl:04 Pt:03 40424 EL ESPINAR (SEGOVIA),True,True,
7947703UL9174N0023DD,7947703,UL9174N,40.774743,-4.211041,56.0,EL ESPINAR,Residencial,CL,RIO EBRO,2,CL RIO EBRO 2 Es:1 Pl:04 Pt:04 40424 EL ESPINAR (SEGOVIA),True,True,
7947703UL9174N0024FF,7947703,UL9174N,40.774743,-4.211041,56.0,EL ESPINAR,Residencial,CL,RIO EBRO,2,CL RIO EBRO 2 Es:1 Pl:04 Pt:05 40424 EL ESPINAR (SEGOVIA),True,True,
7947703UL9174N0025GG,7947703,UL9174N,40.774743,-4.211041,56.0,EL ESPINAR,Residencial,CL,RIO EBRO,2,CL RIO EBRO 2 Es:1 Pl:04 Pt:06 40424 EL ESPINAR (SEGOVIA),True,True,
7947703UL9174N0026HH,7947703,UL9174N,40.774743,-4.211041,56.0,EL ESPINAR,Residencial,CL,RIO EBRO,2,CL RIO EBRO 2 Es:1 Pl:05 Pt:01 40424 EL ESPINAR (SEGOVIA),True,True,
7947703UL9174N0027JJ,7947703,UL9174N,40.774743,-4.211041,56.0,EL ESPINAR,Residencial,CL,RIO EBRO,2,CL RIO EBRO 2 Es:1 Pl:05 Pt:02 40424 EL ESPINAR (SEGOVIA),True,True,
7947703UL9174N0028KK,7947703,UL9174N,40.774743,-4.211041,56.0,EL ESPINAR,Residencial,CL,RIO EBRO,2,CL RIO EBRO 2 Es:1 Pl:05 Pt:03 40424 EL ESPINAR (SEGOVIA),True,True,
7947703UL9174N0029LL,7947703,UL9174N,40.774743,-4.211041,56.0,EL ESPINAR,Residencial,CL,RIO EBRO,2,CL RIO EBRO 2 Es:1 Pl:05 Pt:04 40424 EL ESPINAR (SEGOVIA),True,True,
7947703UL9174N0030JJ,7947703,UL9174N,40.774743,-4.211041,56.0,EL ESPINAR,Residencial,CL,RIO EBRO,2,CL RIO EBRO 2 Es:1 Pl:05 Pt:05 40424 EL ESPINAR (SEGOVIA),True,True,
7947703UL9174N0031KK,7947703,UL9174N,40.774743,-4.211041,56.0,EL ESPINAR,Residencial,CL,RIO EBRO,2,CL RIO EBRO 2 Es:1 Pl:05 Pt:06 40424 EL ESPINAR (SEGOVIA),True,True,
7947703UL9174N0032LL,7947703,UL9174N,40.774743,-4.211041,56.0,EL ESPINAR,Residencial,CL,RIO EBRO,2,CL RIO EBRO 2 Es:1 Pl:06 Pt:01 40424 EL ESPINAR (SEGOVIA),True,True,
7947703UL9174N0033BB,7947703,UL9174N,40.774743,-4.211041,56.0,EL ESPINAR,Residencial,CL,RIO EBRO,2,CL RIO EBRO 2 Es:1 Pl:06 Pt:02 40424 EL ESPINAR (SEGOVIA),True,True,
7947703UL9174N0034ZZ,7947703,UL9174N,40.774743,-4.211041,56.0,EL ESPINAR,Residencial,CL,RIO EBRO,2,CL RIO EBRO 2 Es:1 Pl:06 Pt:03 40424 EL ESPINAR (SEGOVIA),True,True,
7947703UL9174N0035XX,7947703,UL9174N,40.774743,-4.211041,56.0,EL ESPINAR,Residencial,CL,RIO EBRO,2,CL RIO EBRO 2 Es:1 Pl:06 Pt:04 40424 EL ESPINAR (SEGOVIA),True,True,
7947703UL9174N0036MM,7947703,UL9174N,40.774743,-4.211041,56.0,EL ESPINAR,Residencial,CL,RIO EBRO,2,CL RIO EBRO 2 Es:1 Pl:06 Pt:05 40424 EL ESPINAR (SEGOVIA),True,True,
7947703UL9174N0037QQ,7947703,UL9174N,40.774743,-4.211041,56.0,EL ESPINAR,Residencial,CL,RIO EBRO,2,CL RIO EBRO 2 Es:1 Pl:06 Pt:06 40424 EL ESPINAR (SEGOVIA),True,True,
7947703UL9174N0038WW,7947703,UL9174N,40.774743,-4.211041,56.0,EL ESPINAR,Residencial,CL,RIO EBRO,2,CL RIO EBRO 2 Es:1 Pl:07 Pt:01 40424 EL ESPINAR (SEGOVIA),True,True,
7947703UL9174N0039EE,7947703,UL9174N,40.774743,-4.211041,56.0,EL ESPINAR,Residencial,CL,RIO EBRO,2,CL RIO EBRO 2 Es:1 Pl:07 Pt:02 40424 EL ESPINAR (SEGOVIA),True,True,
7947703UL9174N0040QQ,7947703,UL9174N,40.774743,-4.211041,56.0,EL ESPINAR,Residencial,CL,RIO EBRO,2,CL RIO EBRO 2 Es:1 Pl:07 Pt:04 40424 EL ESPINAR (SEGOVIA),True,True,
7947703UL9174N0041WW,7947703,UL9174N,40.774743,-4.211041,56.0,EL ESPINAR,Residencial,CL,RIO EBRO,2,CL RIO EBRO 2 Es:1 Pl:07 Pt:05 40424 EL ESPINAR (SEGOVIA),True,True,
7947703UL9174N0042EE,7947703,UL9174N,40.774743,-4.211041,56.0,EL ESPINAR,Residencial,CL,RIO EBRO,2,CL RIO EBRO 2 Es:1 Pl:07 Pt:06 40424 EL ESPINAR (SEGOVIA),True,True,
7947703UL9174N0043RR,7947703,UL9174N,40.774743,-4.211041,56.0,EL ESPINAR,Residencial,CL,RIO EBRO,2,CL RIO EBRO 2 Es:1 Pl:08 Pt:A 40424 EL ESPINAR (SEGOVIA),True,True,
7947703UL9174N0044TT,7947703,UL9174N,40.774743,-4.211041,56.0,EL ESPINAR,Residencial,CL,RIO EBRO,2,CL RIO EBRO 2 Es:1 Pl:08 Pt:02 40424 EL ESPINAR (SEGOVIA),True,True,
7947703UL9174N0045YY,7947703,UL9174N,40.774743,-4.211041,56.0,EL ESPINAR,Residencial,CL,RIO EBRO,2,CL RIO EBRO 2 Es:1 Pl:08 Pt:03 40424 EL ESPINAR (SEGOVIA),True,True,
7947703UL9174N0046UU,7947703,UL9174N,40.774743,-4.211041,56.0,EL ESPINAR,Residencial,CL,RIO EBRO,2,CL RIO EBRO 2 Es:1 Pl:08 Pt:04 40424 EL ESPINAR (SEGOVIA),True,True,
7947703UL9174N0047II,7947703,UL9174N,40.774743,-4.211041,56.0,EL ESPINAR,Residencial,CL,RIO EBRO,2,CL RIO EBRO 2 Es:1 Pl:08 Pt:05 40424 EL ESPINAR (SEGOVIA),True,True,
7947703UL9174N0048OO,7947703,UL9174N,40.774743,-4.211041,56.0,EL ESPINAR,Residencial,CL,RIO EBRO,2,CL RIO EBRO 2 Es:1 Pl:08 Pt:06 40424 EL ESPINAR (SEGOVIA),True,True,
7947703UL9174N0049PP,7947703,UL9174N,40.774743,-4.211041,23.0,EL ESPINAR,Almacen-Estacionamiento.Uso Residencial,CL,RIO EBRO,2,CL RIO EBRO 2 Es:1 Pl:00 Pt:01 40424 EL ESPINAR (SEGOVIA),True,True,
7947703UL9174N0050II,7947703,UL9174N,40.774743,-4.211041,29.0,EL ESPINAR,Almacen-Estacionamiento.Uso Residencial,CL,RIO EBRO,2,CL RIO EBRO 2 Es:1 Pl:00 Pt:02 40424 EL ESPINAR (SEGOVIA),True,True,
7947703UL9174N0051OO,7947703,UL9174N,40.774743,-4.211041,35.0,EL ESPINAR,Almacen-Estacionamiento.Uso Residencial,CL,RIO EBRO,2,CL RIO EBRO 2 Es:1 Pl:00 Pt:03 40424 EL ESPINAR (SEGOVIA),True,True,
7947703UL9174N0052PP,7947703,UL9174N,40.774743,-4.211041,57.0,EL ESPINAR,Almacen-Estacionamiento.Uso Residencial,CL,RIO EBRO,2,CL RIO EBRO 2 Es:1 Pl:00 Pt:04 40424 EL ESPINAR (SEGOVIA),True,True,
7947704UL9174N0002UZ,7947704,UL9174N,40.775008,-4.211497,79.0,EL ESPINAR,Residencial,CL,RIO EBRO,4,CL RIO EBRO 4 Es:1 Pl:01 Pt:A 40424 EL ESPINAR (SEGOVIA),True,True,
7947704UL9174N0003IX,7947704,UL9174N,40.775008,-4.211497,79.0,EL ESPINAR,Residencial,CL,RIO EBRO,4,CL RIO EBRO 4 Es:1 Pl:01 Pt:B 40424 EL ESPINAR (SEGOVIA),True,True,
7947704UL9174N0004OM,7947704,UL9174N,40.775008,-4.211497,88.0,EL ESPINAR,Residencial,CL,RIO EBRO,4,CL RIO EBRO 4 Es:1 Pl:01 Pt:C 40424 EL ESPINAR (SEGOVIA),True,True,
7947704UL9174N0005PQ,7947704,UL9174N,40.775008,-4.211497,79.0,EL ESPINAR,Residencial,CL,RIO EBRO,4,CL RIO EBRO 4 Es:1 Pl:01 Pt:D 40424 EL ESPINAR (SEGOVIA),True,True,
7947704UL9174N0006AW,7947704,UL9174N,40.775008,-4.211497,79.0,EL ESPINAR,Residencial,CL,RIO EBRO,4,CL RIO EBRO 4 Es:1 Pl:02 Pt:A 40424 EL ESPINAR (SEGOVIA),True,True,
7947704UL9174N0007SE,7947704,UL9174N,40.775008,-4.211497,79.0,EL ESPINAR,Residencial,CL,RIO EBRO,4,CL RIO EBRO 4 Es:1 Pl:02 Pt:B 40424 EL ESPINAR (SEGOVIA),True,True,
7947704UL9174N0008DR,7947704,UL9174N,40.775008,-4.211497,88.0,EL ESPINAR,Residencial,CL,RIO EBRO,4,CL RIO EBRO 4 Es:1 Pl:02 Pt:C 40424 EL ESPINAR (SEGOVIA),True,True,
7947704UL9174N0009FT,7947704,UL9174N,40.775008,-4.211497,79.0,EL ESPINAR,Residencial,CL,RIO EBRO,4,CL RIO EBRO 4 Es:1 Pl:02 Pt:D 40424 EL ESPINAR (SEGOVIA),True,True,
7947704UL9174N0010SE,7947704,UL9174N,40.775008,-4.211497,79.0,EL ESPINAR,Residencial,CL,RIO EBRO,4,CL RIO EBRO 4 Es:1 Pl:03 Pt:A 40424 EL ESPINAR (SEGOVIA),True,True,
7947704UL9174N0011DR,7947704,UL9174N,40.775008,-4.211497,79.0,EL ESPINAR,Residencial,CL,RIO EBRO,4,CL RIO EBRO 4 Es:1 Pl:03 Pt:B 40424 EL ESPINAR (SEGOVIA),True,True,
7947704UL9174N0012FT,7947704,UL9174N,40.775008,-4.211497,88.0,EL ESPINAR,Residencial,CL,RIO EBRO,4,CL RIO EBRO 4 Es:1 Pl:03 Pt:C 40424 EL ESPINAR (SEGOVIA),True,True,
7947704UL9174N0013GY,7947704,UL9174N,40.775008,-4.211497,79.0,EL ESPINAR,Residencial,CL,RIO EBRO,4,CL RIO EBRO 4 Es:1 Pl:03 Pt:D 40424 EL ESPINAR (SEGOVIA),True,True,
7947704UL9174N0014HU,7947704,UL9174N,40.775008,-4.211497,79.0,EL ESPINAR,Residencial,CL,RIO EBRO,4,CL RIO EBRO 4 Es:1 Pl:04 Pt:A 40424 EL ESPINAR (SEGOVIA),True,True,
7947704UL9174N0015JI,7947704,UL9174N,40.775008,-4.211497,79.0,EL ESPINAR,Residencial,CL,RIO EBRO,4,CL RIO EBRO 4 Es:1 Pl:04 Pt:B 40424 EL ESPINAR (SEGOVIA),True,True,
7947704UL9174N0016KO,7947704,UL9174N,40.775008,-4.211497,88.0,EL ESPINAR,Residencial,CL,RIO EBRO,4,CL RIO EBRO 4 Es:1 Pl:04 Pt:C 40424 EL ESPINAR (SEGOVIA),True,True,
7947704UL9174N0017LP,7947704,UL9174N,40.775008,-4.211497,79.0,EL ESPINAR,Residencial,CL,RIO EBRO,4,CL RIO EBRO 4 Es:1 Pl:04 Pt:D 40424 EL ESPINAR (SEGOVIA),True,True,
7947704UL9174N0018BA,7947704,UL9174N,40.775008,-4.211497,79.0,EL ESPINAR,Residencial,CL,RIO EBRO,4,CL RIO EBRO 4 Es:1 Pl:05 Pt:A 40424 EL ESPINAR (SEGOVIA),True,True,
7947704UL9174N0019ZS,7947704,UL9174N,40.775008,-4.211497,79.0,EL ESPINAR,Residencial,CL,RIO EBRO,4,CL RIO EBRO 4 Es:1 Pl:05 Pt:B 40424 EL ESPINAR (SEGOVIA),True,True,
7947704UL9174N0020LP,7947704,UL9174N,40.775008,-4.211497,88.0,EL ESPINAR,Residencial,CL,RIO EBRO,4,CL RIO EBRO 4 Es:1 Pl:05 Pt:C 40424 EL ESPINAR (SEGOVIA),True,True,
7947704UL9174N0021BA,7947704,UL9174N,40.775008,-4.211497,79.0,EL ESPINAR,Residencial,CL,RIO EBRO,4,CL RIO EBRO 4 Es:1 Pl:05 Pt:D 40424 EL ESPINAR (SEGOVIA),True,True,
7947704UL9174N0022ZS,7947704,UL9174N,40.775008,-4.211497,79.0,EL ESPINAR,Residencial,CL,RIO EBRO,4,CL RIO EBRO 4 Es:1 Pl:06 Pt:A 40424 EL ESPINAR (SEGOVIA),True,True,
7947704UL9174N0023XD,7947704,UL9174N,40.775008,-4.211497,79.0,EL ESPINAR,Residencial,CL,RIO EBRO,4,CL RIO EBRO 4 Es:1 Pl:06 Pt:B 40424 EL ESPINAR (SEGOVIA),True,True,
7947704UL9174N0024MF,7947704,UL9174N,40.775008,-4.211497,88.0,EL ESPINAR,Residencial,CL,RIO EBRO,4,CL RIO EBRO 4 Es:1 Pl:06 Pt:C 40424 EL ESPINAR (SEGOVIA),True,True,
7947704UL9174N0025QG,7947704,UL9174N,40.775008,-4.211497,79.0,EL ESPINAR,Residencial,CL,RIO EBRO,4,CL RIO EBRO 4 Es:1 Pl:06 Pt:D 40424 EL ESPINAR (SEGOVIA),True,True,
7947704UL9174N0026WH,7947704,UL9174N,40.775008,-4.211497,79.0,EL ESPINAR,Residencial,CL,RIO EBRO,4,CL RIO EBRO 4 Es:1 Pl:07 Pt:A 40424 EL ESPINAR (SEGOVIA),True,True,
7947704UL9174N0027EJ,7947704,UL9174N,40.775008,-4.211497,79.0,EL ESPINAR,Residencial,CL,RIO EBRO,4,CL RIO EBRO 4 Es:1 Pl:07 Pt:B 40424 EL ESPINAR (SEGOVIA),True,True,
7947704UL9174N0028RK,7947704,UL9174N,40.775008,-4.211497,88.0,EL ESPINAR,Residencial,CL,RIO EBRO,4,CL RIO EBRO 4 Es:1 Pl:07 Pt:C 40424 EL ESPINAR (SEGOVIA),True,True,
7947704UL9174N0029TL,7947704,UL9174N,40.775008,-4.211497,79.0,EL ESPINAR,Residencial,CL,RIO EBRO,4,CL RIO EBRO 4 Es:1 Pl:07 Pt:D 40424 EL ESPINAR (SEGOVIA),True,True,
7947704UL9174N0030EJ,7947704,UL9174N,40.775008,-4.211497,79.0,EL ESPINAR,Residencial,CL,RIO EBRO,4,CL RIO EBRO 4 Es:1 Pl:08 Pt:A 40424 EL ESPINAR (SEGOVIA),True,True,
7947704UL9174N0031RK,7947704,UL9174N,40.775008,-4.211497,79.0,EL ESPINAR,Residencial,CL,RIO EBRO,4,CL RIO EBRO 4 Es:1 Pl:08 Pt:B 40424 EL ESPINAR (SEGOVIA),True,True,
7947704UL9174N0032TL,7947704,UL9174N,40.775008,-4.211497,88.0,EL ESPINAR,Residencial,CL,RIO EBRO,4,CL RIO EBRO 4 Es:1 Pl:08 Pt:C 40424 EL ESPINAR (SEGOVIA),True,True,
7947704UL9174N0033YB,7947704,UL9174N,40.775008,-4.211497,79.0,EL ESPINAR,Residencial,CL,RIO EBRO,4,CL RIO EBRO 4 Es:1 Pl:08 Pt:D 40424 EL ESPINAR (SEGOVIA),True,True,
7947704UL9174N0034UZ,7947704,UL9174N,40.775008,-4.211497,20.0,EL ESPINAR,Almacen-Estacionamiento.Uso Residencial,CL,RIO EBRO,4,CL RIO EBRO 4 Es:1 Pl:00 Pt:01 40424 EL ESPINAR (SEGOVIA),True,True,
7947704UL9174N0035IX,7947704,UL9174N,40.775008,-4.211497,68.0,EL ESPINAR,Almacen-Estacionamiento.Uso Residencial,CL,RIO EBRO,4,CL RIO EBRO 4 Es:1 Pl:00 Pt:02 40424 EL ESPINAR (SEGOVIA),True,True,
7947704UL9174N0036OM,7947704,UL9174N,40.775008,-4.211497,48.0,EL ESPINAR,Almacen-Estacionamiento.Uso Residencial,CL,RIO EBRO,4,CL RIO EBRO 4 Es:1 Pl:00 Pt:03 40424 EL ESPINAR (SEGOVIA),True,True,
7947704UL9174N0037PQ,7947704,UL9174N,40.775008,-4.211497,48.0,EL ESPINAR,Almacen-Estacionamiento.Uso Residencial,CL,RIO EBRO,4,CL RIO EBRO 4 Es:1 Pl:00 Pt:04 40424 EL ESPINAR (SEGOVIA),True,True,
8044701UL9184S0001EO,8044701,UL9184S,40.772426,-4.209711,185.0,EL ESPINAR,Residencial,CL,RIO GUADALQUIVIR,55,CL RIO GUADALQUIVIR 55 Es:1 Pl:00 Pt:01 40400 EL ESPINAR (SEGOVIA),True,True,
8044701UL9184S0002RP,8044701,UL9184S,40.772426,-4.209711,185.0,EL ESPINAR,Residencial,CL,RIO GUADALQUIVIR,55,CL RIO GUADALQUIVIR 55 Es:2 Pl:00 Pt:01 40400 EL ESPINAR (SEGOVIA),True,True,
8044701UL9184S0003TA,8044701,UL9184S,40.772426,-4.209711,185.0,EL ESPINAR,Residencial,CL,RIO GUADALQUIVIR,55,CL RIO GUADALQUIVIR 55 Es:3 Pl:00 Pt:01 40400 EL ESPINAR (SEGOVIA),True,True,
8044701UL9184S0004YS,8044701,UL9184S,40.772426,-4.209711,185.0,EL ESPINAR,Residencial,CL,RIO FRIO,11,CL RIO FRIO 11(D) Es:4 Pl:00 Pt:01 40400 EL ESPINAR (SEGOVIA),True,True,
8044701UL9184S0005UD,8044701,UL9184S,40.772426,-4.209711,185.0,EL ESPINAR,Residencial,CL,RIO GUADALQUIVIR,55,CL RIO GUADALQUIVIR 55 Es:5 Pl:00 Pt:01 40400 EL ESPINAR (SEGOVIA),True,True,
8044701UL9184S0006IF,8044701,UL9184S,40.772426,-4.209711,185.0,EL ESPINAR,Residencial,CL,RIO GUADALQUIVIR,55,CL RIO GUADALQUIVIR 55 Es:6 Pl:00 Pt:01 40400 EL ESPINAR (SEGOVIA),True,True,
8044701UL9184S0007OG,8044701,UL9184S,40.772426,-4.209711,185.0,EL ESPINAR,Residencial,CL,RIO GUADALQUIVIR,55,CL RIO GUADALQUIVIR 55 Es:7 Pl:00 Pt:01 40400 EL ESPINAR (SEGOVIA),True,True,
8044701UL9184S0008PH,8044701,UL9184S,40.772426,-4.209711,185.0,EL ESPINAR,Residencial,CL,RIO GUADALQUIVIR,55,CL RIO GUADALQUIVIR 55 Es:8 Pl:00 Pt:01 40400 EL ESPINAR (SEGOVIA),True,True,
8044701UL9184S0009AJ,8044701,UL9184S,40.772426,-4.209711,185.0,EL ESPINAR,Residencial,CL,RIO GUADALQUIVIR,55,CL RIO GUADALQUIVIR 55 Es:9 Pl:00 Pt:01 40400 EL ESPINAR (SEGOVIA),True,True,
8044701UL9184S0010OG,8044701,UL9184S,40.772426,-4.209711,185.0,EL ESPINAR,Residencial,CL,RIO GUADALQUIVIR,15,CL RIO GUADALQUIVIR 15 Es:A Pl:00 Pt:01 EL ESPINAR (SEGOVIA),True,True,
8044701UL9184S0011PH,8044701,UL9184S,40.772426,-4.209711,185.0,EL ESPINAR,Residencial,CL,RIO GUADALQUIVIR,55,CL RIO GUADALQUIVIR 55 Es:B Pl:00 Pt:01 40400 EL ESPINAR (SEGOVIA),True,True,
8044701UL9184S0012AJ,8044701,UL9184S,40.772426,-4.209711,185.0,EL ESPINAR,Residencial,CL,RIO GUADALQUIVIR,55,CL RIO GUADALQUIVIR 55 Es:C Pl:00 Pt:01 40400 EL ESPINAR (SEGOVIA),True,True,
8044701UL9184S0013SK,8044701,UL9184S,40.772426,-4.209711,185.0,EL ESPINAR,Residencial,CL,RIO GUADALQUIVIR,55,CL RIO GUADALQUIVIR 55 Es:D Pl:00 Pt:01 40400 EL ESPINAR (SEGOVIA),True,True,
8044701UL9184S0014DL,8044701,UL9184S,40.772426,-4.209711,185.0,EL ESPINAR,Residencial,CL,RIO GUADALQUIVIR,55,CL RIO GUADALQUIVIR 55 Es:E Pl:00 Pt:01 40400 EL ESPINAR (SEGOVIA),True,True,
8044701UL9184S0015FB,8044701,UL9184S,40.772426,-4.209711,185.0,EL ESPINAR,Residencial,CL,RIO FRIO,10,CL RIO FRIO 10 Es:F Pl:00 Pt:01 40400 EL ESPINAR (SEGOVIA),True,True,
8044701UL9184S0016GZ,8044701,UL9184S,40.772426,-4.209711,185.0,EL ESPINAR,Residencial,CL,RIO GUADALQUIVIR,55,CL RIO GUADALQUIVIR 55 Es:G Pl:00 Pt:01 40400 EL ESPINAR (SEGOVIA),True,True,
